student_id,archetype,mood_score,sleep_hours,study_hours,attendance_pct,internal_marks_avg,days_to_next_exam,assignment_deadlines,placement_anxiety,gate_cat_prep,family_stress,social_isolation,physical_activity_hrs,social_media_hours,burnout_score,burnout_risk_level
STU-0001,struggling,4.7,4.3,4.5,80.3,49.2,86,8,1,1,1,0,0.2,7.2,78.84,Critical
STU-0002,balanced,6.7,7.4,4.9,78.3,76.9,3,8,0,1,0,0,0.4,0.8,47.82,Moderate
STU-0003,balanced,6.2,7.3,4.4,70.7,86.7,0,2,0,0,0,0,1.1,1.8,33.27,Moderate
STU-0004,struggling,3.2,4.6,1.8,66.5,44.8,11,6,1,1,0,1,0.2,3.9,93.22,Critical
STU-0005,balanced,7.2,6.2,6.5,72.2,76.7,68,1,0,0,0,0,0.4,1.0,29.27,Low
STU-0006,at_risk,3.2,3.7,1.8,43.5,20.3,46,3,1,0,0,1,0.0,5.3,90.63,Critical
STU-0007,high_achiever,8.1,5.3,7.4,89.1,80.9,29,1,1,1,0,0,1.2,1.9,41.26,Moderate
STU-0008,overworked,4.2,4.7,10.0,87.8,65.2,85,4,1,0,1,0,0.3,1.3,57.3,High
STU-0009,high_achiever,8.5,7.4,6.9,96.0,87.2,31,2,0,1,0,0,0.7,1.6,29.07,Low
STU-0010,overworked,5.4,6.6,6.0,86.2,70.9,41,0,1,0,0,0,0.3,2.3,35.11,Moderate
STU-0011,balanced,7.0,7.3,7.3,77.9,68.5,72,5,1,0,0,0,1.0,2.3,35.42,Moderate
STU-0012,balanced,6.7,7.4,5.6,89.7,69.4,17,3,0,0,0,0,1.1,1.6,23.06,Low
STU-0013,high_achiever,8.0,6.7,7.0,89.8,76.5,46,3,0,0,0,0,0.8,1.2,23.68,Low
STU-0014,at_risk,2.3,3.9,4.8,50.6,41.1,19,2,1,0,0,0,0.1,2.4,70.26,High
STU-0015,high_achiever,7.8,8.2,6.8,92.5,84.8,67,4,0,1,0,0,0.5,2.0,29.34,Low
STU-0016,at_risk,3.3,2.6,4.1,27.0,45.0,68,4,0,1,0,1,0.5,4.2,86.66,Critical
STU-0017,high_achiever,7.9,6.1,5.1,91.3,78.6,33,8,1,1,0,1,1.2,0.9,52.24,Moderate
STU-0018,high_achiever,7.2,6.3,8.0,84.8,86.4,64,3,0,1,0,0,1.5,0.6,34.01,Moderate
STU-0019,balanced,7.5,7.6,4.0,71.4,79.2,0,5,0,0,0,0,1.3,2.0,32.64,Moderate
STU-0020,overworked,4.5,5.2,9.9,70.9,88.7,30,0,1,1,0,0,0.5,1.2,56.22,High
STU-0021,balanced,6.2,7.6,6.9,75.4,82.7,68,2,0,1,0,0,1.4,2.3,33.25,Moderate
STU-0022,balanced,7.0,6.4,4.4,75.5,74.4,54,3,0,0,0,0,1.3,2.0,28.22,Low
STU-0023,at_risk,2.5,5.0,1.6,70.0,45.5,85,5,0,0,0,1,0.0,4.1,65.82,High
STU-0024,overworked,5.2,5.7,10.2,77.3,61.5,75,8,0,1,1,0,0.0,1.8,59.62,High
STU-0025,balanced,7.4,6.0,5.7,85.1,67.9,4,5,1,1,0,0,1.3,1.8,53.04,Moderate
STU-0026,balanced,7.6,7.4,6.8,90.4,64.0,73,7,1,0,0,0,0.8,2.1,35.47,Moderate
STU-0027,balanced,7.7,9.0,6.2,91.1,82.6,45,6,0,0,1,0,1.5,1.6,24.72,Low
STU-0028,overworked,4.3,4.8,8.8,78.8,93.1,7,6,0,1,0,0,0.0,2.7,61.36,High
STU-0029,high_achiever,7.4,7.3,7.1,85.6,80.7,17,6,0,1,0,0,1.3,1.0,32.38,Moderate
STU-0030,balanced,7.2,6.5,8.1,87.1,58.8,70,1,0,0,1,0,1.3,1.4,33.32,Moderate
STU-0031,balanced,6.4,6.9,6.1,88.9,65.4,30,2,0,0,0,0,1.1,1.5,25.65,Low
STU-0032,overworked,8.1,5.4,7.6,87.2,91.2,0,6,1,0,0,1,0.7,1.0,59.29,High
STU-0033,overworked,7.4,4.3,10.2,85.7,60.7,71,7,0,1,0,0,0.4,0.0,49.35,Moderate
STU-0034,balanced,6.9,6.0,7.5,70.6,71.5,40,0,1,0,0,0,1.3,2.7,33.88,Moderate
STU-0035,balanced,8.4,7.0,4.3,85.7,76.6,65,1,0,0,0,1,1.0,1.8,26.76,Low
STU-0036,at_risk,2.6,4.2,4.4,29.4,60.0,72,3,1,1,0,1,0.0,5.9,91.31,Critical
STU-0037,struggling,4.4,3.8,3.2,56.1,44.9,40,4,1,1,0,0,0.6,5.3,73.68,High
STU-0038,balanced,8.1,7.2,6.5,87.0,68.4,38,7,0,0,0,0,1.0,2.2,27.45,Low
STU-0039,overworked,5.5,5.1,11.4,72.1,75.5,12,1,0,1,0,0,0.3,2.0,58.61,High
STU-0040,struggling,5.2,5.5,5.5,62.3,60.2,31,5,1,1,1,1,0.2,5.3,74.16,High
STU-0041,overworked,5.6,5.6,8.3,98.9,59.9,83,8,1,1,0,0,0.0,3.1,60.61,High
STU-0042,balanced,7.8,7.5,5.5,74.8,75.6,17,4,0,0,0,0,0.9,2.4,23.92,Low
STU-0043,balanced,6.4,6.7,6.0,77.5,68.4,43,3,1,0,0,0,1.3,1.9,33.68,Moderate
STU-0044,struggling,3.3,4.8,1.3,45.1,43.4,6,1,0,0,1,0,0.2,5.3,90.05,Critical
STU-0045,struggling,5.3,4.3,3.5,50.0,51.8,33,2,0,1,1,1,0.2,5.3,72.79,High
STU-0046,high_achiever,8.2,7.6,6.9,93.0,89.1,88,2,0,1,1,0,0.8,1.5,31.18,Moderate
STU-0047,struggling,4.1,3.6,3.5,68.0,69.4,39,5,0,0,1,1,0.6,8.0,69.9,High
STU-0048,at_risk,3.4,3.7,5.3,35.9,27.9,31,1,0,0,0,1,0.0,2.0,73.55,High
STU-0049,overworked,4.4,5.2,10.0,96.8,79.5,30,2,0,0,0,0,0.2,1.5,45.14,Moderate
STU-0050,at_risk,1.2,5.3,3.8,41.0,17.4,42,6,0,0,1,1,0.4,6.0,92.53,Critical
STU-0051,high_achiever,6.5,6.1,7.0,91.2,82.3,13,6,0,0,0,0,1.2,0.9,36.64,Moderate
STU-0052,at_risk,2.6,4.0,3.1,31.1,19.6,39,3,0,0,0,1,0.4,6.9,87.03,Critical
STU-0053,balanced,8.8,7.1,6.9,82.5,91.5,35,5,0,0,0,1,1.9,1.7,28.33,Low
STU-0054,struggling,5.0,6.1,2.1,70.2,64.7,14,4,1,0,0,0,0.0,3.0,44.97,Moderate
STU-0055,balanced,6.9,7.6,7.3,82.6,88.0,40,6,0,0,1,0,0.6,0.8,32.91,Moderate
STU-0056,struggling,4.6,4.5,0.4,60.9,36.3,90,6,1,0,0,1,0.5,5.3,73.84,High
STU-0057,balanced,6.7,6.2,5.4,89.6,67.1,85,3,0,0,0,0,1.4,1.5,27.05,Low
STU-0058,overworked,5.3,4.0,8.7,66.0,89.6,15,4,1,0,0,0,0.4,1.6,55.0,High
STU-0059,struggling,3.8,4.2,4.4,71.1,45.6,24,6,0,0,0,0,0.1,4.4,54.9,Moderate
STU-0060,struggling,1.7,6.1,6.0,59.0,58.9,51,8,1,0,1,0,0.4,9.4,81.05,Critical
STU-0061,high_achiever,7.7,5.8,5.1,92.0,80.5,41,7,1,1,0,0,0.4,1.1,44.63,Moderate
STU-0062,overworked,8.0,5.9,9.5,92.8,70.8,21,1,0,1,0,0,0.1,3.4,40.82,Moderate
STU-0063,overworked,3.9,4.8,8.2,64.2,79.3,30,4,0,0,1,0,1.0,1.1,51.95,Moderate
STU-0064,balanced,6.5,6.6,4.8,75.1,75.4,9,7,1,1,0,0,0.9,2.0,52.04,Moderate
STU-0065,overworked,5.1,4.1,8.6,85.6,75.0,31,2,0,1,0,0,0.1,2.3,51.76,Moderate
STU-0066,struggling,1.5,5.2,2.5,68.8,42.8,54,3,1,0,0,1,0.0,2.4,70.23,High
STU-0067,balanced,7.5,6.3,6.3,68.7,74.5,15,7,0,0,1,0,0.7,1.4,38.03,Moderate
STU-0068,balanced,6.3,6.7,6.7,77.4,81.7,56,8,0,0,0,0,0.7,2.1,36.22,Moderate
STU-0069,overworked,1.8,4.2,10.4,76.0,73.7,57,4,0,1,1,0,0.2,2.3,66.96,High
STU-0070,high_achiever,8.7,6.7,7.4,88.9,82.1,30,4,0,1,0,0,0.8,1.6,30.04,Moderate
STU-0071,overworked,5.9,7.0,10.8,74.7,82.0,10,2,0,1,0,0,0.3,0.6,46.41,Moderate
STU-0072,balanced,5.3,6.7,5.5,95.4,77.6,42,8,0,1,0,0,1.1,2.3,38.41,Moderate
STU-0073,overworked,5.9,5.8,7.3,89.4,73.4,89,0,1,0,0,0,0.3,2.7,44.32,Moderate
STU-0074,at_risk,2.7,3.7,1.3,35.3,48.0,49,6,0,0,1,1,0.0,6.3,87.14,Critical
STU-0075,struggling,4.7,4.9,5.1,55.9,48.8,34,6,0,0,0,0,0.0,4.1,58.26,High
STU-0076,overworked,6.6,4.1,10.8,91.6,74.1,59,2,1,0,0,0,1.0,1.6,46.26,Moderate
STU-0077,at_risk,1.0,5.0,3.0,47.2,41.4,10,6,1,0,1,1,0.0,10.0,100.0,Critical
STU-0078,balanced,7.3,7.6,6.1,83.8,68.7,41,5,0,1,0,0,1.4,2.9,33.64,Moderate
STU-0079,high_achiever,9.1,6.1,5.8,90.4,85.3,10,7,1,0,0,0,1.4,0.6,40.01,Moderate
STU-0080,balanced,7.0,6.7,4.3,68.8,81.6,83,0,0,0,0,0,1.2,1.0,23.48,Low
STU-0081,high_achiever,7.5,7.7,6.7,83.5,83.5,16,7,0,1,1,0,0.9,0.1,36.83,Moderate
STU-0082,struggling,3.7,5.3,6.3,75.5,48.8,21,1,1,1,0,0,0.0,8.7,69.98,High
STU-0083,high_achiever,7.8,6.5,7.2,90.3,81.6,73,6,1,1,0,0,0.8,1.4,41.47,Moderate
STU-0084,overworked,4.4,5.1,9.1,93.0,45.0,13,4,0,1,0,0,0.7,3.2,61.84,High
STU-0085,at_risk,2.2,3.1,0.0,36.3,24.7,44,8,1,1,0,1,0.5,8.1,100.0,Critical
STU-0086,overworked,6.6,3.9,8.7,82.9,57.8,62,1,1,1,0,0,0.6,2.0,53.19,Moderate
STU-0087,overworked,6.6,5.4,9.0,89.6,59.2,22,8,1,0,0,1,0.6,2.7,56.4,High
STU-0088,at_risk,2.8,2.2,3.4,45.2,31.7,55,4,1,0,1,1,0.3,4.8,92.72,Critical
STU-0089,overworked,3.2,5.6,7.6,95.5,49.2,59,6,1,0,1,0,0.9,2.4,59.81,High
STU-0090,overworked,4.7,5.4,9.4,89.0,71.1,33,5,1,1,0,0,0.4,1.9,56.91,High
STU-0091,overworked,6.0,3.3,7.5,85.4,71.7,24,1,0,0,0,0,0.3,2.2,42.21,Moderate
STU-0092,balanced,6.7,6.4,5.7,74.2,78.3,62,7,0,0,0,0,0.5,2.4,35.54,Moderate
STU-0093,high_achiever,8.0,7.2,9.0,96.1,74.0,74,5,1,1,0,0,0.5,1.1,42.21,Moderate
STU-0094,overworked,6.3,4.3,9.8,70.4,63.9,89,7,0,1,0,0,0.0,1.5,52.87,Moderate
STU-0095,overworked,4.0,6.1,8.1,100.0,74.9,68,2,1,1,1,1,0.5,1.5,63.79,High
STU-0096,balanced,6.6,7.1,8.6,81.2,84.2,76,4,0,0,0,0,0.9,1.8,32.73,Moderate
STU-0097,at_risk,1.9,5.3,3.1,39.6,45.6,90,8,0,0,1,1,0.3,7.4,84.71,Critical
STU-0098,balanced,6.5,6.8,5.4,87.0,76.4,81,7,1,1,0,0,0.7,2.0,46.47,Moderate
STU-0099,balanced,7.8,7.9,6.5,85.7,74.4,6,4,1,0,0,0,0.5,2.1,40.2,Moderate
STU-0100,at_risk,2.8,2.2,0.4,63.8,37.5,80,0,1,0,1,1,0.2,6.3,87.33,Critical
STU-0101,balanced,8.1,6.6,5.6,78.3,71.5,71,6,0,0,1,0,1.1,1.9,30.68,Moderate
STU-0102,struggling,5.9,3.4,3.2,56.7,69.4,56,4,0,1,0,0,0.4,6.3,60.08,High
STU-0103,at_risk,2.8,4.4,2.1,64.0,31.8,12,3,0,0,1,1,0.4,10.0,95.76,Critical
STU-0104,struggling,3.3,6.2,5.9,55.7,47.0,20,0,1,1,1,0,0.2,2.8,65.02,High
STU-0105,overworked,4.0,4.2,9.4,80.3,85.5,36,7,0,1,1,0,0.1,3.0,64.25,High
STU-0106,balanced,7.2,7.5,4.2,85.1,76.3,25,6,1,0,0,0,1.4,2.0,36.04,Moderate
STU-0107,balanced,6.6,6.6,4.8,77.6,69.9,7,2,1,1,0,0,1.7,2.7,44.74,Moderate
STU-0108,high_achiever,7.1,6.8,6.3,94.2,86.2,59,4,0,0,0,0,0.4,2.2,31.88,Moderate
STU-0109,struggling,3.1,4.0,3.9,66.0,59.9,5,6,0,0,1,1,0.9,4.5,86.89,Critical
STU-0110,high_achiever,6.7,6.0,7.0,100.0,81.9,73,0,0,1,0,0,1.1,1.4,34.76,Moderate
STU-0111,at_risk,5.0,3.0,1.3,63.7,46.2,60,8,1,0,1,1,0.5,7.4,85.17,Critical
STU-0112,struggling,4.9,5.8,4.7,68.1,64.8,62,1,0,1,0,0,0.7,6.9,52.09,Moderate
STU-0113,overworked,5.2,5.1,11.3,69.8,73.7,52,7,1,1,1,1,0.3,2.2,76.35,Critical
STU-0114,overworked,5.8,5.0,7.5,85.5,76.5,40,4,0,0,0,0,1.0,2.0,37.01,Moderate
STU-0115,overworked,5.9,6.6,9.4,80.8,76.1,84,8,0,1,0,0,0.5,1.8,46.08,Moderate
STU-0116,overworked,7.1,4.0,9.7,71.0,82.0,56,0,1,1,0,0,0.0,1.8,54.47,Moderate
STU-0117,balanced,8.8,6.9,4.8,97.0,63.4,15,0,0,0,0,0,0.3,2.1,20.8,Low
STU-0118,at_risk,1.5,4.2,2.4,39.5,22.6,70,6,1,0,1,1,0.3,7.5,100.0,Critical
STU-0119,balanced,9.0,6.1,3.7,76.5,74.6,19,7,0,0,0,0,1.3,1.7,26.81,Low
STU-0120,at_risk,1.2,4.9,1.9,64.8,42.1,60,3,1,0,1,1,0.2,7.3,86.41,Critical
STU-0121,overworked,6.5,6.3,9.8,85.1,69.1,17,1,1,1,0,0,0.8,1.7,48.03,Moderate
STU-0122,overworked,5.4,3.6,9.7,71.2,78.4,0,4,0,1,0,0,0.2,1.8,69.05,High
STU-0123,high_achiever,7.4,5.0,5.1,94.8,89.7,57,8,0,0,0,0,1.2,0.9,35.17,Moderate
STU-0124,overworked,5.5,3.8,11.8,86.8,67.8,24,3,1,0,0,0,0.4,2.4,53.33,Moderate
STU-0125,struggling,3.6,3.7,2.0,58.6,73.6,90,6,1,0,1,0,0.5,3.9,69.99,High
STU-0126,overworked,7.6,5.9,9.6,71.5,77.0,4,2,0,0,0,0,0.5,2.9,46.47,Moderate
STU-0127,struggling,5.6,3.9,5.5,64.4,75.0,67,7,1,0,0,0,0.1,7.4,66.1,High
STU-0128,balanced,6.5,6.6,5.1,85.4,79.2,33,5,1,0,0,1,1.0,1.8,46.92,Moderate
STU-0129,struggling,6.6,5.0,3.6,63.4,59.4,68,6,1,1,1,0,0.0,4.4,63.22,High
STU-0130,at_risk,2.9,4.1,1.3,70.0,23.3,79,1,1,0,1,1,0.0,6.6,86.4,Critical
STU-0131,balanced,8.9,6.6,6.8,81.7,73.6,12,1,0,0,0,1,1.6,2.2,27.3,Low
STU-0132,overworked,7.7,6.4,8.6,82.0,74.9,37,5,0,0,1,0,0.5,1.8,35.35,Moderate
STU-0133,overworked,5.5,6.2,10.3,74.3,77.7,21,2,1,1,0,0,0.0,3.1,52.13,Moderate
STU-0134,balanced,6.8,6.1,3.9,91.3,71.3,18,3,0,0,0,0,1.3,1.8,28.92,Low
STU-0135,overworked,5.6,3.7,11.0,73.1,54.4,36,8,1,1,1,0,0.3,3.4,77.11,Critical
STU-0136,balanced,6.9,6.7,5.1,98.6,78.1,54,4,0,0,0,0,1.4,2.4,28.11,Low
STU-0137,overworked,5.1,4.8,9.4,77.6,77.3,48,5,1,0,0,1,0.4,2.8,59.64,High
STU-0138,struggling,4.1,2.1,4.9,66.2,64.0,35,0,0,1,0,0,0.0,7.9,68.51,High
STU-0139,struggling,5.7,3.3,4.4,49.4,44.5,63,4,0,0,1,0,0.9,4.5,64.73,High
STU-0140,high_achiever,8.5,6.8,7.2,92.8,99.4,32,2,1,0,0,0,1.0,1.5,30.72,Moderate
STU-0141,struggling,5.7,5.9,4.5,48.3,71.6,74,5,0,0,1,0,0.0,5.3,54.79,Moderate
STU-0142,high_achiever,7.7,6.7,7.4,93.1,94.7,16,8,1,1,0,0,1.2,1.3,43.92,Moderate
STU-0143,at_risk,3.7,2.3,2.9,58.5,34.4,61,4,1,0,1,1,0.4,5.9,89.92,Critical
STU-0144,high_achiever,7.7,6.5,5.7,83.8,94.6,28,6,1,1,0,0,0.7,0.9,39.35,Moderate
STU-0145,at_risk,1.9,2.2,4.5,63.1,29.7,68,1,0,0,0,1,0.6,8.2,83.26,Critical
STU-0146,overworked,1.8,7.0,7.4,61.5,80.2,47,1,0,0,0,0,1.1,3.3,44.74,Moderate
STU-0147,struggling,4.9,5.5,4.6,65.4,53.3,78,3,1,0,0,1,0.3,3.7,60.01,High
STU-0148,struggling,1.5,4.4,2.0,48.8,54.2,14,2,0,0,0,0,0.7,6.2,63.87,High
STU-0149,balanced,6.2,7.8,4.3,80.2,79.4,68,2,1,0,1,0,0.8,1.9,34.68,Moderate
STU-0150,overworked,4.6,5.3,7.1,82.4,69.8,75,2,1,0,0,0,0.6,2.4,47.63,Moderate
STU-0151,at_risk,2.6,3.1,2.2,56.1,38.6,35,0,1,0,1,0,0.1,4.8,77.23,Critical
STU-0152,struggling,1.9,6.6,1.6,53.7,43.4,87,5,1,0,1,1,0.6,4.4,79.0,Critical
STU-0153,struggling,3.0,4.8,2.2,85.0,37.7,15,7,0,0,1,1,0.4,5.8,73.51,High
STU-0154,balanced,7.0,6.9,5.6,80.8,82.7,42,3,1,0,0,1,2.1,1.5,34.44,Moderate
STU-0155,at_risk,2.4,6.0,0.8,70.0,58.1,75,3,0,0,0,1,0.0,7.3,65.39,High
STU-0156,high_achiever,7.5,6.4,6.3,85.9,81.1,35,2,1,0,0,0,0.5,1.4,33.18,Moderate
STU-0157,at_risk,2.7,1.9,2.5,60.5,15.0,16,0,1,0,1,0,0.2,8.7,91.08,Critical
STU-0158,overworked,8.0,5.4,8.4,77.4,75.6,16,6,0,1,1,0,0.4,2.6,45.34,Moderate
STU-0159,struggling,4.3,2.8,3.3,51.2,43.2,13,7,0,0,0,0,0.7,6.4,83.06,Critical
STU-0160,struggling,2.4,4.1,5.3,63.7,75.0,66,4,0,1,0,0,0.4,5.1,63.89,High
STU-0161,overworked,5.7,4.8,10.6,87.6,62.1,87,1,0,1,0,0,0.0,0.7,50.11,Moderate
STU-0162,overworked,3.8,2.8,10.1,100.0,69.9,8,2,0,1,1,0,0.7,2.3,72.16,High
STU-0163,overworked,6.9,4.7,9.9,81.2,63.3,67,4,0,1,0,0,0.7,2.1,45.14,Moderate
STU-0164,overworked,6.3,4.1,9.5,77.9,80.9,83,8,0,1,0,0,0.5,2.2,54.2,Moderate
STU-0165,high_achiever,8.9,6.9,7.0,84.4,78.6,58,6,1,1,0,0,0.9,1.1,37.32,Moderate
STU-0166,overworked,5.6,5.5,9.4,82.9,70.6,19,7,1,1,0,0,0.0,1.4,57.17,High
STU-0167,balanced,6.0,7.5,7.3,91.8,73.3,16,8,0,1,1,0,1.8,1.9,39.55,Moderate
STU-0168,balanced,6.6,6.8,5.0,83.4,76.3,85,6,0,0,0,0,1.2,2.1,31.75,Moderate
STU-0169,at_risk,3.4,2.0,0.0,62.0,21.6,73,8,0,0,1,1,0.1,3.9,84.5,Critical
STU-0170,balanced,7.7,7.6,4.8,61.3,70.6,47,1,0,0,1,0,1.4,0.9,28.18,Low
STU-0171,high_achiever,7.8,6.9,7.1,86.1,92.2,79,8,0,0,0,0,0.9,1.4,27.79,Low
STU-0172,balanced,6.8,6.3,5.3,95.7,64.0,89,4,0,0,0,0,0.6,2.7,32.22,Moderate
STU-0173,at_risk,1.8,4.5,1.1,70.0,46.1,8,2,1,1,1,1,0.0,10.0,100.0,Critical
STU-0174,high_achiever,8.4,6.7,8.6,98.8,85.2,58,5,0,1,0,0,0.7,1.6,33.43,Moderate
STU-0175,balanced,9.2,7.1,5.1,83.5,64.2,6,2,0,0,0,0,0.8,2.5,26.14,Low
STU-0176,balanced,6.2,7.4,6.9,87.8,83.0,62,7,0,0,0,0,0.9,0.9,32.85,Moderate
STU-0177,overworked,5.0,4.7,11.5,83.6,74.6,86,7,1,1,0,1,1.0,1.7,69.19,High
STU-0178,struggling,4.1,4.8,5.8,68.1,58.5,26,4,1,1,0,1,0.6,4.3,68.24,High
STU-0179,at_risk,1.5,1.5,5.1,31.5,35.3,63,6,0,0,1,1,0.0,6.8,100.0,Critical
STU-0180,balanced,8.1,6.5,5.3,84.3,73.0,45,1,0,0,0,0,1.8,2.1,21.74,Low
STU-0181,overworked,6.5,6.2,9.8,65.0,74.0,40,6,0,1,0,1,0.2,1.8,55.47,High
STU-0182,struggling,5.9,4.5,4.0,82.4,54.9,41,2,0,0,1,1,1.0,5.6,53.28,Moderate
STU-0183,high_achiever,8.4,6.8,8.5,94.4,84.2,13,3,0,0,0,0,0.5,1.3,29.75,Low
STU-0184,overworked,4.6,5.6,12.0,81.9,58.0,28,5,1,1,0,0,0.5,3.2,63.01,High
STU-0185,high_achiever,7.7,6.5,6.1,94.2,84.3,44,5,1,0,0,0,1.2,1.0,33.43,Moderate
STU-0186,high_achiever,8.4,6.2,9.1,89.0,86.3,25,2,0,0,0,0,1.4,0.7,23.39,Low
STU-0187,struggling,1.7,6.0,2.7,85.0,45.2,63,7,0,0,1,0,0.4,7.1,69.51,High
STU-0188,high_achiever,9.4,7.3,8.2,94.0,89.7,81,5,0,1,0,0,0.8,1.0,29.02,Low
STU-0189,at_risk,2.3,3.0,3.0,62.3,39.1,38,4,1,1,1,1,0.4,3.9,90.43,Critical
STU-0190,struggling,2.9,2.3,3.4,60.5,70.2,47,4,1,1,1,1,0.5,3.3,87.13,Critical
STU-0191,balanced,8.4,7.5,5.2,74.3,72.0,59,8,0,0,0,0,1.6,2.9,27.69,Low
STU-0192,at_risk,2.0,2.4,2.2,21.5,41.9,24,5,0,1,0,1,0.1,5.3,95.62,Critical
STU-0193,struggling,4.8,3.9,1.7,30.0,51.7,43,1,1,0,1,0,0.8,7.3,77.45,Critical
STU-0194,struggling,3.1,5.1,2.0,65.6,61.2,66,2,1,1,1,0,0.7,4.6,67.73,High
STU-0195,overworked,4.2,4.2,9.2,81.7,79.1,6,5,0,1,0,0,0.2,3.4,75.14,Critical
STU-0196,balanced,7.2,6.4,2.6,89.1,80.9,84,2,1,0,0,0,1.1,1.8,34.03,Moderate
STU-0197,overworked,3.2,4.5,10.7,65.5,72.9,89,6,0,1,0,0,0.0,2.6,64.73,High
STU-0198,balanced,5.6,7.9,4.6,75.5,76.6,42,2,0,1,0,0,1.7,1.2,29.72,Low
STU-0199,struggling,4.6,5.3,3.8,57.6,42.1,82,6,0,0,0,0,0.3,3.2,50.62,Moderate
STU-0200,struggling,4.7,5.6,0.0,49.9,59.4,62,3,1,0,0,1,0.9,4.8,63.02,High
STU-0201,balanced,7.0,8.1,4.7,75.6,71.1,69,8,1,1,0,0,0.8,1.9,42.87,Moderate
STU-0202,balanced,7.5,6.8,5.1,69.5,82.1,20,2,0,0,1,0,1.2,1.7,34.82,Moderate
STU-0203,high_achiever,8.0,6.0,6.5,96.7,85.7,52,5,0,0,0,0,0.4,1.9,29.16,Low
STU-0204,struggling,6.8,5.8,2.8,77.4,52.8,57,3,1,0,1,0,0.6,5.5,51.24,Moderate
STU-0205,struggling,3.0,5.7,3.0,57.2,40.5,47,7,1,0,1,0,0.4,7.9,77.2,Critical
STU-0206,overworked,5.5,6.4,9.4,82.5,59.4,25,2,1,1,0,0,0.5,2.1,51.55,Moderate
STU-0207,at_risk,3.7,6.0,2.9,52.9,40.3,66,1,1,0,1,0,0.0,6.9,71.18,High
STU-0208,overworked,5.8,6.3,8.0,89.4,83.2,55,1,0,1,0,1,0.4,0.5,44.43,Moderate
STU-0209,at_risk,3.8,3.5,0.5,40.4,48.1,6,6,1,0,1,1,0.2,5.7,100.0,Critical
STU-0210,struggling,3.4,3.4,5.9,58.1,66.6,12,5,1,0,1,1,0.8,6.3,91.11,Critical
STU-0211,high_achiever,8.1,6.5,5.9,92.6,77.9,17,7,1,1,0,0,1.5,1.2,40.27,Moderate
STU-0212,overworked,5.9,4.7,10.4,73.3,78.7,70,8,1,1,1,0,0.0,2.3,69.91,High
STU-0213,overworked,4.0,4.3,10.3,79.8,73.5,81,7,0,1,1,0,0.5,2.7,65.32,High
STU-0214,balanced,7.6,6.8,6.3,97.2,73.9,73,3,0,0,0,0,0.8,2.5,26.27,Low
STU-0215,high_achiever,6.1,7.1,6.4,90.5,87.0,23,1,1,1,0,0,1.1,1.8,38.32,Moderate
STU-0216,struggling,4.8,4.2,4.6,69.4,40.8,64,8,1,0,0,0,0.6,4.0,65.69,High
STU-0217,balanced,7.6,8.5,5.2,79.2,74.8,2,5,0,1,0,0,1.1,2.3,33.84,Moderate
STU-0218,high_achiever,7.0,5.8,8.1,99.6,84.4,42,2,1,0,0,0,0.9,1.4,39.81,Moderate
STU-0219,balanced,6.3,7.2,6.7,86.0,76.5,59,7,0,0,0,0,1.6,0.2,29.97,Low
STU-0220,struggling,3.0,2.3,4.3,78.5,50.4,37,3,0,1,0,0,0.6,7.2,73.2,High
STU-0221,balanced,8.8,7.6,5.6,69.2,73.0,69,7,1,1,0,0,0.9,3.1,39.93,Moderate
STU-0222,overworked,5.7,5.6,9.6,95.0,63.8,83,5,0,1,0,0,0.5,1.6,45.47,Moderate
STU-0223,overworked,4.6,5.0,8.9,71.1,55.9,49,5,0,1,0,0,0.4,1.0,55.55,High
STU-0224,at_risk,2.6,2.0,1.5,36.7,41.8,10,6,1,0,0,1,0.4,2.4,100.0,Critical
STU-0225,balanced,7.0,7.5,5.8,76.0,72.4,10,5,0,0,0,0,0.9,2.4,31.18,Moderate
STU-0226,struggling,6.9,4.4,2.4,43.8,30.4,44,7,1,0,1,0,0.0,5.2,77.19,Critical
STU-0227,balanced,5.6,7.7,4.9,83.2,87.9,7,1,0,0,0,0,1.6,1.6,25.84,Low
STU-0228,struggling,1.0,3.6,3.2,50.2,50.4,3,2,1,0,0,1,0.3,4.5,100.0,Critical
STU-0229,high_achiever,7.9,6.8,5.7,98.1,84.4,82,5,0,1,0,0,1.0,1.8,32.35,Moderate
STU-0230,overworked,6.9,5.3,8.6,81.6,58.6,47,5,0,1,1,0,0.4,2.2,49.59,Moderate
STU-0231,overworked,5.3,3.1,8.7,78.9,71.6,35,3,1,1,0,0,0.1,3.2,61.73,High
STU-0232,at_risk,3.5,3.9,1.0,70.0,23.7,15,4,1,1,1,0,0.3,8.2,87.14,Critical
STU-0233,high_achiever,8.9,6.3,7.3,92.3,84.2,62,3,0,1,0,0,1.3,1.8,26.25,Low
STU-0234,balanced,8.5,5.7,6.7,91.0,66.3,11,5,0,0,0,0,1.0,1.1,32.04,Moderate
STU-0235,struggling,3.5,5.4,5.5,78.7,45.3,20,2,0,0,1,1,0.2,2.3,56.22,High
STU-0236,high_achiever,8.6,7.6,5.5,88.0,84.8,63,0,0,1,0,0,1.1,1.0,23.6,Low
STU-0237,overworked,4.8,5.0,10.3,78.1,65.6,11,1,0,1,0,1,0.4,2.1,63.54,High
STU-0238,overworked,5.1,6.6,10.3,75.0,77.0,73,1,0,0,0,0,0.3,3.1,39.87,Moderate
STU-0239,balanced,7.1,7.4,3.6,73.0,65.4,16,8,0,1,0,0,1.3,2.8,39.76,Moderate
STU-0240,struggling,5.0,5.1,0.8,55.5,42.5,7,1,1,0,1,0,0.1,4.5,74.67,High
STU-0241,struggling,1.0,5.4,1.9,64.9,75.0,66,4,1,1,0,1,0.0,1.0,71.94,High
STU-0242,high_achiever,8.7,7.9,5.5,93.5,82.2,38,8,1,0,0,0,1.0,2.7,29.63,Low
STU-0243,balanced,7.5,7.4,6.8,82.8,77.5,79,5,0,0,0,0,1.0,2.0,24.77,Low
STU-0244,high_achiever,8.3,6.2,7.5,90.9,91.8,82,4,0,0,1,1,1.0,0.5,39.67,Moderate
STU-0245,struggling,2.6,3.7,2.6,78.5,26.4,80,8,0,0,0,0,1.0,6.4,69.74,High
STU-0246,overworked,5.4,5.3,10.3,84.5,75.6,38,7,0,1,0,0,0.4,2.0,51.48,Moderate
STU-0247,balanced,7.0,7.9,6.2,60.0,80.2,77,2,1,0,0,0,1.3,1.8,32.22,Moderate
STU-0248,overworked,7.2,5.9,8.3,82.1,60.3,16,5,0,0,0,0,0.0,1.7,38.14,Moderate
STU-0249,struggling,5.4,5.1,4.6,68.2,44.3,18,1,1,1,1,0,0.4,6.0,68.87,High
STU-0250,balanced,8.4,7.6,5.9,90.6,74.8,20,5,0,0,0,0,0.8,1.7,21.81,Low
STU-0251,at_risk,1.8,3.4,0.8,43.4,15.3,59,7,0,1,1,0,0.1,6.2,95.48,Critical
STU-0252,at_risk,3.2,4.4,0.0,36.6,28.8,30,3,1,1,1,1,0.0,7.9,100.0,Critical
STU-0253,struggling,3.6,2.1,4.5,47.1,52.7,86,7,1,1,0,0,0.4,6.8,86.77,Critical
STU-0254,overworked,1.0,5.2,12.2,90.4,72.1,46,6,1,1,1,0,0.3,2.8,77.07,Critical
STU-0255,overworked,6.2,5.5,11.1,100.0,73.9,9,6,1,1,1,0,0.2,2.2,68.2,High
STU-0256,struggling,3.0,4.0,2.7,63.8,42.1,15,2,0,1,0,0,0.6,4.8,65.91,High
STU-0257,at_risk,2.2,3.7,3.2,35.0,30.1,18,3,1,0,1,0,0.0,3.5,85.32,Critical
STU-0258,struggling,3.3,5.5,3.9,64.3,62.2,60,8,1,1,1,0,0.3,5.4,73.94,High
STU-0259,overworked,5.9,4.4,6.0,76.7,84.2,20,6,0,1,0,0,0.7,3.0,50.24,Moderate
STU-0260,at_risk,2.6,3.7,1.1,43.3,45.4,68,7,0,0,1,0,0.3,5.9,78.43,Critical
STU-0261,high_achiever,7.8,6.9,5.3,80.0,81.7,53,4,1,0,0,0,0.5,1.1,33.35,Moderate
STU-0262,high_achiever,7.4,7.5,7.4,92.5,88.7,83,3,0,0,1,0,0.5,1.9,29.54,Low
STU-0263,high_achiever,8.3,5.7,5.1,95.1,87.3,48,2,0,1,0,0,0.6,1.0,34.48,Moderate
STU-0264,high_achiever,6.8,7.6,5.9,94.2,83.0,56,5,1,0,0,0,1.2,1.1,32.08,Moderate
STU-0265,overworked,5.6,4.0,10.6,72.9,67.7,60,0,1,1,0,0,0.1,0.2,57.92,High
STU-0266,high_achiever,9.7,7.0,7.0,89.7,85.1,48,5,0,0,0,0,1.2,0.8,21.78,Low
STU-0267,at_risk,3.2,4.2,2.7,48.3,46.1,87,4,1,0,1,1,0.2,5.5,83.73,Critical
STU-0268,struggling,4.2,6.4,1.6,44.4,54.0,38,4,1,1,0,1,0.3,5.1,75.39,Critical
STU-0269,high_achiever,7.6,7.5,5.1,86.9,84.4,35,4,0,1,0,0,0.3,1.3,34.02,Moderate
STU-0270,balanced,7.2,7.2,4.0,77.1,72.0,18,4,0,0,0,0,1.1,2.6,27.35,Low
STU-0271,balanced,6.1,7.2,6.1,91.1,87.6,61,3,0,1,0,0,0.8,1.3,32.33,Moderate
STU-0272,balanced,7.0,7.4,6.7,81.4,72.4,78,3,0,0,0,0,1.3,1.3,27.19,Low
STU-0273,balanced,5.6,7.1,7.9,82.1,73.5,52,5,0,0,0,1,1.1,1.7,40.58,Moderate
STU-0274,high_achiever,6.0,7.6,5.3,89.7,82.4,20,6,1,0,1,0,1.2,0.6,40.73,Moderate
STU-0275,struggling,7.0,2.9,3.8,54.1,57.1,36,5,0,0,0,0,0.3,3.8,55.27,High
STU-0276,overworked,8.2,4.8,10.6,65.1,60.4,4,2,1,0,0,0,0.5,3.4,64.76,High
STU-0277,overworked,5.0,5.0,7.6,84.0,78.8,63,2,0,0,1,0,0.3,1.8,44.42,Moderate
STU-0278,at_risk,2.1,3.4,5.1,44.3,33.7,72,1,0,0,0,1,0.0,7.7,84.41,Critical
STU-0279,at_risk,1.9,4.8,4.1,39.0,15.6,17,8,1,0,1,1,0.3,4.8,99.82,Critical
STU-0280,overworked,2.5,5.9,7.7,85.3,70.1,32,2,1,1,1,0,0.1,1.9,61.94,High
STU-0281,balanced,7.3,7.5,7.9,69.5,87.9,78,6,0,0,0,0,1.2,1.3,26.63,Low
STU-0282,high_achiever,7.6,7.1,6.8,98.6,76.3,17,7,0,1,0,0,1.0,0.8,34.02,Moderate
STU-0283,overworked,6.8,4.6,6.0,80.0,74.4,42,4,1,1,1,0,0.5,3.2,54.49,Moderate
STU-0284,struggling,5.0,5.9,0.8,65.8,45.9,85,1,1,1,1,1,0.3,5.3,71.45,High
STU-0285,overworked,4.5,5.0,7.9,67.1,76.8,39,1,1,0,0,0,0.1,2.7,52.23,Moderate
STU-0286,struggling,1.4,3.7,5.3,50.2,46.4,61,2,0,0,1,0,0.4,6.0,74.66,High
STU-0287,overworked,4.6,6.4,12.1,87.8,70.9,68,3,0,1,0,0,0.2,1.5,50.76,Moderate
STU-0288,high_achiever,8.1,7.5,7.8,83.5,91.3,67,5,0,0,0,0,0.6,1.2,26.12,Low
STU-0289,balanced,9.2,9.0,6.2,80.5,79.3,73,8,0,1,0,0,1.6,1.6,25.59,Low
STU-0290,balanced,7.4,7.4,6.3,85.4,81.7,74,7,0,0,1,0,1.0,1.5,30.19,Moderate
STU-0291,balanced,7.6,7.6,6.0,95.4,75.0,58,0,0,0,0,0,1.5,1.1,17.67,Low
STU-0292,struggling,5.0,5.5,3.1,61.1,33.8,0,3,0,0,1,1,0.2,6.1,89.79,Critical
STU-0293,struggling,4.8,4.6,3.5,54.1,60.4,8,7,1,0,1,0,0.4,5.5,79.71,Critical
STU-0294,balanced,5.0,7.9,4.9,75.1,80.5,82,6,0,0,0,0,1.0,2.4,32.31,Moderate
STU-0295,overworked,6.5,3.6,11.3,80.6,66.3,10,8,0,1,0,0,0.4,0.8,65.65,High
STU-0296,balanced,6.2,5.9,3.7,90.9,70.0,16,3,0,1,0,0,1.8,1.5,32.48,Moderate
STU-0297,high_achiever,6.9,7.4,6.8,88.3,86.0,54,8,0,0,0,0,1.2,2.0,31.09,Moderate
STU-0298,overworked,5.0,3.7,8.9,80.6,60.4,14,0,1,1,1,1,0.1,2.5,70.42,High
STU-0299,high_achiever,7.8,6.0,6.7,86.4,90.3,26,1,0,0,0,1,1.4,0.5,29.25,Low
STU-0300,balanced,5.7,6.5,5.4,70.4,67.6,5,6,1,0,0,1,0.8,1.9,63.86,High
STU-0301,overworked,4.4,5.2,8.7,75.3,86.7,37,3,0,0,0,1,0.8,1.2,49.1,Moderate
STU-0302,high_achiever,8.4,5.7,8.0,98.7,78.3,41,3,0,1,0,0,0.6,1.9,35.48,Moderate
STU-0303,overworked,6.3,5.3,10.1,64.7,80.5,7,8,1,0,1,0,0.8,2.0,65.98,High
STU-0304,at_risk,1.0,4.0,2.9,47.1,51.5,63,0,0,0,1,1,0.0,7.3,81.52,Critical
STU-0305,at_risk,2.5,3.3,2.3,42.5,36.4,53,6,0,0,0,1,0.3,5.3,80.91,Critical
STU-0306,balanced,8.9,8.1,3.9,87.5,71.0,38,2,0,0,0,0,1.3,2.0,15.37,Low
STU-0307,high_achiever,7.2,6.0,5.9,86.8,84.6,17,6,0,0,0,0,0.7,1.7,34.45,Moderate
STU-0308,balanced,6.6,7.2,6.1,85.8,75.6,11,8,1,0,0,0,1.5,2.1,40.07,Moderate
STU-0309,high_achiever,8.5,7.1,6.1,91.2,89.1,9,3,1,1,0,0,0.9,1.9,43.88,Moderate
STU-0310,high_achiever,7.2,5.5,7.4,94.6,83.6,42,4,0,0,0,0,1.6,0.7,30.96,Moderate
STU-0311,at_risk,1.9,5.2,5.0,36.5,31.4,61,3,1,0,0,1,0.3,5.4,86.14,Critical
STU-0312,struggling,4.0,2.2,3.5,53.7,46.1,36,6,0,0,1,1,0.7,2.9,77.21,Critical
STU-0313,overworked,5.1,4.7,10.7,81.4,75.7,59,1,0,1,0,0,0.7,1.9,47.78,Moderate
STU-0314,high_achiever,6.9,5.9,10.5,97.2,76.9,40,6,0,0,0,0,0.5,1.6,39.99,Moderate
STU-0315,balanced,7.7,6.8,5.3,84.6,75.7,74,6,0,0,1,0,0.3,1.7,32.72,Moderate
STU-0316,overworked,5.8,7.0,10.1,74.9,79.2,70,5,1,1,0,0,0.5,2.5,51.7,Moderate
STU-0317,overworked,8.6,3.9,10.2,68.7,75.6,21,5,0,0,0,0,0.1,1.9,42.69,Moderate
STU-0318,balanced,8.2,7.7,4.0,82.4,69.3,82,0,0,0,0,0,0.7,1.7,18.41,Low
STU-0319,struggling,7.6,5.0,1.4,55.2,64.3,0,6,0,1,0,1,0.9,2.4,66.06,High
STU-0320,balanced,9.1,7.3,4.5,86.3,53.9,58,5,0,1,0,0,1.2,2.0,31.13,Moderate
STU-0321,balanced,6.2,7.1,4.4,84.0,67.8,2,0,0,0,0,0,1.0,1.2,33.42,Moderate
STU-0322,struggling,5.3,4.2,3.6,44.6,48.4,36,0,1,1,0,0,0.3,8.7,75.29,Critical
STU-0323,struggling,6.2,5.7,3.9,83.1,56.5,12,8,0,0,0,1,0.4,4.7,61.53,High
STU-0324,balanced,8.3,6.5,3.9,80.4,68.6,50,1,1,0,0,0,1.2,2.5,29.28,Low
STU-0325,overworked,5.4,5.1,10.8,55.5,63.9,87,1,1,1,0,0,0.5,3.2,62.0,High
STU-0326,struggling,1.2,5.2,2.5,47.7,44.5,70,7,0,0,1,1,0.2,3.9,76.38,Critical
STU-0327,balanced,8.1,8.0,6.3,72.9,73.4,42,1,1,1,0,0,1.2,2.2,32.47,Moderate
STU-0328,at_risk,1.8,3.6,2.7,69.8,46.5,72,7,0,0,0,1,0.3,6.4,78.46,Critical
STU-0329,overworked,6.1,4.1,11.6,85.0,65.6,84,0,0,0,1,0,0.3,2.4,49.74,Moderate
STU-0330,balanced,7.4,7.2,7.5,90.6,76.5,50,1,0,1,0,0,1.6,1.2,28.04,Low
STU-0331,overworked,8.2,4.8,8.2,71.5,59.1,69,5,0,1,0,0,0.2,1.9,42.58,Moderate
STU-0332,overworked,5.5,5.9,8.1,93.2,75.1,44,0,0,0,0,1,0.7,1.7,40.82,Moderate
STU-0333,balanced,6.1,7.7,5.7,86.4,65.6,76,6,1,1,0,0,0.8,2.2,40.94,Moderate
STU-0334,at_risk,3.0,2.1,3.3,29.5,44.6,29,5,1,0,0,1,0.2,4.8,93.91,Critical
STU-0335,struggling,4.4,3.9,2.0,38.4,56.2,79,4,1,1,0,1,0.0,4.9,84.01,Critical
STU-0336,high_achiever,8.3,6.3,6.6,94.7,87.0,81,2,0,1,0,0,1.1,1.6,27.29,Low
STU-0337,high_achiever,8.4,6.9,5.8,89.8,84.8,46,4,1,1,1,0,0.9,1.6,43.37,Moderate
STU-0338,balanced,8.3,6.0,6.2,92.6,78.1,13,0,1,0,0,0,1.6,3.0,36.39,Moderate
STU-0339,balanced,7.4,7.8,5.7,82.2,72.2,1,4,0,0,0,0,1.8,1.3,29.05,Low
STU-0340,overworked,6.2,3.6,10.1,57.0,76.3,31,8,0,0,0,0,0.7,1.7,54.37,Moderate
STU-0341,balanced,9.2,6.6,4.2,93.9,90.7,8,2,0,1,0,0,1.2,2.4,33.16,Moderate
STU-0342,overworked,4.4,4.5,11.3,94.9,75.6,31,7,1,1,1,0,0.1,3.8,73.07,High
STU-0343,struggling,3.5,4.9,5.8,72.2,57.0,42,6,1,1,1,0,0.4,4.9,72.1,High
STU-0344,high_achiever,5.8,6.3,7.3,85.2,87.3,76,2,1,1,0,0,0.9,2.3,46.91,Moderate
STU-0345,overworked,4.8,4.8,9.4,73.5,72.0,50,5,0,0,0,1,0.2,1.3,54.08,Moderate
STU-0346,overworked,6.4,4.2,10.8,71.7,72.5,48,4,0,1,0,0,0.6,2.2,52.03,Moderate
STU-0347,high_achiever,7.4,6.4,6.8,87.3,83.9,69,2,1,1,0,0,0.4,1.2,40.55,Moderate
STU-0348,struggling,3.6,4.2,3.4,67.8,62.5,56,4,1,0,1,0,0.1,3.0,61.45,High
STU-0349,high_achiever,7.4,6.3,6.1,84.5,82.3,17,4,1,0,0,0,1.1,1.7,34.16,Moderate
STU-0350,balanced,6.8,6.3,5.5,75.2,79.6,76,7,0,0,0,1,0.5,1.6,40.95,Moderate
STU-0351,struggling,4.3,7.0,4.0,50.0,50.9,4,5,1,0,0,0,0.0,4.7,77.31,Critical
STU-0352,high_achiever,8.5,6.1,6.9,87.8,95.4,31,5,0,0,0,0,0.9,2.3,28.93,Low
STU-0353,balanced,7.7,7.3,6.0,66.6,72.8,42,6,0,0,0,0,1.5,1.8,24.81,Low
STU-0354,balanced,7.1,8.4,7.0,81.5,82.6,88,3,1,0,0,0,1.1,0.8,26.67,Low
STU-0355,overworked,7.8,4.7,9.1,75.0,89.0,44,0,1,0,0,0,0.9,4.0,42.27,Moderate
STU-0356,overworked,5.9,3.5,11.7,66.3,72.2,18,5,1,0,1,0,0.1,1.7,64.35,High
STU-0357,overworked,4.6,4.5,8.7,86.3,59.0,56,7,1,1,0,0,0.5,3.2,63.68,High
STU-0358,overworked,4.4,4.8,11.3,79.9,64.7,82,1,1,0,1,0,0.5,1.3,58.1,High
STU-0359,struggling,4.6,4.1,2.2,51.4,58.4,20,5,1,0,1,1,0.7,3.8,74.64,High
STU-0360,struggling,1.0,3.8,3.5,51.1,40.8,81,6,0,1,1,1,0.1,5.2,92.38,Critical
STU-0361,overworked,2.1,2.9,8.6,82.6,45.0,0,3,0,0,0,0,0.3,1.8,81.27,Critical
STU-0362,balanced,6.8,7.3,5.7,65.0,81.1,68,2,0,0,1,0,1.3,2.1,37.27,Moderate
STU-0363,overworked,2.4,6.7,9.1,80.9,69.5,81,5,1,1,0,0,0.3,1.7,58.98,High
STU-0364,struggling,1.7,5.4,2.9,48.4,46.6,79,2,0,0,1,0,0.7,4.0,65.53,High
STU-0365,high_achiever,7.2,7.0,7.8,100.0,83.9,17,5,0,1,0,0,1.3,1.4,35.49,Moderate
STU-0366,balanced,6.5,7.6,5.3,81.5,75.7,53,2,0,1,0,0,1.3,1.7,29.86,Low
STU-0367,struggling,6.4,5.7,4.8,56.5,41.3,22,8,1,0,0,0,0.6,6.1,65.56,High
STU-0368,balanced,6.6,6.8,3.5,78.9,83.0,45,0,1,1,0,0,1.0,2.2,37.85,Moderate
STU-0369,overworked,6.0,3.9,9.6,55.0,68.1,52,7,1,1,0,0,0.0,3.2,71.36,High
STU-0370,overworked,6.2,6.5,8.1,95.5,79.3,28,4,0,1,1,1,0.3,3.1,51.35,Moderate
STU-0371,balanced,6.4,6.5,4.9,73.5,84.8,63,8,1,0,0,0,1.1,2.0,39.88,Moderate
STU-0372,struggling,1.3,4.8,0.6,61.2,35.6,69,0,1,1,0,0,0.9,6.2,77.01,Critical
STU-0373,high_achiever,8.8,5.9,7.7,92.0,86.6,83,3,0,1,0,0,1.5,1.8,30.8,Moderate
STU-0374,overworked,3.0,4.0,9.3,78.9,58.7,56,1,0,1,0,0,1.1,3.4,57.7,High
STU-0375,high_achiever,7.9,6.4,5.9,91.4,86.5,90,6,1,0,0,0,0.5,1.6,36.84,Moderate
STU-0376,balanced,5.3,6.3,5.0,97.1,79.5,44,8,1,0,0,1,0.7,2.1,49.27,Moderate
STU-0377,overworked,7.1,4.5,9.4,91.3,57.1,34,8,0,1,0,0,0.0,1.7,54.11,Moderate
STU-0378,at_risk,1.0,1.0,1.3,56.3,52.4,7,4,1,1,0,1,0.0,5.4,100.0,Critical
STU-0379,at_risk,1.0,3.1,2.3,54.7,31.9,31,6,1,0,1,1,0.1,1.2,90.14,Critical
STU-0380,overworked,6.2,4.0,9.6,82.5,66.6,81,1,0,1,0,0,0.5,1.4,46.96,Moderate
STU-0381,overworked,6.4,5.2,8.6,80.2,77.1,62,5,0,0,0,0,0.0,3.1,42.06,Moderate
STU-0382,struggling,4.6,5.9,1.4,53.5,48.5,81,5,0,0,1,0,0.1,7.4,63.37,High
STU-0383,at_risk,1.9,3.7,0.2,42.1,41.8,63,4,0,0,0,0,0.0,6.0,75.04,Critical
STU-0384,overworked,3.2,5.3,12.1,78.2,72.3,43,0,1,1,1,0,0.6,1.2,66.98,High
STU-0385,balanced,7.4,8.3,4.6,96.5,81.2,20,7,0,0,1,0,1.4,1.9,27.23,Low
STU-0386,overworked,7.3,5.1,6.5,66.8,68.1,83,4,0,1,0,0,0.5,2.2,44.13,Moderate
STU-0387,balanced,5.2,7.1,3.3,88.1,74.2,47,2,0,0,0,0,1.4,1.3,29.88,Low
STU-0388,balanced,8.2,7.5,5.3,86.6,69.3,11,1,0,0,0,0,1.5,2.8,23.85,Low
STU-0389,balanced,6.5,7.3,3.9,86.6,78.6,1,0,0,1,0,0,0.5,1.1,40.26,Moderate
STU-0390,struggling,3.5,3.0,4.1,65.0,49.7,9,3,0,0,1,1,0.1,6.4,89.54,Critical
STU-0391,overworked,4.8,4.4,10.2,74.4,68.6,17,6,0,1,0,0,0.6,0.7,56.71,High
STU-0392,high_achiever,7.9,6.2,6.9,90.8,74.6,67,0,0,1,0,0,1.6,1.4,28.5,Low
STU-0393,struggling,5.4,3.3,4.2,58.8,62.2,52,7,1,0,1,0,0.0,4.7,69.34,High
STU-0394,at_risk,2.9,4.0,0.9,37.3,36.7,49,5,1,1,0,1,0.0,7.9,98.54,Critical
STU-0395,at_risk,1.0,3.1,0.4,23.5,23.2,70,4,1,1,1,1,0.1,8.9,100.0,Critical
STU-0396,high_achiever,7.3,6.8,6.4,87.5,78.1,66,8,0,0,0,0,0.3,1.2,32.58,Moderate
STU-0397,balanced,7.1,6.7,4.4,86.9,64.5,30,7,0,0,0,0,1.5,1.2,27.83,Low
STU-0398,overworked,3.3,4.5,11.0,83.2,79.8,1,5,1,0,1,0,0.6,1.3,82.42,Critical
STU-0399,at_risk,1.7,4.8,0.2,61.4,48.7,87,2,1,0,1,1,0.5,5.4,80.1,Critical
STU-0400,high_achiever,9.6,6.1,5.2,81.6,89.3,33,3,0,0,1,0,0.2,1.2,29.79,Low
STU-0401,balanced,7.4,7.3,5.8,92.2,67.4,64,6,1,0,0,0,0.9,1.3,35.06,Moderate
STU-0402,overworked,6.9,5.5,11.3,66.2,86.7,10,4,1,0,0,1,0.9,2.8,67.73,High
STU-0403,balanced,5.5,6.6,4.6,87.8,66.6,75,1,0,0,0,0,1.5,2.6,29.79,Low
STU-0404,overworked,5.9,4.0,8.2,90.5,77.8,55,1,1,0,1,0,0.4,1.9,48.54,Moderate
STU-0405,overworked,3.9,6.9,7.6,79.9,80.1,15,0,0,1,0,0,0.0,2.3,43.13,Moderate
STU-0406,high_achiever,7.8,8.5,5.0,96.3,84.0,33,2,0,1,0,0,1.3,1.6,22.17,Low
STU-0407,overworked,5.8,3.1,10.4,81.0,76.4,3,5,0,0,0,1,0.7,2.5,73.45,High
STU-0408,high_achiever,7.1,6.0,8.4,98.2,83.6,9,7,1,1,0,0,1.0,0.9,56.49,High
STU-0409,overworked,6.5,6.9,8.2,74.2,72.3,32,1,1,1,0,0,0.6,2.0,40.56,Moderate
STU-0410,at_risk,3.4,4.2,0.6,68.3,52.0,1,3,1,1,0,1,0.1,6.4,100.0,Critical
STU-0411,balanced,6.3,7.0,2.9,89.0,62.5,4,8,0,0,0,0,1.8,1.6,39.0,Moderate
STU-0412,high_achiever,7.3,6.3,8.7,80.0,92.7,40,4,0,0,0,0,1.1,0.8,28.89,Low
STU-0413,high_achiever,9.1,5.8,5.6,96.7,87.0,28,8,0,1,0,0,0.6,1.5,34.4,Moderate
STU-0414,at_risk,3.6,4.6,2.8,53.4,59.1,39,5,0,1,1,1,0.1,3.8,75.67,Critical
STU-0415,balanced,9.3,6.2,5.1,85.3,74.6,79,3,0,0,0,0,0.8,2.5,27.74,Low
STU-0416,overworked,5.8,4.1,7.2,80.6,81.0,69,3,0,1,0,1,0.5,2.2,51.87,Moderate
STU-0417,balanced,6.1,7.7,6.6,69.6,87.7,88,0,0,1,0,0,1.4,2.6,28.8,Low
STU-0418,at_risk,1.1,3.4,2.8,70.0,46.5,13,3,1,0,0,1,0.1,4.1,92.27,Critical
STU-0419,struggling,2.6,6.5,3.1,81.1,60.1,35,1,1,0,1,0,0.3,4.0,55.08,High
STU-0420,balanced,7.6,7.1,4.8,80.7,75.6,58,1,1,0,0,0,0.3,2.1,30.0,Moderate
STU-0421,struggling,2.3,2.5,0.8,45.7,43.5,7,6,1,0,1,0,0.9,4.0,97.53,Critical
STU-0422,struggling,4.6,4.7,3.4,47.7,69.4,50,5,1,1,0,0,0.8,2.3,61.88,High
STU-0423,overworked,5.1,4.0,10.3,70.7,91.7,74,1,1,1,1,0,0.8,2.4,65.04,High
STU-0424,balanced,8.3,6.5,4.5,82.6,81.9,26,7,1,0,0,0,1.3,0.9,32.76,Moderate
STU-0425,overworked,5.4,4.9,12.5,64.1,75.1,90,0,1,1,1,0,0.8,4.0,66.35,High
STU-0426,balanced,7.7,7.5,5.7,81.2,78.5,50,8,0,1,0,0,0.2,2.2,36.27,Moderate
STU-0427,balanced,7.0,8.6,4.7,78.8,90.9,57,8,1,0,0,0,0.9,1.5,32.44,Moderate
STU-0428,high_achiever,8.5,6.6,5.4,88.3,81.4,1,0,1,1,0,0,1.0,1.6,44.56,Moderate
STU-0429,high_achiever,6.4,7.2,7.3,97.9,87.7,80,1,0,1,0,0,1.4,1.6,32.07,Moderate
STU-0430,struggling,4.8,4.4,6.9,72.7,58.9,82,7,1,0,1,1,0.0,2.9,68.7,High
STU-0431,high_achiever,7.9,6.1,7.2,98.9,89.2,59,0,1,0,0,0,0.5,1.3,31.35,Moderate
STU-0432,balanced,6.8,6.7,4.9,72.0,74.0,87,6,0,0,0,1,1.0,0.0,40.74,Moderate
STU-0433,balanced,8.3,6.7,5.5,72.6,88.6,4,3,1,1,0,0,2.0,1.9,46.42,Moderate
STU-0434,struggling,4.3,2.9,2.9,63.6,46.5,49,2,1,0,1,1,0.2,4.7,78.03,Critical
STU-0435,overworked,5.6,3.9,8.4,65.2,79.8,69,0,0,0,1,0,0.0,3.1,53.29,Moderate
STU-0436,at_risk,2.2,1.0,1.5,47.0,25.9,72,8,0,0,1,1,0.0,9.3,100.0,Critical
STU-0437,overworked,4.1,3.4,9.0,75.9,75.0,35,0,1,1,0,1,0.2,2.6,70.77,High
STU-0438,high_achiever,8.5,6.5,6.8,89.2,92.1,20,1,0,1,0,0,0.7,1.4,29.06,Low
STU-0439,balanced,6.7,5.9,5.9,81.5,79.0,28,6,1,0,0,0,1.0,2.5,39.6,Moderate
STU-0440,overworked,8.1,3.3,10.2,82.8,62.0,89,5,0,0,1,0,0.5,3.2,47.33,Moderate
STU-0441,at_risk,3.0,1.0,0.6,70.0,31.0,72,3,1,0,0,1,0.0,5.8,91.57,Critical
STU-0442,high_achiever,6.3,5.8,8.8,100.0,84.4,4,1,0,0,0,0,0.5,2.4,47.58,Moderate
STU-0443,balanced,7.9,6.4,5.4,80.7,77.6,78,3,0,1,0,0,1.8,2.3,28.46,Low
STU-0444,high_achiever,8.9,6.7,7.8,98.3,78.3,7,0,1,1,0,0,1.0,1.1,36.37,Moderate
STU-0445,balanced,7.5,9.0,3.3,81.7,80.1,46,1,0,1,1,0,1.2,1.7,24.19,Low
STU-0446,overworked,5.8,4.2,6.2,89.9,79.6,17,2,0,1,1,0,0.4,2.4,51.3,Moderate
STU-0447,high_achiever,8.0,7.1,6.6,97.6,86.9,90,8,0,0,0,0,1.1,0.8,27.77,Low
STU-0448,struggling,2.8,3.7,2.3,49.2,75.0,22,6,0,0,1,0,0.7,7.7,71.25,High
STU-0449,overworked,5.6,3.7,8.5,68.8,82.4,73,6,0,1,0,0,0.3,3.1,57.67,High
STU-0450,at_risk,4.8,2.0,3.9,65.2,26.3,78,3,0,0,1,1,0.3,6.9,81.51,Critical
STU-0451,struggling,2.8,3.6,6.6,62.0,61.4,44,5,1,0,1,1,0.1,3.6,79.27,Critical
STU-0452,balanced,5.9,6.7,5.5,82.9,73.6,42,7,0,1,0,0,1.4,2.2,39.9,Moderate
STU-0453,balanced,6.2,6.8,6.9,89.2,64.0,0,0,1,0,0,0,1.3,0.6,41.89,Moderate
STU-0454,overworked,8.3,4.1,8.2,85.6,54.6,48,5,0,0,0,0,0.2,2.7,40.93,Moderate
STU-0455,struggling,3.6,5.4,4.1,65.2,47.9,87,3,1,0,0,0,0.4,4.6,60.84,High
STU-0456,balanced,6.7,6.9,4.3,81.7,68.5,13,1,1,0,0,0,0.8,2.0,38.38,Moderate
STU-0457,overworked,6.7,4.6,10.1,83.5,74.4,11,5,0,1,1,0,0.2,2.3,63.37,High
STU-0458,struggling,4.0,2.0,3.7,85.0,47.7,21,6,0,0,1,0,0.1,5.4,70.23,High
STU-0459,balanced,8.4,6.0,6.4,86.7,73.9,69,4,1,0,0,0,1.3,2.4,34.64,Moderate
STU-0460,struggling,2.3,5.5,3.4,62.9,52.9,62,2,1,1,1,0,0.3,6.6,76.22,Critical
STU-0461,balanced,6.1,6.7,5.7,91.8,79.8,61,3,1,1,0,0,0.9,3.3,45.4,Moderate
STU-0462,balanced,8.5,6.9,6.1,88.7,84.7,14,4,1,0,0,0,1.6,2.3,28.79,Low
STU-0463,high_achiever,7.3,6.7,8.1,89.9,91.4,49,2,0,0,0,0,1.6,0.9,23.73,Low
STU-0464,overworked,5.3,5.3,8.7,91.5,74.2,33,3,1,1,1,0,0.4,1.1,55.5,High
STU-0465,high_achiever,8.0,5.0,8.2,90.2,100.0,85,5,0,1,0,0,1.9,1.3,36.46,Moderate
STU-0466,high_achiever,8.6,7.7,5.0,82.1,81.3,49,8,0,0,0,0,1.2,1.6,25.15,Low
STU-0467,overworked,3.7,2.7,10.8,69.7,49.8,60,4,0,0,0,0,0.4,2.8,62.96,High
STU-0468,balanced,6.7,6.9,5.1,71.2,69.3,73,2,0,0,0,0,1.4,2.0,26.26,Low
STU-0469,balanced,6.2,6.9,2.9,83.4,86.4,24,2,0,1,0,0,0.6,1.4,35.17,Moderate
STU-0470,balanced,8.5,6.6,4.7,66.2,75.8,18,4,1,0,0,0,2.0,2.0,30.91,Moderate
STU-0471,overworked,6.0,5.0,8.3,86.2,72.3,70,5,0,0,1,0,0.4,1.4,46.89,Moderate
STU-0472,at_risk,3.2,2.9,3.5,40.5,28.6,75,8,1,0,1,1,0.0,2.7,95.33,Critical
STU-0473,high_achiever,6.3,5.6,4.5,90.6,84.1,12,1,1,1,0,0,0.9,0.9,48.33,Moderate
STU-0474,struggling,4.7,3.8,4.0,51.4,54.2,52,4,1,1,0,1,0.7,5.7,78.95,Critical
STU-0475,overworked,5.9,4.8,9.5,74.7,68.4,18,6,1,0,1,0,0.5,1.4,54.04,Moderate
STU-0476,balanced,5.8,5.7,4.0,83.3,67.9,34,5,0,0,0,0,1.4,1.8,30.65,Moderate
STU-0477,balanced,7.9,7.6,4.3,85.4,68.1,89,1,0,0,0,0,1.2,1.0,16.53,Low
STU-0478,at_risk,2.1,3.4,1.4,30.2,33.2,41,4,1,0,0,1,0.2,6.1,95.74,Critical
STU-0479,high_achiever,7.3,7.3,5.6,93.4,92.1,52,7,0,1,0,0,1.2,1.3,32.5,Moderate
STU-0480,high_achiever,8.6,5.5,5.8,89.0,92.4,39,8,0,0,0,0,1.2,0.9,30.24,Moderate
STU-0481,overworked,4.6,4.3,11.0,64.3,86.1,25,0,0,1,0,1,0.6,3.1,61.93,High
STU-0482,balanced,7.1,5.9,4.9,85.9,85.4,59,8,0,0,0,0,0.8,1.6,34.5,Moderate
STU-0483,overworked,3.4,5.6,8.4,76.0,65.5,57,2,0,0,1,0,0.2,2.2,47.7,Moderate
STU-0484,at_risk,2.1,2.8,2.5,70.0,39.7,33,1,1,0,1,0,0.3,3.4,74.09,High
STU-0485,overworked,3.9,3.5,8.4,89.9,79.5,28,3,1,1,0,0,0.5,1.0,61.31,High
STU-0486,struggling,4.5,4.7,0.7,51.3,51.2,87,0,1,0,1,0,0.5,1.5,60.37,High
STU-0487,overworked,5.7,5.8,10.5,83.8,62.0,77,4,1,1,0,0,0.0,1.9,57.31,High
STU-0488,high_achiever,8.9,7.0,7.5,92.9,81.7,58,4,0,1,0,0,0.9,2.2,28.01,Low
STU-0489,balanced,8.8,6.7,7.1,70.7,79.7,0,8,0,0,0,0,0.9,1.0,37.29,Moderate
STU-0490,at_risk,3.5,2.7,0.0,46.6,37.0,36,4,0,0,1,1,0.2,8.1,89.27,Critical
STU-0491,struggling,6.8,4.8,3.0,42.7,48.8,35,4,1,0,1,1,0.2,6.2,77.0,Critical
STU-0492,struggling,2.2,4.7,4.5,80.3,62.7,30,0,0,0,1,0,0.5,4.9,54.8,Moderate
STU-0493,high_achiever,8.8,5.6,6.6,87.1,87.3,3,7,0,0,0,0,1.5,1.1,33.02,Moderate
STU-0494,at_risk,2.1,4.4,2.8,54.4,34.6,90,3,1,0,1,1,0.0,7.2,89.43,Critical
STU-0495,overworked,8.8,5.6,8.6,71.9,69.1,85,5,0,0,0,0,0.3,3.1,35.53,Moderate
STU-0496,struggling,2.9,6.8,3.6,71.2,44.7,12,7,0,0,0,1,0.4,5.3,67.19,High
STU-0497,balanced,9.2,8.0,5.0,73.2,77.8,87,5,1,0,0,0,1.2,2.0,26.06,Low
STU-0498,struggling,4.8,6.2,4.4,49.4,68.4,42,5,1,1,0,0,0.8,9.5,68.96,High
STU-0499,overworked,5.9,2.9,10.3,72.5,89.2,74,1,1,0,0,0,0.2,0.8,54.58,Moderate
STU-0500,overworked,2.5,5.8,6.4,78.3,49.2,52,0,1,1,0,0,0.3,3.5,60.7,High
STU-0501,at_risk,1.6,3.5,2.0,55.1,21.6,58,2,1,0,1,0,0.2,1.0,79.48,Critical
STU-0502,overworked,4.8,5.6,9.5,63.9,60.2,22,5,0,0,0,0,0.5,2.1,47.03,Moderate
STU-0503,struggling,3.3,5.3,2.7,60.9,75.0,20,7,1,1,0,1,0.0,2.0,72.11,High
STU-0504,high_achiever,7.3,6.3,6.1,89.7,94.6,54,7,0,1,0,0,1.3,1.8,34.13,Moderate
STU-0505,overworked,3.8,2.2,8.3,87.6,75.2,41,8,1,1,0,1,0.3,2.2,76.72,Critical
STU-0506,balanced,7.4,7.6,3.6,84.4,82.5,44,4,0,0,0,0,1.0,2.2,28.39,Low
STU-0507,balanced,7.1,7.3,4.6,83.5,78.7,38,4,0,0,0,0,1.3,1.2,25.08,Low
STU-0508,overworked,7.7,5.4,10.9,75.6,77.5,17,5,0,1,0,0,0.5,1.4,44.92,Moderate
STU-0509,at_risk,1.5,2.9,2.3,52.5,23.7,51,0,1,0,1,0,0.3,7.3,89.41,Critical
STU-0510,balanced,5.7,6.9,5.0,82.9,72.1,21,1,0,1,0,0,0.4,1.6,35.22,Moderate
STU-0511,overworked,6.5,4.3,12.0,58.9,83.1,68,0,0,1,0,0,0.3,2.9,55.34,High
STU-0512,struggling,5.7,4.0,1.9,79.0,50.6,14,6,1,1,0,1,0.4,6.7,73.18,High
STU-0513,overworked,6.4,4.4,9.3,78.7,55.0,87,0,1,1,0,0,0.2,3.3,58.14,High
STU-0514,overworked,5.4,5.2,9.1,91.6,68.0,17,6,0,0,1,0,0.5,3.1,48.28,Moderate
STU-0515,high_achiever,9.0,5.4,9.0,89.1,83.5,13,7,1,0,0,0,0.2,1.2,46.35,Moderate
STU-0516,balanced,6.6,6.9,6.6,83.7,77.5,90,6,1,0,0,0,0.8,1.3,40.43,Moderate
STU-0517,overworked,4.4,6.7,9.1,78.0,80.7,42,3,1,1,1,0,0.8,2.1,54.53,Moderate
STU-0518,balanced,7.1,7.3,6.6,82.0,80.0,19,1,0,0,0,0,1.9,2.0,20.88,Low
STU-0519,high_achiever,6.6,5.0,7.5,90.5,81.9,58,4,1,0,0,0,1.1,1.4,43.39,Moderate
STU-0520,overworked,5.6,4.3,11.0,75.8,75.3,46,5,1,0,0,0,0.3,1.7,55.3,High
STU-0521,overworked,5.5,5.5,9.1,59.6,65.7,17,2,1,0,0,1,0.6,2.0,55.59,High
STU-0522,overworked,7.0,4.3,7.2,76.4,65.2,47,5,0,0,1,0,0.1,2.1,44.77,Moderate
STU-0523,balanced,7.2,7.2,7.7,79.3,77.2,61,6,0,0,0,0,1.0,1.3,27.54,Low
STU-0524,struggling,3.3,4.9,7.0,53.4,47.0,20,1,0,1,0,1,0.3,5.4,72.24,High
STU-0525,overworked,7.4,2.6,6.0,73.0,81.0,48,5,0,0,0,1,0.0,0.0,51.79,Moderate
STU-0526,struggling,4.4,3.2,2.0,50.4,53.3,61,7,0,0,0,0,0.1,5.5,63.39,High
STU-0527,balanced,6.3,6.1,5.2,77.7,81.4,90,8,0,1,0,0,0.5,1.8,43.44,Moderate
STU-0528,high_achiever,9.3,6.2,7.4,82.0,70.6,43,8,0,0,0,0,1.3,1.4,28.75,Low
STU-0529,struggling,1.9,5.1,6.3,67.0,55.3,44,6,0,1,0,1,0.3,2.4,69.54,High
STU-0530,balanced,6.6,7.4,3.6,72.6,86.5,20,8,0,0,0,1,1.1,2.7,38.33,Moderate
STU-0531,high_achiever,6.3,7.1,6.3,94.5,85.2,30,5,0,0,1,0,0.4,1.5,38.68,Moderate
STU-0532,at_risk,3.0,3.4,3.6,51.2,40.5,30,1,1,0,1,1,0.0,6.7,89.78,Critical
STU-0533,overworked,4.2,6.4,9.4,69.1,80.0,15,7,0,1,0,0,0.3,2.8,52.66,Moderate
STU-0534,high_achiever,7.8,6.8,7.3,81.0,78.3,11,4,1,1,1,0,1.4,1.3,47.94,Moderate
STU-0535,at_risk,1.1,2.4,0.0,46.5,30.8,6,3,1,0,1,1,0.0,6.1,100.0,Critical
STU-0536,high_achiever,9.5,5.4,8.4,95.9,80.3,46,7,1,0,0,0,1.1,1.2,37.47,Moderate
STU-0537,balanced,8.7,7.5,6.1,78.6,63.1,37,8,0,0,0,0,1.1,2.5,23.4,Low
STU-0538,struggling,2.4,4.7,2.0,52.5,46.9,52,1,0,1,1,1,0.0,3.3,77.86,Critical
STU-0539,overworked,3.5,3.4,8.6,85.3,68.0,24,5,1,1,0,0,0.3,2.2,63.27,High
STU-0540,balanced,7.7,7.3,5.0,90.0,66.0,57,7,0,0,0,0,1.7,1.9,24.37,Low
STU-0541,struggling,4.0,4.4,5.3,49.1,42.8,6,8,0,1,1,0,0.6,3.9,98.66,Critical
STU-0542,at_risk,4.2,3.1,3.0,30.7,47.1,22,2,0,0,1,0,0.1,7.1,77.69,Critical
STU-0543,high_achiever,6.5,6.9,4.5,89.4,90.6,64,6,1,1,0,0,1.1,2.4,45.43,Moderate
STU-0544,overworked,4.5,5.0,9.4,62.2,60.6,43,4,0,0,1,0,0.2,0.6,54.83,Moderate
STU-0545,overworked,5.1,3.3,10.1,85.2,72.3,38,8,1,1,0,0,0.3,2.7,68.87,High
STU-0546,at_risk,2.8,2.7,2.4,65.9,30.8,79,4,0,0,1,1,0.5,5.1,80.59,Critical
STU-0547,struggling,3.0,4.8,0.9,55.4,38.9,22,8,0,1,0,0,0.3,6.3,76.68,Critical
STU-0548,struggling,1.0,7.0,3.9,52.7,53.9,74,6,0,0,0,0,0.4,3.8,58.76,High
STU-0549,struggling,3.1,4.0,2.5,44.8,53.8,1,8,0,0,0,0,0.5,5.6,91.78,Critical
STU-0550,balanced,7.5,6.6,6.5,71.1,67.8,20,4,0,1,1,0,0.8,2.4,41.34,Moderate
STU-0551,struggling,4.7,5.8,2.2,66.2,50.5,69,0,1,1,0,1,0.6,4.6,64.07,High
STU-0552,overworked,6.3,5.9,8.5,77.4,59.4,28,8,1,0,0,0,0.0,2.4,50.97,Moderate
STU-0553,overworked,5.9,3.1,9.0,55.8,83.7,6,6,0,0,0,0,0.1,3.2,76.45,Critical
STU-0554,overworked,4.1,3.9,10.0,69.6,71.0,1,4,0,0,0,0,0.3,0.8,64.78,High
STU-0555,balanced,7.4,6.6,4.8,87.6,84.4,81,5,0,0,0,0,1.1,1.6,28.6,Low
STU-0556,high_achiever,6.7,6.7,7.7,94.4,73.4,37,7,0,0,0,0,0.7,1.0,33.42,Moderate
STU-0557,balanced,7.7,8.2,4.9,78.0,84.2,48,0,0,1,0,0,1.3,2.6,24.2,Low
STU-0558,overworked,3.8,3.7,7.2,84.6,81.9,42,7,0,1,0,0,1.0,2.9,58.02,High
STU-0559,high_achiever,7.3,5.7,8.0,93.1,85.6,80,4,1,1,0,0,1.2,1.6,46.19,Moderate
STU-0560,overworked,7.4,5.5,10.8,83.1,65.4,28,2,0,1,0,0,0.6,1.1,42.96,Moderate
STU-0561,struggling,2.2,4.8,2.2,68.6,51.6,44,3,0,1,0,0,0.0,5.4,64.4,High
STU-0562,at_risk,3.4,3.5,2.6,33.6,30.9,79,8,1,0,1,0,0.0,7.9,99.26,Critical
STU-0563,overworked,4.3,6.1,6.2,66.1,60.4,44,7,0,0,0,1,0.0,0.9,53.22,Moderate
STU-0564,balanced,7.0,7.3,6.3,84.1,80.3,41,6,0,0,0,1,1.2,1.1,35.28,Moderate
STU-0565,at_risk,1.9,2.6,1.7,34.3,33.0,66,5,0,0,1,1,0.2,6.9,95.84,Critical
STU-0566,struggling,3.3,5.8,4.2,85.0,66.2,41,8,1,0,1,0,0.6,2.7,58.66,High
STU-0567,balanced,7.1,6.6,5.7,89.6,79.0,80,1,1,0,0,0,0.8,2.2,32.13,Moderate
STU-0568,balanced,7.4,6.8,5.2,88.1,66.7,26,8,0,0,0,0,2.0,0.7,26.35,Low
STU-0569,high_achiever,8.1,6.9,6.9,90.7,87.5,9,2,0,0,0,0,0.9,2.1,27.77,Low
STU-0570,balanced,8.1,6.2,5.4,79.6,67.0,32,8,0,1,1,0,1.3,1.5,40.69,Moderate
STU-0571,balanced,6.1,8.4,4.4,83.8,81.3,51,6,0,0,0,0,1.0,2.3,25.23,Low
STU-0572,overworked,7.7,5.0,8.6,75.0,78.1,8,0,1,1,1,0,0.2,1.6,57.33,High
STU-0573,high_achiever,6.9,7.8,6.3,95.2,86.3,38,1,1,0,0,0,0.6,1.4,31.38,Moderate
STU-0574,overworked,5.2,6.2,11.0,87.2,65.4,20,8,0,1,0,1,0.1,1.7,59.1,High
STU-0575,balanced,7.7,5.3,5.5,83.3,72.8,81,2,0,0,0,0,1.7,2.1,28.66,Low
STU-0576,overworked,5.2,5.9,12.0,91.1,59.1,1,8,0,0,0,0,0.3,1.9,64.89,High
STU-0577,at_risk,3.2,2.7,2.1,17.7,55.3,70,1,1,1,1,1,0.0,6.3,100.0,Critical
STU-0578,overworked,7.2,2.2,9.5,76.9,65.5,82,8,0,0,0,0,0.9,1.5,50.5,Moderate
STU-0579,balanced,7.6,8.0,4.7,76.1,83.8,85,0,1,0,0,0,1.4,0.9,23.71,Low
STU-0580,at_risk,2.9,4.3,1.0,10.0,44.3,37,1,0,0,1,1,0.0,2.2,77.68,Critical
STU-0581,overworked,6.7,5.1,9.2,91.9,76.4,85,3,1,1,0,0,0.9,1.1,49.17,Moderate
STU-0582,balanced,5.6,6.8,5.2,87.0,75.4,78,4,0,0,0,0,1.4,2.2,33.26,Moderate
STU-0583,struggling,3.5,3.4,3.9,52.4,69.8,21,0,1,0,0,0,0.2,4.0,62.49,High
STU-0584,overworked,6.6,4.8,8.5,94.7,61.4,46,2,0,0,0,0,0.4,2.7,36.83,Moderate
STU-0585,struggling,4.7,3.2,4.7,50.4,60.3,62,8,1,0,1,0,0.6,6.1,77.09,Critical
STU-0586,balanced,7.0,6.5,7.3,76.4,66.7,68,3,0,1,0,0,1.5,1.3,31.08,Moderate
STU-0587,overworked,3.3,4.5,9.4,80.4,79.5,64,0,0,1,1,1,0.6,2.0,62.04,High
STU-0588,high_achiever,8.2,7.4,7.2,88.7,79.0,33,8,0,0,0,1,0.4,1.7,35.51,Moderate
STU-0589,at_risk,3.1,3.4,4.1,40.7,49.5,75,4,1,0,1,1,0.1,5.0,89.41,Critical
STU-0590,balanced,7.6,7.3,5.6,81.7,94.1,30,2,0,1,0,1,1.7,2.2,33.68,Moderate
STU-0591,high_achiever,8.6,6.9,7.0,89.5,84.5,18,7,1,1,0,0,0.0,1.5,41.29,Moderate
STU-0592,at_risk,4.1,3.5,0.2,47.3,25.4,29,0,1,0,1,1,0.2,6.8,90.33,Critical
STU-0593,struggling,2.8,4.5,1.5,70.4,58.2,5,0,1,0,1,0,0.4,4.8,82.33,Critical
STU-0594,at_risk,4.1,3.2,2.2,31.7,27.6,33,8,1,0,1,0,0.1,8.4,97.43,Critical
STU-0595,struggling,3.6,4.0,2.7,65.5,34.0,9,8,1,0,0,0,0.7,3.8,81.78,Critical
STU-0596,overworked,3.6,5.7,10.5,81.8,60.1,44,7,0,1,0,0,0.5,1.3,56.02,High
STU-0597,high_achiever,8.6,7.1,7.0,86.1,88.9,29,1,0,1,0,0,1.0,0.2,27.08,Low
STU-0598,struggling,4.0,5.9,1.9,30.0,55.3,15,3,1,1,1,0,0.4,2.3,71.18,High
STU-0599,overworked,9.6,4.7,10.6,71.5,49.1,75,2,1,1,0,0,0.3,2.0,50.62,Moderate
STU-0600,struggling,3.8,4.8,3.3,46.8,57.8,17,8,1,1,1,0,0.0,1.7,77.22,Critical
STU-0601,balanced,7.7,7.0,3.8,76.3,72.9,51,0,0,1,0,0,0.6,1.4,29.92,Low
STU-0602,at_risk,3.9,3.1,3.1,19.3,45.9,77,7,0,0,0,1,0.0,6.8,89.05,Critical
STU-0603,at_risk,3.8,2.6,2.9,43.8,36.1,23,8,1,0,1,1,0.1,4.5,94.28,Critical
STU-0604,overworked,5.4,5.2,9.6,86.0,79.2,29,6,0,1,0,0,0.1,2.9,50.78,Moderate
STU-0605,overworked,6.4,5.6,6.6,78.9,65.3,53,2,1,1,0,0,0.2,3.3,47.82,Moderate
STU-0606,struggling,2.8,4.6,4.5,60.3,66.0,68,8,1,0,0,0,0.5,1.5,60.92,High
STU-0607,high_achiever,7.4,6.8,4.0,100.0,88.2,0,6,1,0,0,0,1.1,2.0,49.17,Moderate
STU-0608,struggling,5.3,5.6,3.7,60.3,46.3,61,6,1,1,0,1,0.1,3.8,69.83,High
STU-0609,overworked,5.4,3.3,9.8,77.6,71.5,54,2,0,0,0,0,0.2,4.7,54.16,Moderate
STU-0610,overworked,3.6,5.2,8.6,67.9,56.6,69,6,0,0,1,0,0.5,1.7,56.71,High
STU-0611,overworked,7.0,6.4,8.2,82.8,76.3,66,0,1,0,1,0,0.3,1.6,43.25,Moderate
STU-0612,overworked,5.8,5.6,8.3,65.8,64.3,54,4,1,0,0,1,0.4,1.3,54.34,Moderate
STU-0613,overworked,3.0,3.9,10.5,84.0,66.1,50,3,0,1,0,0,0.1,1.4,59.43,High
STU-0614,overworked,6.5,5.9,8.8,66.5,72.7,32,4,0,1,0,0,0.2,1.8,47.34,Moderate
STU-0615,struggling,5.2,4.7,1.6,64.5,64.8,15,3,0,0,1,0,0.2,6.8,58.51,High
STU-0616,overworked,8.0,5.3,10.4,92.1,74.5,43,8,0,1,1,0,0.2,1.8,51.56,Moderate
STU-0617,struggling,2.1,4.3,5.1,35.7,70.4,11,2,0,1,1,0,0.6,4.1,84.9,Critical
STU-0618,overworked,5.5,6.2,11.0,64.0,75.9,77,0,0,1,1,0,0.3,2.3,50.59,Moderate
STU-0619,high_achiever,9.2,7.2,6.1,84.3,82.7,76,0,0,1,0,0,1.2,1.5,24.38,Low
STU-0620,at_risk,3.3,4.5,2.5,27.2,35.7,84,8,0,0,1,1,0.3,6.1,90.7,Critical
STU-0621,overworked,5.0,4.0,9.3,81.1,63.4,21,0,1,1,0,0,0.3,1.4,58.44,High
STU-0622,overworked,5.1,6.5,11.8,77.2,59.9,51,5,0,0,1,0,0.0,1.0,48.26,Moderate
STU-0623,struggling,6.1,4.6,4.1,35.4,37.6,11,8,1,1,1,0,0.6,5.2,96.02,Critical
STU-0624,overworked,6.3,6.6,9.2,78.7,71.9,35,3,0,0,0,0,1.1,0.5,32.67,Moderate
STU-0625,struggling,3.8,5.2,2.5,61.4,60.5,52,8,1,0,0,1,1.0,6.0,68.85,High
STU-0626,balanced,6.8,6.6,3.3,79.4,80.9,32,8,1,0,0,0,0.7,2.4,41.6,Moderate
STU-0627,high_achiever,7.2,6.4,8.9,94.7,85.1,31,5,0,0,0,0,0.9,1.4,31.53,Moderate
STU-0628,at_risk,1.0,5.5,2.2,54.0,37.3,14,4,1,0,1,1,0.0,5.8,85.24,Critical
STU-0629,balanced,9.5,6.0,4.3,78.5,85.3,40,6,0,0,0,0,1.2,1.1,26.88,Low
STU-0630,at_risk,3.2,4.0,3.1,70.0,60.0,11,6,1,1,0,1,0.0,9.4,99.71,Critical
STU-0631,struggling,4.7,2.5,3.2,52.2,61.9,45,3,0,1,0,0,0.6,1.7,60.77,High
STU-0632,at_risk,3.6,3.3,3.1,53.3,42.1,63,3,1,0,1,0,0.0,3.8,74.3,High
STU-0633,balanced,7.9,7.0,5.3,78.6,72.6,79,5,1,0,0,0,1.6,1.6,28.56,Low
STU-0634,balanced,7.9,6.8,5.5,94.9,74.8,78,0,1,0,0,0,1.3,1.1,27.14,Low
STU-0635,high_achiever,8.3,5.4,7.2,91.5,85.2,63,4,0,1,0,0,1.4,1.6,36.05,Moderate
STU-0636,overworked,4.0,5.1,9.6,67.3,79.6,73,2,0,0,1,0,1.1,2.2,50.04,Moderate
STU-0637,balanced,7.3,6.4,3.3,76.4,63.9,50,2,0,0,0,0,1.9,1.7,23.29,Low
STU-0638,overworked,6.8,3.9,8.3,78.7,80.3,86,3,1,1,0,1,0.6,2.4,60.06,High
STU-0639,overworked,6.1,5.2,8.0,78.5,59.3,33,3,1,1,0,1,0.4,1.8,61.86,High
STU-0640,overworked,5.4,3.6,9.3,83.2,86.7,53,5,0,1,1,0,0.2,0.9,60.05,High
STU-0641,overworked,3.4,4.6,9.1,77.3,76.9,87,3,1,1,0,0,0.2,2.0,61.24,High
STU-0642,high_achiever,7.9,6.6,7.5,95.2,87.4,25,2,0,0,0,0,1.2,0.6,24.45,Low
STU-0643,high_achiever,8.2,7.0,6.2,87.7,81.6,17,8,0,1,1,0,1.2,1.9,36.7,Moderate
STU-0644,struggling,5.4,4.6,3.3,59.5,61.0,6,6,1,0,1,0,0.4,8.2,90.29,Critical
STU-0645,balanced,7.7,6.6,4.5,81.9,76.1,12,7,1,0,0,0,2.4,1.7,35.11,Moderate
STU-0646,high_achiever,8.0,5.0,6.9,91.1,89.8,44,0,1,1,0,0,1.4,1.1,38.56,Moderate
STU-0647,overworked,4.4,3.9,10.0,65.3,65.9,83,8,1,0,0,0,0.1,2.6,68.0,High
STU-0648,balanced,5.9,5.5,5.4,82.1,76.7,57,1,0,0,0,0,1.0,1.7,32.13,Moderate
STU-0649,overworked,7.1,3.0,8.9,80.1,60.8,43,6,1,0,1,1,0.9,1.7,63.3,High
STU-0650,struggling,4.8,3.8,0.7,56.9,64.4,29,5,1,0,1,1,0.2,3.5,73.59,High
STU-0651,overworked,5.0,4.5,9.7,85.7,93.8,56,5,1,1,0,0,0.6,3.1,60.19,High
STU-0652,high_achiever,7.0,6.5,7.1,85.6,83.9,16,3,0,1,0,0,1.2,1.6,33.93,Moderate
STU-0653,struggling,4.4,3.9,2.7,47.6,73.4,13,1,0,0,1,1,0.3,4.5,74.79,High
STU-0654,balanced,10.0,6.1,5.0,85.3,79.8,10,1,0,0,1,0,1.6,2.9,28.06,Low
STU-0655,overworked,3.9,4.7,10.0,98.7,56.0,31,4,1,0,0,0,0.8,2.3,58.06,High
STU-0656,overworked,5.3,4.2,10.6,84.5,79.7,45,5,1,1,1,1,0.4,1.7,69.89,High
STU-0657,at_risk,3.3,3.9,0.6,39.9,32.4,17,8,1,0,0,1,0.0,4.6,87.58,Critical
STU-0658,balanced,6.8,6.4,3.5,98.2,85.0,67,8,0,0,0,0,0.9,2.0,33.83,Moderate
STU-0659,overworked,7.3,4.2,11.1,72.5,56.6,46,6,1,1,0,0,0.6,3.2,66.24,High
STU-0660,overworked,3.7,5.7,8.9,85.8,55.3,44,4,1,1,0,0,0.0,1.6,60.57,High
STU-0661,overworked,4.5,5.7,11.0,84.0,86.2,1,6,1,0,0,0,0.5,1.2,71.7,High
STU-0662,high_achiever,7.3,7.1,8.9,93.3,76.0,71,6,0,0,0,0,0.6,2.1,31.21,Moderate
STU-0663,overworked,5.6,5.8,10.5,80.8,67.9,33,1,1,0,0,0,0.3,2.9,48.4,Moderate
STU-0664,overworked,5.1,6.1,9.3,69.5,62.4,87,4,1,0,0,0,0.1,2.0,51.8,Moderate
STU-0665,overworked,4.3,5.2,8.5,75.4,54.9,23,2,0,0,0,0,0.3,2.0,45.3,Moderate
STU-0666,overworked,5.8,3.8,11.1,80.1,72.0,24,5,0,0,1,0,0.4,1.8,53.72,Moderate
STU-0667,balanced,7.7,5.6,4.9,80.0,77.0,34,2,1,0,0,0,1.7,1.3,32.05,Moderate
STU-0668,high_achiever,7.4,5.9,6.6,94.9,78.7,43,6,0,1,0,0,1.2,0.5,35.72,Moderate
STU-0669,overworked,5.0,6.7,9.1,56.0,50.0,42,1,0,0,0,0,0.4,2.7,46.34,Moderate
STU-0670,high_achiever,7.9,7.3,6.4,95.5,75.2,60,2,0,1,0,0,0.6,0.5,28.39,Low
STU-0671,balanced,7.2,7.1,5.6,74.6,73.5,31,6,0,0,0,0,0.6,2.6,29.95,Low
STU-0672,high_achiever,7.4,7.6,5.5,85.4,78.4,12,8,0,0,1,0,1.0,1.6,37.97,Moderate
STU-0673,struggling,7.9,2.0,4.4,55.3,45.0,20,0,1,0,0,0,0.1,3.4,62.79,High
STU-0674,high_achiever,8.5,6.5,8.6,83.4,77.0,46,0,0,1,0,0,0.1,1.1,32.4,Moderate
STU-0675,at_risk,2.6,3.6,0.0,60.0,40.9,21,4,1,1,1,1,0.2,2.4,86.56,Critical
STU-0676,struggling,2.2,4.0,4.3,63.1,41.8,88,7,1,1,0,0,0.3,2.5,78.13,Critical
STU-0677,struggling,3.7,5.8,2.7,55.7,42.8,87,5,1,0,1,0,0.6,3.7,67.95,High
STU-0678,at_risk,2.1,1.5,1.1,30.3,38.4,89,8,0,0,1,1,0.0,8.1,100.0,Critical
STU-0679,high_achiever,7.7,7.0,8.2,90.9,80.4,44,7,1,1,0,0,0.3,1.1,43.97,Moderate
STU-0680,high_achiever,7.9,6.3,7.8,87.9,84.7,5,7,1,1,0,0,1.5,1.6,55.19,High
STU-0681,high_achiever,7.3,6.1,6.0,88.3,89.5,69,5,0,0,0,0,0.9,0.7,32.89,Moderate
STU-0682,overworked,6.0,3.6,8.8,79.1,87.0,20,1,1,0,0,0,0.1,3.0,54.02,Moderate
STU-0683,struggling,3.1,4.2,1.9,59.6,51.6,81,8,1,0,0,0,0.5,6.4,72.73,High
STU-0684,overworked,2.5,5.0,9.9,80.5,66.7,30,5,1,1,0,0,0.4,3.4,67.56,High
STU-0685,high_achiever,7.5,6.1,6.8,99.2,83.9,63,8,0,0,0,0,1.0,1.2,33.59,Moderate
STU-0686,balanced,9.2,7.4,5.6,82.3,55.9,84,1,1,0,0,1,1.5,1.9,32.51,Moderate
STU-0687,balanced,6.5,6.7,5.0,90.2,72.0,24,1,0,1,1,0,2.0,2.1,32.01,Moderate
STU-0688,balanced,7.1,6.5,2.9,94.8,80.6,75,4,0,0,0,0,1.4,1.9,25.03,Low
STU-0689,balanced,6.7,7.7,4.2,61.7,73.2,83,7,1,0,1,0,1.1,1.9,44.24,Moderate
STU-0690,at_risk,3.1,3.8,3.8,25.2,44.1,53,5,0,0,1,1,0.2,3.7,82.12,Critical
STU-0691,high_achiever,7.2,6.0,7.9,87.9,79.9,38,1,1,0,0,0,0.8,2.0,35.83,Moderate
STU-0692,at_risk,2.3,3.4,3.9,36.8,53.8,24,3,0,1,0,1,0.1,5.9,89.28,Critical
STU-0693,struggling,2.4,4.1,1.7,73.4,72.3,53,1,1,0,1,0,0.8,6.6,65.58,High
STU-0694,high_achiever,7.5,5.3,9.4,93.3,82.0,13,2,0,0,0,0,1.5,0.9,36.48,Moderate
STU-0695,high_achiever,7.7,6.9,6.9,83.7,85.5,76,7,0,0,0,0,1.4,1.4,27.97,Low
STU-0696,at_risk,1.5,3.5,1.1,59.2,38.4,52,6,0,0,0,0,0.2,8.4,79.99,Critical
STU-0697,high_achiever,8.0,5.8,7.0,88.3,82.9,70,4,1,1,0,0,0.9,0.9,38.65,Moderate
STU-0698,overworked,4.5,5.2,7.5,78.2,89.0,36,0,1,0,1,1,0.7,3.5,58.2,High
STU-0699,struggling,5.8,3.6,2.5,30.0,66.2,40,0,0,0,1,1,0.8,4.0,65.53,High
STU-0700,high_achiever,7.2,6.8,8.3,82.3,87.5,73,2,0,0,0,0,0.9,1.5,28.35,Low
STU-0701,balanced,7.0,6.9,5.2,89.8,78.4,31,3,0,1,0,0,1.3,1.0,30.75,Moderate
STU-0702,overworked,6.8,5.0,10.5,95.7,80.4,9,5,1,1,0,0,0.4,1.8,58.68,High
STU-0703,high_achiever,7.7,6.3,7.5,90.2,83.1,12,4,1,0,0,0,0.3,0.9,43.67,Moderate
STU-0704,balanced,8.9,6.9,5.9,89.6,68.5,42,5,0,0,0,0,1.3,1.4,23.47,Low
STU-0705,at_risk,2.7,3.8,0.8,58.6,60.0,83,0,1,0,1,1,0.0,5.5,78.22,Critical
STU-0706,struggling,5.2,3.8,0.0,78.3,61.1,72,2,0,1,0,1,0.0,3.9,61.97,High
STU-0707,overworked,7.7,5.9,9.2,78.8,68.7,57,8,0,1,0,0,0.7,1.5,41.1,Moderate
STU-0708,balanced,8.2,7.0,7.2,76.6,74.6,60,0,0,0,1,0,0.8,1.8,23.36,Low
STU-0709,struggling,3.3,2.8,4.5,70.6,31.2,17,7,1,0,1,0,0.7,8.5,86.41,Critical
STU-0710,struggling,3.0,7.0,1.5,62.2,54.2,67,3,1,0,1,0,0.7,5.3,60.05,High
STU-0711,balanced,6.2,6.7,4.3,82.4,70.5,14,6,1,0,0,0,0.6,2.6,39.84,Moderate
STU-0712,overworked,3.6,4.8,9.6,60.5,73.3,39,2,1,1,0,1,0.1,3.6,74.59,High
STU-0713,at_risk,2.1,2.8,1.8,57.2,37.7,5,3,1,0,1,1,0.1,6.3,100.0,Critical
STU-0714,balanced,6.9,5.3,6.7,84.4,68.8,6,3,0,0,0,0,2.0,1.9,35.85,Moderate
STU-0715,at_risk,3.4,3.9,2.6,41.6,43.4,88,1,0,0,0,1,0.0,7.3,74.66,High
STU-0716,overworked,4.8,6.7,8.3,72.0,65.5,69,8,1,1,0,0,0.0,0.4,55.2,High
STU-0717,high_achiever,7.9,6.5,6.8,91.2,91.1,85,0,0,0,0,0,0.9,1.1,22.5,Low
STU-0718,overworked,6.4,6.4,8.6,79.0,73.4,25,4,0,1,1,1,0.1,2.2,50.53,Moderate
STU-0719,balanced,5.4,7.3,5.0,83.6,74.9,84,5,0,1,0,0,0.8,1.8,35.46,Moderate
STU-0720,at_risk,3.9,2.1,1.7,32.4,44.8,48,8,1,0,1,1,0.0,5.2,99.46,Critical
STU-0721,at_risk,2.5,4.0,0.5,26.9,39.3,23,3,1,0,0,1,0.0,7.5,93.61,Critical
STU-0722,struggling,4.3,2.6,6.3,60.0,60.4,67,4,1,0,1,1,0.0,5.3,78.23,Critical
STU-0723,overworked,6.2,4.6,9.5,85.0,57.7,80,4,1,1,0,0,0.2,2.6,61.67,High
STU-0724,balanced,7.1,7.5,5.4,97.5,61.0,49,0,0,0,0,0,1.2,0.8,18.1,Low
STU-0725,at_risk,2.8,3.6,1.6,46.4,60.0,17,1,0,0,1,1,0.0,7.2,77.52,Critical
STU-0726,high_achiever,8.0,6.3,6.5,100.0,92.1,53,3,0,0,0,0,1.1,0.2,24.79,Low
STU-0727,struggling,8.0,4.2,5.2,79.3,54.6,16,3,1,0,0,0,0.0,1.1,45.81,Moderate
STU-0728,struggling,2.8,4.7,1.6,58.8,52.4,88,8,1,0,1,1,0.4,3.1,80.02,Critical
STU-0729,at_risk,1.9,1.8,1.8,48.5,39.9,72,2,1,0,0,1,0.4,5.7,90.48,Critical
STU-0730,overworked,3.8,5.8,9.8,73.8,51.0,18,0,0,0,1,0,0.8,1.2,47.06,Moderate
STU-0731,high_achiever,8.1,5.7,5.2,80.4,89.3,81,4,0,1,0,0,0.8,2.9,35.13,Moderate
STU-0732,balanced,6.3,6.5,5.8,78.2,79.9,78,4,1,1,1,0,0.8,1.0,45.48,Moderate
STU-0733,struggling,1.0,3.9,3.0,54.4,66.9,10,7,0,0,1,1,0.7,4.3,85.68,Critical
STU-0734,balanced,6.6,6.5,4.7,76.4,69.8,49,7,0,0,0,0,1.0,1.4,32.18,Moderate
STU-0735,overworked,6.0,4.1,11.4,68.2,53.8,34,6,1,1,0,0,0.5,1.5,66.75,High
STU-0736,balanced,4.8,8.1,6.3,70.0,63.2,56,7,0,0,0,0,1.9,1.4,29.6,Low
STU-0737,struggling,1.0,4.1,3.2,70.6,35.2,77,6,0,0,1,0,0.0,5.5,77.04,Critical
STU-0738,high_achiever,6.5,7.3,7.0,96.5,84.6,82,0,1,0,0,0,0.0,1.3,35.23,Moderate
STU-0739,struggling,2.7,4.0,3.2,30.0,72.1,66,8,1,0,1,0,0.0,5.6,84.98,Critical
STU-0740,overworked,7.4,5.4,9.1,69.1,78.0,6,3,0,1,0,0,0.0,2.7,57.34,High
STU-0741,overworked,7.4,5.2,10.5,78.8,52.5,54,4,1,1,0,0,0.1,2.7,57.27,High
STU-0742,struggling,5.8,5.0,2.0,52.4,53.2,57,1,1,0,1,0,0.0,7.3,68.1,High
STU-0743,high_achiever,8.8,5.4,8.5,100.0,77.1,17,6,1,0,0,0,1.3,1.4,35.33,Moderate
STU-0744,overworked,6.2,5.8,8.6,89.7,53.3,25,7,1,1,0,0,0.0,2.3,57.09,High
STU-0745,balanced,6.5,7.6,6.1,88.9,74.0,15,1,0,0,0,0,1.4,1.5,25.13,Low
STU-0746,balanced,6.4,8.7,5.5,71.0,85.9,65,2,0,0,0,0,1.3,2.3,24.04,Low
STU-0747,overworked,6.0,4.4,11.0,78.0,76.9,84,2,1,0,0,0,0.0,2.6,51.82,Moderate
STU-0748,balanced,8.9,7.5,5.8,85.9,67.0,57,4,1,0,1,0,1.8,3.0,31.95,Moderate
STU-0749,struggling,6.4,3.8,2.3,62.5,57.2,32,0,1,1,1,0,0.2,5.6,67.58,High
STU-0750,overworked,4.0,5.5,10.8,79.7,81.5,30,3,0,1,1,0,0.0,2.6,56.55,High
STU-0751,struggling,2.3,3.7,2.1,55.4,49.4,31,8,1,0,1,0,0.6,4.3,76.96,Critical
STU-0752,overworked,7.2,4.2,9.4,82.5,72.0,7,5,0,0,1,1,0.7,2.6,59.41,High
STU-0753,balanced,9.4,7.2,5.3,89.7,77.0,11,0,0,0,0,0,1.4,3.3,20.35,Low
STU-0754,balanced,6.9,7.1,6.8,69.9,59.3,89,8,0,1,0,0,1.0,0.8,38.86,Moderate
STU-0755,balanced,7.7,6.3,3.8,82.6,81.9,38,5,0,0,0,1,0.5,2.3,37.96,Moderate
STU-0756,overworked,6.9,6.2,12.8,74.4,71.1,37,7,1,1,0,0,0.3,2.2,58.93,High
STU-0757,balanced,5.9,6.3,7.2,90.2,72.1,89,3,0,0,0,0,1.5,2.0,31.88,Moderate
STU-0758,struggling,4.1,5.7,7.5,69.2,52.6,61,4,1,0,0,0,0.5,4.3,59.76,High
STU-0759,overworked,5.8,4.7,8.2,89.0,78.7,16,7,0,1,0,0,0.3,2.7,48.94,Moderate
STU-0760,struggling,4.3,5.0,6.1,52.8,36.7,90,4,0,0,1,0,0.0,2.8,64.52,High
STU-0761,at_risk,4.0,3.8,3.8,50.0,36.9,26,6,1,1,1,1,0.0,5.6,91.76,Critical
STU-0762,overworked,5.9,5.0,10.6,78.9,68.4,25,4,1,1,0,1,0.1,2.3,65.22,High
STU-0763,overworked,3.8,5.1,9.8,70.8,64.1,14,5,1,1,0,0,0.5,1.3,62.77,High
STU-0764,overworked,4.2,6.1,13.0,69.4,75.3,42,5,0,0,1,1,0.2,3.0,61.96,High
STU-0765,at_risk,3.0,2.6,1.7,32.5,47.9,19,7,1,0,1,1,0.0,7.3,100.0,Critical
STU-0766,at_risk,2.4,3.6,0.9,51.2,56.4,7,8,1,0,0,1,0.0,8.5,100.0,Critical
STU-0767,overworked,4.3,3.5,10.0,72.5,88.7,87,5,0,1,0,0,0.4,1.6,56.84,High
STU-0768,high_achiever,8.7,6.1,7.1,95.8,82.1,3,5,0,1,0,0,1.0,1.4,43.38,Moderate
STU-0769,at_risk,3.1,3.3,2.1,42.4,20.3,76,1,1,0,1,1,0.2,10.0,100.0,Critical
STU-0770,at_risk,1.7,2.6,3.1,54.7,36.1,52,1,0,0,1,1,0.0,6.4,84.17,Critical
STU-0771,overworked,5.7,5.9,7.6,62.7,85.8,38,2,1,1,0,0,0.2,3.1,53.62,Moderate
STU-0772,balanced,7.0,7.4,4.4,83.1,71.9,3,7,0,0,0,0,0.7,2.0,37.72,Moderate
STU-0773,at_risk,2.3,2.3,4.4,61.2,49.6,39,5,1,0,1,0,0.0,2.7,81.12,Critical
STU-0774,balanced,7.1,6.4,6.0,91.3,74.8,16,3,0,0,0,0,1.7,2.4,24.58,Low
STU-0775,high_achiever,7.3,7.2,4.0,90.3,76.4,5,1,0,0,0,1,0.8,1.3,38.49,Moderate
STU-0776,overworked,4.7,3.9,12.9,96.7,58.4,2,4,0,1,0,0,0.9,1.9,77.57,Critical
STU-0777,struggling,3.9,3.7,5.0,63.5,46.3,56,1,1,1,1,0,0.0,3.5,71.21,High
STU-0778,overworked,5.5,3.8,9.1,91.7,82.0,13,3,1,1,0,0,0.4,2.1,69.63,High
STU-0779,struggling,4.8,4.1,1.4,66.7,62.0,73,3,1,1,0,0,0.1,5.2,64.95,High
STU-0780,balanced,7.0,5.0,5.2,89.8,69.9,3,7,0,0,0,1,1.2,1.3,54.77,Moderate
STU-0781,at_risk,2.3,2.6,4.0,61.9,30.7,90,7,1,0,1,1,0.2,7.3,98.89,Critical
STU-0782,struggling,1.5,5.7,2.6,57.7,75.0,68,1,1,0,0,0,0.4,4.2,56.84,High
STU-0783,at_risk,3.9,2.2,0.5,43.0,55.0,89,7,0,0,1,0,0.3,5.9,79.11,Critical
STU-0784,balanced,6.6,7.1,5.6,89.8,82.7,28,2,0,0,0,0,1.4,1.6,25.61,Low
STU-0785,at_risk,2.4,2.4,1.4,49.3,48.9,85,5,1,0,1,1,0.1,3.8,89.73,Critical
STU-0786,high_achiever,7.9,6.6,8.1,96.1,81.4,44,7,0,1,1,0,0.8,0.9,42.45,Moderate
STU-0787,overworked,7.7,4.7,9.1,92.7,75.1,13,6,1,0,0,1,0.5,1.2,61.38,High
STU-0788,high_achiever,7.1,5.7,6.6,88.1,83.7,68,7,0,1,0,0,0.4,1.9,42.97,Moderate
STU-0789,overworked,2.6,6.0,8.3,86.6,69.3,49,1,1,0,0,0,0.4,2.1,51.08,Moderate
STU-0790,overworked,3.6,5.6,11.2,85.2,93.2,43,8,0,1,0,0,0.2,3.0,59.39,High
STU-0791,struggling,5.9,4.5,2.9,77.7,46.1,62,1,1,0,0,0,0.0,4.0,54.35,Moderate
STU-0792,struggling,6.1,4.6,5.5,45.7,46.7,51,1,1,0,0,1,0.2,4.6,68.09,High
STU-0793,struggling,5.0,4.0,3.7,61.5,40.9,82,0,0,0,0,1,0.3,4.6,61.06,High
STU-0794,balanced,7.2,7.1,5.0,92.2,65.6,0,2,0,0,0,0,0.9,3.5,33.78,Moderate
STU-0795,struggling,2.0,5.4,0.4,59.2,75.0,26,5,1,1,0,0,0.0,1.8,64.0,High
STU-0796,overworked,6.8,6.1,8.7,84.8,83.9,44,1,0,0,0,0,0.9,2.0,26.67,Low
STU-0797,struggling,2.8,4.0,3.1,59.7,65.4,7,5,0,0,0,0,0.7,4.5,68.43,High
STU-0798,at_risk,2.9,3.6,3.4,49.1,60.0,14,4,0,1,1,0,0.0,5.2,76.24,Critical
STU-0799,at_risk,2.9,4.8,2.0,26.7,48.1,48,6,1,0,1,1,0.3,2.3,85.48,Critical
STU-0800,overworked,3.1,4.3,8.1,86.1,71.2,49,5,0,0,0,1,0.0,2.9,56.64,High
STU-0801,high_achiever,8.1,5.9,6.6,93.5,88.1,9,0,1,0,0,0,1.5,1.4,34.28,Moderate
STU-0802,balanced,6.8,7.1,6.0,81.2,60.6,17,6,0,0,0,0,1.3,2.0,27.9,Low
STU-0803,at_risk,1.2,5.0,2.7,44.6,24.4,58,8,0,0,0,1,0.0,8.8,92.64,Critical
STU-0804,overworked,4.7,5.5,8.3,93.0,83.5,0,7,0,1,1,0,0.3,1.7,67.28,High
STU-0805,high_achiever,6.6,5.6,7.2,89.4,76.9,46,0,1,0,0,0,0.9,1.7,37.19,Moderate
STU-0806,at_risk,1.0,3.4,0.0,61.5,47.4,88,1,1,0,1,1,0.0,4.7,84.31,Critical
STU-0807,balanced,4.9,7.3,5.2,89.8,66.2,59,8,0,0,0,0,1.0,0.9,33.36,Moderate
STU-0808,balanced,6.0,7.8,4.7,83.0,72.0,85,1,0,1,0,0,0.7,1.7,31.88,Moderate
STU-0809,struggling,2.2,5.5,2.2,56.2,58.4,68,0,1,0,0,0,0.1,4.9,61.84,High
STU-0810,overworked,5.7,2.6,6.8,84.2,80.4,37,4,0,1,0,0,0.1,2.0,53.2,Moderate
STU-0811,balanced,7.9,5.4,4.4,79.3,80.6,33,0,0,0,0,0,2.2,1.7,20.5,Low
STU-0812,struggling,4.6,6.1,3.7,51.1,63.5,79,0,1,0,0,1,0.5,3.3,57.55,High
STU-0813,overworked,7.0,6.2,9.4,74.4,82.3,16,4,1,1,0,0,0.0,2.6,48.08,Moderate
STU-0814,overworked,7.1,4.7,11.4,82.9,57.8,19,7,1,0,0,0,0.8,3.4,56.38,High
STU-0815,overworked,4.4,4.7,9.7,71.0,86.9,67,0,1,0,1,1,0.4,0.0,62.7,High
STU-0816,overworked,5.0,4.9,8.9,86.1,81.2,63,6,1,1,0,1,0.5,1.9,64.25,High
STU-0817,high_achiever,7.8,5.9,7.7,93.3,94.2,44,0,1,1,0,0,1.5,1.1,38.37,Moderate
STU-0818,struggling,2.6,5.3,2.7,49.7,55.4,38,7,0,1,1,1,0.0,2.2,75.98,Critical
STU-0819,high_achiever,7.9,6.2,5.1,86.9,87.3,60,4,0,0,0,0,1.2,1.4,28.15,Low
STU-0820,balanced,7.6,6.4,5.2,70.8,74.1,86,5,0,1,0,0,1.6,2.2,35.99,Moderate
STU-0821,at_risk,2.2,4.8,1.7,70.0,37.7,55,4,1,1,0,1,0.2,9.2,88.42,Critical
STU-0822,overworked,5.8,6.3,9.3,64.8,91.4,86,3,1,1,0,0,0.3,2.3,55.22,High
STU-0823,high_achiever,7.3,5.8,7.3,82.0,83.3,23,5,0,1,0,0,1.1,1.3,34.67,Moderate
STU-0824,struggling,6.4,4.6,5.6,58.9,41.4,13,7,0,0,1,1,0.4,4.5,74.96,High
STU-0825,overworked,7.7,4.4,6.7,91.3,65.0,7,3,0,1,1,0,0.2,0.8,54.86,Moderate
STU-0826,at_risk,1.2,3.6,3.4,54.3,37.3,16,6,1,0,1,0,0.0,4.6,86.69,Critical
STU-0827,struggling,2.8,4.7,4.5,73.6,37.3,89,2,0,0,0,0,1.0,6.0,57.32,High
STU-0828,overworked,7.1,7.0,7.3,75.7,46.2,35,6,1,0,0,0,0.5,2.5,42.98,Moderate
STU-0829,struggling,3.0,2.0,4.1,79.5,44.9,35,0,0,0,1,0,0.4,2.4,61.79,High
STU-0830,overworked,4.9,4.2,8.4,74.1,73.8,56,1,1,1,0,0,0.0,1.9,56.45,High
STU-0831,overworked,3.9,6.8,8.2,71.3,60.2,18,8,0,0,1,0,0.9,2.6,47.54,Moderate
STU-0832,high_achiever,8.7,6.6,7.3,89.3,80.5,13,0,1,0,0,0,1.1,1.1,34.06,Moderate
STU-0833,balanced,5.9,8.2,5.4,84.4,81.7,19,0,0,0,0,0,0.9,2.3,18.66,Low
STU-0834,at_risk,1.8,2.6,0.1,44.8,42.6,73,0,1,0,0,0,0.2,6.7,81.82,Critical
STU-0835,struggling,4.6,4.6,4.9,71.3,52.4,8,8,0,0,1,0,0.0,3.8,67.07,High
STU-0836,balanced,6.9,7.2,6.4,81.6,75.1,68,5,0,0,0,0,1.3,1.5,25.19,Low
STU-0837,overworked,2.9,4.3,10.2,71.0,67.6,46,8,1,1,0,0,0.5,2.6,69.3,High
STU-0838,at_risk,3.5,4.6,0.3,35.6,52.3,25,2,1,0,0,1,0.1,1.8,70.57,High
STU-0839,struggling,3.6,3.1,2.9,62.4,69.5,13,5,0,0,1,1,0.2,6.4,86.93,Critical
STU-0840,overworked,7.7,5.3,6.6,82.6,80.5,3,3,0,1,1,1,0.4,3.6,68.31,High
STU-0841,overworked,6.4,6.1,10.0,55.0,65.0,57,0,1,1,0,0,0.8,1.6,51.68,Moderate
STU-0842,balanced,6.2,8.4,7.5,74.9,76.2,83,8,1,0,1,0,0.9,2.2,41.58,Moderate
STU-0843,overworked,6.7,5.3,13.9,67.7,52.9,9,0,0,0,1,0,0.3,0.9,57.0,High
STU-0844,high_achiever,7.0,5.9,5.9,93.6,82.0,31,2,0,1,0,0,0.9,1.8,33.78,Moderate
STU-0845,balanced,6.9,7.3,3.2,62.9,77.8,78,2,0,0,0,1,1.4,3.0,35.31,Moderate
STU-0846,high_achiever,8.5,6.4,7.4,99.3,72.3,78,3,1,0,0,0,1.2,2.5,32.65,Moderate
STU-0847,balanced,8.9,6.5,5.5,82.3,57.3,51,5,1,0,0,0,0.7,1.1,35.7,Moderate
STU-0848,balanced,8.1,7.3,6.5,80.7,84.6,27,0,0,0,0,0,1.2,1.8,18.73,Low
STU-0849,struggling,5.0,4.0,5.0,48.4,38.8,89,5,1,1,1,0,0.5,4.7,79.92,Critical
STU-0850,struggling,5.3,3.8,3.2,78.8,70.5,80,6,1,0,1,1,0.8,4.4,67.95,High
STU-0851,high_achiever,7.0,5.9,4.2,99.4,79.8,11,4,1,1,1,0,0.9,0.9,56.28,High
STU-0852,overworked,4.9,3.7,10.2,63.7,61.6,81,4,0,0,0,0,0.0,1.1,54.84,Moderate
STU-0853,struggling,1.1,2.7,3.5,55.5,75.0,23,7,1,0,0,1,0.9,3.5,81.44,Critical
STU-0854,struggling,5.1,3.8,1.3,61.9,49.9,71,3,1,0,1,0,0.2,5.5,67.75,High
STU-0855,balanced,6.0,7.1,6.0,72.6,82.4,69,8,0,0,0,0,0.5,1.5,34.41,Moderate
STU-0856,balanced,6.6,6.5,7.7,75.2,94.5,19,7,0,0,0,0,1.4,1.9,32.79,Moderate
STU-0857,overworked,9.3,4.0,7.8,70.5,70.3,26,6,1,0,1,0,0.0,2.2,52.52,Moderate
STU-0858,overworked,5.7,4.7,8.6,87.0,61.7,6,8,0,0,0,1,1.0,3.7,70.49,High
STU-0859,balanced,7.2,7.8,6.8,75.6,70.8,56,5,0,0,1,0,0.7,2.0,31.21,Moderate
STU-0860,overworked,3.5,4.5,7.5,69.0,75.5,29,1,0,0,1,1,0.2,2.0,54.35,Moderate
STU-0861,balanced,7.4,7.0,4.6,80.5,76.4,74,7,0,1,0,1,0.9,0.9,44.28,Moderate
STU-0862,balanced,6.6,6.9,6.7,100.0,65.0,47,2,0,0,0,0,1.4,1.4,24.43,Low
STU-0863,overworked,4.4,3.9,9.4,63.3,79.5,4,0,1,1,1,0,0.4,2.5,86.53,Critical
STU-0864,overworked,4.9,5.3,7.8,74.4,61.4,28,4,1,1,0,0,0.1,0.5,57.27,High
STU-0865,struggling,3.0,5.9,5.1,46.6,38.9,70,3,0,0,0,1,1.0,7.4,70.82,High
STU-0866,balanced,7.5,6.5,6.0,76.3,58.7,59,4,0,0,0,0,0.7,1.8,28.18,Low
STU-0867,balanced,7.1,6.1,4.6,88.8,77.0,28,2,0,0,0,0,1.2,2.3,28.19,Low
STU-0868,at_risk,3.9,3.0,1.4,28.5,32.9,64,0,0,0,1,0,0.3,8.8,85.85,Critical
STU-0869,overworked,2.8,6.1,6.7,87.0,66.3,63,3,1,0,0,1,0.6,1.1,55.79,High
STU-0870,balanced,5.7,6.5,4.3,68.0,75.8,45,4,0,0,0,0,1.9,3.4,33.73,Moderate
STU-0871,balanced,8.3,7.2,6.1,79.3,76.6,58,0,0,1,0,0,1.4,1.5,24.0,Low
STU-0872,at_risk,2.4,4.3,0.4,47.2,60.0,47,7,1,1,0,1,0.3,8.9,93.04,Critical
STU-0873,high_achiever,8.1,7.2,8.9,81.2,77.1,67,0,1,0,0,0,1.5,1.3,27.19,Low
STU-0874,overworked,3.6,4.4,7.4,98.9,69.8,26,1,0,0,0,0,0.4,2.7,45.88,Moderate
STU-0875,struggling,5.4,5.8,2.6,58.4,61.2,46,0,1,0,0,0,0.1,4.8,52.19,Moderate
STU-0876,balanced,8.0,5.6,6.4,80.1,80.7,71,1,0,0,0,0,1.5,2.8,28.11,Low
STU-0877,struggling,6.0,6.2,3.9,62.4,62.5,83,7,0,1,1,0,0.5,4.3,55.63,High
STU-0878,high_achiever,7.8,5.9,8.5,91.3,97.3,28,5,0,0,0,0,0.3,1.1,33.66,Moderate
STU-0879,overworked,7.2,5.4,10.0,66.7,58.4,44,7,1,0,1,1,0.5,1.1,61.44,High
STU-0880,overworked,6.3,4.0,11.9,90.2,54.3,68,4,0,1,0,0,0.1,0.4,55.77,High
STU-0881,overworked,6.6,4.6,10.2,62.8,78.0,8,3,1,0,0,0,0.2,2.2,60.44,High
STU-0882,at_risk,1.2,2.3,3.5,54.0,50.6,9,1,1,1,0,1,0.2,6.5,100.0,Critical
STU-0883,balanced,6.9,7.0,7.8,87.5,87.3,80,0,1,1,0,0,1.4,1.4,36.62,Moderate
STU-0884,overworked,5.9,4.1,8.9,75.9,86.1,56,0,0,1,1,0,0.0,3.2,52.6,Moderate
STU-0885,overworked,3.4,6.2,10.6,90.5,78.0,82,5,1,0,1,0,1.0,2.6,57.04,High
STU-0886,overworked,6.0,6.2,8.3,71.5,66.9,89,8,1,0,0,0,0.0,2.3,46.12,Moderate
STU-0887,high_achiever,7.8,7.1,6.4,99.4,76.2,21,4,0,1,0,0,1.5,1.7,26.4,Low
STU-0888,balanced,9.9,6.9,4.4,70.7,73.2,36,7,0,0,0,0,1.1,1.9,22.82,Low
STU-0889,at_risk,3.1,3.1,0.0,45.8,15.0,22,2,1,1,1,1,0.2,4.2,99.2,Critical
STU-0890,balanced,8.5,6.2,6.8,78.5,89.0,47,2,1,0,0,0,1.1,1.3,31.56,Moderate
STU-0891,balanced,6.8,6.3,4.9,81.6,85.7,57,8,0,0,0,0,0.4,1.8,35.85,Moderate
STU-0892,at_risk,2.7,4.8,1.9,45.2,45.1,18,7,1,1,1,0,0.1,5.4,88.3,Critical
STU-0893,at_risk,1.8,2.9,1.2,68.3,15.0,82,4,1,0,1,1,0.2,6.3,93.02,Critical
STU-0894,overworked,6.0,5.5,10.4,55.0,83.7,18,7,1,0,0,0,0.2,2.7,60.02,High
STU-0895,overworked,4.2,5.7,8.9,57.3,81.7,14,4,1,1,1,0,0.2,1.5,65.76,High
STU-0896,balanced,7.5,7.0,6.2,71.3,69.1,77,3,0,0,0,0,1.2,2.9,27.09,Low
STU-0897,struggling,5.6,4.5,2.8,59.0,50.0,68,7,1,0,1,1,0.5,6.9,78.22,Critical
STU-0898,struggling,5.8,3.3,2.9,53.3,55.8,77,8,0,0,1,0,0.2,5.9,66.55,High
STU-0899,at_risk,2.5,4.2,0.0,70.0,34.6,47,6,0,0,1,0,0.0,6.5,73.57,High
STU-0900,overworked,5.4,6.0,10.6,81.0,74.5,11,3,1,1,0,0,0.4,3.6,62.73,High
STU-0901,high_achiever,7.9,6.5,8.0,86.8,74.5,54,6,0,0,0,0,1.1,1.5,31.34,Moderate
STU-0902,balanced,5.9,7.9,8.3,79.0,64.7,67,5,0,1,0,0,1.0,1.8,36.3,Moderate
STU-0903,balanced,6.6,8.2,4.2,68.1,83.9,34,6,0,0,1,0,0.3,1.7,39.03,Moderate
STU-0904,balanced,7.2,6.1,5.4,81.6,76.3,48,4,0,0,0,0,1.5,1.2,30.39,Moderate
STU-0905,struggling,4.4,5.4,2.6,77.4,48.9,71,7,1,0,0,1,0.4,3.4,61.74,High
STU-0906,balanced,7.9,6.6,4.5,76.9,80.6,81,7,0,1,0,0,0.9,1.7,34.64,Moderate
STU-0907,balanced,5.3,5.8,5.9,76.1,83.5,82,3,0,0,0,0,1.6,2.2,35.4,Moderate
STU-0908,balanced,7.1,7.5,4.8,100.0,90.9,46,7,0,0,0,0,1.2,2.0,29.08,Low
STU-0909,struggling,3.8,3.7,4.8,62.9,54.2,15,5,0,0,1,0,0.0,2.2,60.75,High
STU-0910,struggling,5.4,4.2,5.7,53.6,39.3,40,7,1,0,1,1,0.3,4.7,81.5,Critical
STU-0911,at_risk,1.7,4.9,5.0,47.4,53.0,45,0,1,1,1,1,0.0,8.4,94.54,Critical
STU-0912,overworked,6.8,5.0,6.0,71.6,63.7,23,1,0,0,0,0,0.1,2.3,35.04,Moderate
STU-0913,struggling,2.8,3.2,2.4,75.5,44.1,38,4,1,0,1,0,0.1,4.1,73.12,High
STU-0914,struggling,4.7,2.0,5.0,79.2,39.4,1,2,0,1,0,0,0.0,4.1,84.72,Critical
STU-0915,struggling,4.3,2.2,1.8,80.5,40.9,13,3,1,0,1,0,0.7,5.3,80.78,Critical
STU-0916,balanced,7.8,6.9,5.0,84.0,78.8,67,8,1,1,0,0,1.5,2.5,41.74,Moderate
STU-0917,high_achiever,6.7,6.2,10.5,94.6,99.2,14,2,0,0,0,0,1.6,1.5,32.54,Moderate
STU-0918,at_risk,2.5,1.8,2.0,66.2,30.8,76,8,1,0,1,0,0.2,7.9,92.97,Critical
STU-0919,high_achiever,7.4,5.8,6.0,84.6,79.6,28,2,1,0,1,0,1.6,0.9,37.82,Moderate
STU-0920,at_risk,2.0,4.7,4.0,61.0,41.7,10,6,1,0,1,1,0.1,3.8,98.06,Critical
STU-0921,struggling,2.9,5.3,5.1,55.3,64.5,5,3,0,1,0,0,0.5,7.4,83.67,Critical
STU-0922,balanced,5.9,6.6,5.8,82.5,71.9,32,0,0,0,1,0,0.4,2.1,36.56,Moderate
STU-0923,balanced,7.7,7.5,6.2,85.2,82.5,26,3,0,0,0,0,1.4,1.6,20.46,Low
STU-0924,balanced,7.0,7.3,5.1,84.5,78.5,74,5,0,1,0,0,1.5,2.6,32.61,Moderate
STU-0925,overworked,3.5,4.7,9.6,59.6,83.9,8,1,0,0,0,0,0.4,2.5,61.1,High
STU-0926,high_achiever,7.3,6.9,6.9,90.1,80.4,21,8,0,0,0,0,1.7,1.2,29.07,Low
STU-0927,balanced,5.3,7.9,6.8,82.8,73.2,60,5,0,0,0,0,1.4,3.2,27.3,Low
STU-0928,struggling,5.2,3.4,3.5,59.0,46.9,48,6,1,0,1,0,0.3,3.1,71.18,High
STU-0929,balanced,5.4,7.4,5.1,72.6,76.6,14,8,1,1,0,0,0.6,1.8,45.9,Moderate
STU-0930,balanced,7.7,6.3,5.0,84.4,68.8,41,7,0,0,0,1,1.2,0.9,37.18,Moderate
STU-0931,balanced,9.0,9.0,5.6,88.3,60.8,56,3,1,0,0,0,1.8,2.3,20.05,Low
STU-0932,struggling,5.9,4.2,2.8,67.7,39.2,60,5,1,0,1,1,0.6,3.2,68.01,High
STU-0933,balanced,6.3,7.6,4.8,71.2,70.2,84,1,0,0,1,0,1.2,1.1,27.33,Low
STU-0934,balanced,9.3,6.3,5.1,79.1,71.6,21,1,0,0,0,0,1.4,2.4,19.43,Low
STU-0935,overworked,3.6,6.3,9.4,95.3,47.5,29,6,1,1,0,0,0.5,3.7,64.48,High
STU-0936,high_achiever,7.6,6.7,6.3,89.4,83.0,82,6,1,0,0,0,0.7,2.0,36.51,Moderate
STU-0937,overworked,5.9,5.8,9.1,70.3,64.0,18,7,0,0,0,0,0.4,1.4,42.06,Moderate
STU-0938,balanced,6.7,8.7,2.2,80.6,88.8,12,0,1,0,0,0,1.2,2.3,29.25,Low
STU-0939,high_achiever,7.3,5.0,7.2,87.1,80.2,41,2,0,1,0,0,0.8,2.3,41.85,Moderate
STU-0940,overworked,5.8,4.5,7.7,82.7,87.8,63,7,0,0,0,0,0.3,0.3,44.5,Moderate
STU-0941,balanced,8.2,5.7,5.7,85.6,74.4,69,8,0,0,0,0,0.9,2.4,32.03,Moderate
STU-0942,balanced,5.7,5.4,7.0,86.9,75.7,57,5,0,0,0,0,1.0,1.5,34.54,Moderate
STU-0943,at_risk,2.1,1.4,0.9,43.3,45.3,38,2,1,1,1,1,0.1,7.8,100.0,Critical
STU-0944,overworked,7.1,5.5,9.5,68.2,77.4,86,7,1,0,0,1,0.9,2.5,57.56,High
STU-0945,struggling,1.7,3.1,4.8,65.2,67.8,64,0,0,0,1,0,0.3,3.5,60.84,High
STU-0946,overworked,3.2,3.9,11.0,86.7,73.6,36,5,1,0,0,0,0.0,1.9,61.36,High
STU-0947,balanced,8.4,6.5,4.2,82.2,69.9,74,0,0,1,0,0,1.8,1.4,22.82,Low
STU-0948,high_achiever,6.1,6.5,6.3,83.9,92.1,52,5,0,1,0,0,1.3,1.4,38.97,Moderate
STU-0949,balanced,7.9,6.3,4.3,88.5,78.2,88,1,1,0,0,1,1.3,1.3,37.71,Moderate
STU-0950,at_risk,1.7,3.4,4.2,38.1,19.1,84,6,1,1,1,1,0.0,8.2,100.0,Critical
STU-0951,struggling,3.8,3.9,4.2,51.8,55.7,40,6,0,1,0,0,0.1,3.5,66.3,High
STU-0952,struggling,3.4,4.4,3.9,30.0,42.3,26,5,1,1,1,0,0.2,7.1,91.45,Critical
STU-0953,overworked,5.7,6.5,7.5,81.9,62.0,55,3,0,0,1,0,0.2,1.6,37.91,Moderate
STU-0954,overworked,9.6,5.8,11.2,82.9,53.9,36,4,0,0,0,0,0.5,3.1,35.15,Moderate
STU-0955,balanced,8.2,7.6,7.7,78.7,66.2,11,1,0,0,0,0,1.1,2.7,22.03,Low
STU-0956,struggling,1.0,4.6,2.8,62.1,63.3,44,1,1,0,0,0,0.1,2.0,63.76,High
STU-0957,struggling,2.5,3.2,5.2,57.4,51.2,25,6,1,0,1,0,0.4,6.4,81.31,Critical
STU-0958,overworked,7.8,2.9,10.6,69.6,83.7,2,8,0,1,0,1,0.4,1.7,82.87,Critical
STU-0959,at_risk,3.4,4.1,0.5,40.7,38.0,59,4,1,0,0,1,0.1,7.7,85.51,Critical
STU-0960,at_risk,2.8,3.2,0.7,36.9,35.4,72,0,1,0,0,1,0.0,4.8,84.85,Critical
STU-0961,struggling,4.8,3.5,3.2,80.5,63.9,38,6,1,1,1,0,0.6,4.1,68.81,High
STU-0962,overworked,5.1,4.8,10.1,72.0,84.9,34,4,0,0,0,0,0.4,2.7,49.45,Moderate
STU-0963,struggling,5.5,2.8,4.2,72.2,62.7,24,0,1,0,1,1,0.0,3.8,67.46,High
STU-0964,balanced,6.4,6.8,7.4,81.6,69.2,82,0,0,0,0,0,0.8,2.0,24.46,Low
STU-0965,balanced,7.0,7.3,7.1,87.3,69.3,70,2,1,1,0,0,1.7,1.6,33.54,Moderate
STU-0966,struggling,3.7,6.2,3.7,62.2,71.6,10,5,1,0,0,1,0.0,2.9,66.92,High
STU-0967,struggling,4.6,4.7,5.8,64.9,47.2,84,1,0,0,1,1,0.3,5.0,61.05,High
STU-0968,overworked,9.6,5.5,9.8,84.2,77.1,64,1,0,0,1,0,0.4,1.7,34.02,Moderate
STU-0969,struggling,4.6,3.5,5.6,65.5,60.8,11,3,0,0,0,1,0.7,4.8,68.86,High
STU-0970,struggling,5.2,3.6,3.6,63.5,40.5,30,6,0,0,0,0,1.0,2.7,52.77,Moderate
STU-0971,balanced,8.5,7.6,4.3,86.9,86.7,75,0,1,0,0,0,1.2,3.4,23.94,Low
STU-0972,overworked,6.5,6.2,10.8,76.0,67.1,87,3,1,0,0,0,0.5,2.9,46.36,Moderate
STU-0973,at_risk,3.5,2.5,1.7,33.9,33.4,39,0,0,0,1,1,0.3,6.4,91.55,Critical
STU-0974,struggling,4.3,4.6,3.7,54.3,51.3,6,3,0,1,0,0,0.6,5.0,80.12,Critical
STU-0975,overworked,4.1,4.5,9.6,89.9,56.6,87,1,1,0,0,0,0.3,2.3,52.13,Moderate
STU-0976,struggling,2.7,3.7,2.3,64.3,50.1,32,4,1,0,1,0,0.1,5.4,77.91,Critical
STU-0977,balanced,8.8,5.5,6.2,80.6,76.2,56,5,0,0,0,0,1.0,1.9,28.18,Low
STU-0978,at_risk,1.9,2.6,1.3,51.5,45.2,62,7,0,0,1,0,0.3,5.2,81.21,Critical
STU-0979,high_achiever,8.6,7.3,6.9,89.9,86.1,12,2,0,1,0,0,0.5,1.3,32.73,Moderate
STU-0980,struggling,5.0,4.2,3.8,52.1,60.4,41,7,1,0,0,0,0.3,4.4,64.61,High
STU-0981,struggling,3.9,4.0,4.5,57.3,71.1,82,2,0,0,1,0,0.7,3.5,55.85,High
STU-0982,balanced,6.5,6.7,7.9,79.5,77.9,31,8,1,0,0,0,1.4,1.2,38.23,Moderate
STU-0983,high_achiever,6.8,5.9,4.0,93.7,97.3,52,5,0,0,0,0,1.1,0.7,30.61,Moderate
STU-0984,overworked,4.8,4.0,10.8,86.1,58.4,41,4,0,1,1,0,0.6,3.4,66.36,High
STU-0985,balanced,10.0,6.3,8.9,79.2,70.3,73,3,0,1,0,0,1.3,1.5,29.2,Low
STU-0986,balanced,5.9,6.8,7.0,81.5,76.1,11,7,1,0,0,0,1.4,2.5,43.24,Moderate
STU-0987,balanced,7.8,6.8,5.7,90.5,65.4,33,2,0,1,0,0,0.8,0.6,29.57,Low
STU-0988,balanced,8.5,6.9,3.9,78.1,63.1,55,7,0,0,1,0,0.7,2.0,30.06,Moderate
STU-0989,high_achiever,8.7,6.5,7.1,89.6,89.6,34,4,0,1,0,0,1.3,1.6,30.45,Moderate
STU-0990,high_achiever,7.6,6.9,6.6,91.0,83.4,36,3,1,1,0,0,0.8,1.1,39.01,Moderate
STU-0991,overworked,7.5,6.2,7.6,90.9,66.8,79,7,1,1,1,0,0.6,1.5,50.93,Moderate
STU-0992,at_risk,2.8,2.0,2.9,68.2,35.9,17,5,1,0,1,1,0.4,5.8,91.52,Critical
STU-0993,at_risk,1.0,5.9,4.2,43.7,15.0,76,4,1,0,1,1,0.2,3.3,90.75,Critical
STU-0994,balanced,7.6,6.2,6.8,88.4,82.8,45,0,0,1,0,0,1.2,1.0,30.99,Moderate
STU-0995,balanced,6.9,5.9,7.1,98.8,74.7,16,8,0,0,0,0,2.1,1.9,30.61,Moderate
STU-0996,balanced,6.6,8.3,4.6,87.9,70.5,59,2,1,1,0,0,1.0,2.4,35.07,Moderate
STU-0997,balanced,6.8,7.9,7.4,87.2,69.8,16,7,0,0,0,0,1.0,1.8,28.28,Low
STU-0998,at_risk,1.5,4.2,2.1,22.3,26.9,33,4,0,0,0,1,0.0,6.1,94.45,Critical
STU-0999,struggling,4.4,3.5,3.8,57.8,55.9,19,8,1,1,0,0,0.5,6.6,78.57,Critical
STU-1000,at_risk,4.1,4.4,0.9,70.0,41.9,29,2,1,0,1,1,0.0,9.5,85.39,Critical
STU-1001,balanced,7.2,6.6,5.3,87.7,85.2,63,0,1,0,0,0,1.4,1.9,32.08,Moderate
STU-1002,overworked,5.0,6.0,9.1,82.3,68.9,18,1,0,1,0,1,0.4,1.9,51.64,Moderate
STU-1003,overworked,4.4,4.3,12.7,87.8,46.1,34,3,1,1,0,0,0.2,0.8,68.33,High
STU-1004,struggling,1.0,4.3,1.8,62.7,32.5,9,3,0,0,0,0,0.3,4.2,79.57,Critical
STU-1005,high_achiever,8.9,7.0,6.6,100.0,75.7,87,1,0,0,1,0,0.4,1.4,28.73,Low
STU-1006,overworked,5.2,4.8,7.3,87.5,79.5,10,7,0,0,0,1,0.6,1.7,55.45,High
STU-1007,high_achiever,6.8,6.6,5.7,85.1,82.5,0,5,0,1,0,0,0.8,1.1,47.94,Moderate
STU-1008,at_risk,2.6,3.2,2.3,33.1,39.3,72,2,1,0,1,1,0.1,3.2,91.47,Critical
STU-1009,balanced,6.3,7.1,6.9,89.4,75.3,9,8,1,0,0,1,1.1,2.4,53.82,Moderate
STU-1010,at_risk,1.9,2.7,0.0,50.3,37.0,51,1,1,0,1,0,0.3,6.9,89.47,Critical
STU-1011,balanced,6.5,7.9,4.9,88.2,63.3,83,2,1,0,0,0,1.3,0.6,29.51,Low
STU-1012,balanced,7.6,6.6,4.2,88.8,74.2,87,2,0,0,0,0,1.0,1.8,28.73,Low
STU-1013,overworked,7.2,6.2,10.2,79.7,46.0,49,7,1,1,1,0,0.2,1.8,58.22,High
STU-1014,overworked,3.8,3.0,9.4,86.2,81.1,23,6,0,1,0,0,0.5,1.4,57.67,High
STU-1015,struggling,1.4,3.0,2.2,60.1,39.8,82,2,1,0,0,0,0.4,4.5,76.0,Critical
STU-1016,at_risk,3.6,2.3,2.6,47.8,34.0,10,7,1,0,1,1,0.3,8.0,100.0,Critical
STU-1017,overworked,5.2,5.3,9.1,83.9,72.8,54,4,0,0,0,0,0.9,1.0,39.89,Moderate
STU-1018,struggling,2.6,5.2,1.1,66.2,44.4,52,1,1,0,0,0,0.1,2.6,58.73,High
STU-1019,overworked,7.1,5.0,10.4,94.6,72.6,64,0,0,0,0,0,0.2,2.6,37.1,Moderate
STU-1020,balanced,6.7,5.8,6.6,78.9,76.5,10,6,0,1,0,0,0.8,2.1,44.92,Moderate
STU-1021,at_risk,2.4,4.4,3.2,47.7,16.8,79,4,1,0,1,1,0.7,9.7,100.0,Critical
STU-1022,overworked,4.4,4.9,8.7,90.6,72.6,77,4,0,0,1,1,0.2,1.8,57.9,High
STU-1023,at_risk,4.1,5.0,3.1,44.2,15.0,21,7,1,0,1,1,0.2,6.2,93.13,Critical
STU-1024,overworked,5.6,3.7,10.3,84.3,76.8,38,5,1,0,0,0,0.7,2.7,55.51,High
STU-1025,struggling,3.9,4.6,3.7,74.0,59.7,17,0,0,0,0,1,0.9,8.1,58.14,High
STU-1026,balanced,3.4,8.0,4.9,75.6,71.8,61,2,0,0,0,1,1.0,2.2,35.37,Moderate
STU-1027,struggling,2.4,4.9,4.4,69.7,42.6,38,7,1,0,0,1,0.0,4.0,75.49,Critical
STU-1028,balanced,8.7,5.4,5.2,71.3,61.8,56,7,0,1,0,0,1.6,2.1,37.62,Moderate
STU-1029,overworked,6.9,4.5,8.9,99.9,67.5,50,0,0,1,1,0,0.6,2.2,43.49,Moderate
STU-1030,overworked,2.4,4.4,11.1,85.9,79.1,63,8,1,0,0,0,0.1,3.5,67.17,High
STU-1031,at_risk,2.7,3.5,1.7,68.1,29.5,86,7,1,0,1,1,0.0,6.2,90.47,Critical
STU-1032,balanced,10.0,7.5,5.0,73.6,60.0,34,6,1,1,0,0,0.8,1.9,36.88,Moderate
STU-1033,at_risk,3.6,3.7,1.5,52.0,31.8,55,0,1,0,1,1,0.4,5.8,83.78,Critical
STU-1034,balanced,5.0,6.8,6.5,73.5,69.0,75,5,0,0,0,0,1.5,0.9,33.79,Moderate
STU-1035,at_risk,2.0,3.1,0.3,53.7,60.0,49,6,0,0,1,0,0.3,4.5,74.21,High
STU-1036,high_achiever,7.5,7.5,8.0,80.0,79.0,20,3,0,0,0,0,1.4,1.5,21.89,Low
STU-1037,overworked,4.5,3.1,9.4,100.0,78.0,77,7,0,0,1,1,1.1,2.9,65.73,High
STU-1038,balanced,9.2,7.3,5.3,90.3,86.6,6,0,0,0,0,0,1.0,1.4,22.08,Low
STU-1039,overworked,6.7,5.8,7.4,97.1,63.6,64,0,1,0,1,0,0.3,1.5,46.21,Moderate
STU-1040,high_achiever,8.0,5.9,8.0,94.8,83.9,62,4,1,1,0,0,1.3,1.0,40.68,Moderate
STU-1041,at_risk,1.0,2.2,4.7,70.0,38.8,19,8,0,0,0,1,0.4,5.9,83.76,Critical
STU-1042,struggling,4.1,4.4,3.2,75.7,53.8,14,1,1,1,0,0,0.5,6.3,65.58,High
STU-1043,high_achiever,7.0,5.6,7.2,90.1,85.5,64,1,0,0,0,0,1.0,2.7,28.26,Low
STU-1044,balanced,5.2,7.3,5.0,84.5,79.7,90,7,1,0,0,0,1.7,0.9,37.2,Moderate
STU-1045,high_achiever,8.1,7.0,9.6,95.8,84.7,17,1,0,0,0,0,0.6,1.1,25.29,Low
STU-1046,high_achiever,8.3,6.7,5.4,88.8,90.3,60,5,0,1,0,0,1.1,1.7,31.62,Moderate
STU-1047,overworked,7.9,5.2,8.9,68.8,72.5,80,3,1,1,0,0,0.0,2.1,49.76,Moderate
STU-1048,balanced,5.8,6.3,6.5,83.8,75.8,52,6,0,0,0,0,1.3,1.9,34.83,Moderate
STU-1049,at_risk,2.6,2.0,4.4,53.6,30.9,56,2,0,0,1,0,0.0,7.0,83.12,Critical
STU-1050,high_achiever,9.1,6.3,6.0,95.5,90.6,51,2,0,0,1,0,1.1,1.7,26.52,Low
STU-1051,overworked,5.9,6.2,10.4,76.3,83.5,73,0,1,1,0,1,0.0,3.8,57.21,High
STU-1052,at_risk,1.9,3.5,1.8,63.1,25.3,53,6,0,0,0,0,0.2,5.0,74.76,High
STU-1053,at_risk,2.4,3.6,1.2,40.3,41.4,44,0,0,0,0,1,0.3,5.0,74.58,High
STU-1054,high_achiever,8.3,6.5,8.0,86.5,74.3,82,3,0,0,0,0,0.8,1.0,26.41,Low
STU-1055,at_risk,1.9,4.2,1.6,50.3,39.9,83,6,1,0,1,1,0.1,6.2,92.84,Critical
STU-1056,high_achiever,7.2,7.5,6.7,84.4,86.1,16,8,0,1,0,0,0.7,1.7,38.84,Moderate
STU-1057,at_risk,1.7,3.8,0.0,54.8,27.4,81,2,1,1,1,1,0.0,4.0,95.56,Critical
STU-1058,balanced,8.2,7.0,4.5,94.7,69.0,38,6,0,0,0,0,0.3,2.1,26.04,Low
STU-1059,at_risk,3.5,3.1,2.9,69.0,23.5,45,1,1,1,1,1,0.0,6.0,94.11,Critical
STU-1060,balanced,6.5,6.5,6.1,77.4,76.2,58,5,0,1,0,0,0.6,3.1,37.69,Moderate
STU-1061,at_risk,2.2,3.5,4.9,28.1,60.0,80,8,0,0,1,0,0.3,7.0,83.45,Critical
STU-1062,high_achiever,8.3,6.0,8.5,86.1,84.3,73,2,1,1,0,0,0.8,0.9,42.19,Moderate
STU-1063,high_achiever,8.2,7.3,4.9,96.3,100.0,46,7,0,1,0,0,0.8,2.3,32.14,Moderate
STU-1064,balanced,5.8,6.8,6.8,75.3,70.2,16,7,0,0,1,1,1.4,1.8,43.83,Moderate
STU-1065,balanced,7.4,7.4,5.0,83.9,67.6,50,4,1,0,0,0,1.7,1.4,31.07,Moderate
STU-1066,struggling,3.6,4.7,2.8,49.8,31.1,53,2,0,0,0,0,0.0,4.3,64.18,High
STU-1067,balanced,8.2,6.6,4.4,70.5,78.8,67,1,1,0,1,0,1.8,2.6,34.94,Moderate
STU-1068,struggling,5.0,6.5,4.0,69.8,48.2,15,6,1,1,1,0,0.0,3.8,64.7,High
STU-1069,balanced,7.3,8.5,5.6,91.4,71.5,39,5,0,0,0,0,1.1,1.0,20.83,Low
STU-1070,overworked,6.3,5.0,10.9,79.8,66.5,6,4,1,0,1,0,1.0,2.1,69.95,High
STU-1071,at_risk,2.1,4.2,3.4,51.1,15.0,44,1,1,0,1,1,0.1,8.7,98.46,Critical
STU-1072,at_risk,2.9,1.8,0.9,54.2,42.9,48,7,1,0,1,0,0.3,5.9,89.28,Critical
STU-1073,high_achiever,7.8,5.8,4.3,93.2,86.0,57,7,0,1,0,0,0.8,0.6,39.01,Moderate
STU-1074,balanced,6.9,7.4,7.7,64.9,69.4,49,3,0,1,0,0,1.1,2.7,33.24,Moderate
STU-1075,at_risk,4.4,3.6,1.9,45.0,32.8,35,1,1,1,1,1,0.3,4.1,88.68,Critical
STU-1076,at_risk,2.1,2.7,5.9,54.3,45.4,71,1,0,0,0,1,0.3,3.4,74.71,High
STU-1077,struggling,1.0,3.6,2.8,69.0,54.6,72,8,1,0,0,0,0.2,4.8,73.59,High
STU-1078,balanced,5.7,7.6,6.3,94.7,68.7,23,0,0,0,1,0,1.5,1.6,29.49,Low
STU-1079,overworked,7.0,5.2,9.0,87.6,76.5,10,8,1,0,0,0,0.2,1.1,55.34,High
STU-1080,struggling,6.3,5.9,1.8,48.0,67.3,55,2,1,1,0,1,0.0,5.6,66.56,High
STU-1081,overworked,7.9,4.2,11.2,79.8,72.5,12,8,0,1,1,1,0.0,0.4,72.49,High
STU-1082,balanced,7.4,6.1,4.2,86.5,79.5,52,2,1,0,1,0,1.1,2.3,36.6,Moderate
STU-1083,balanced,6.8,8.3,5.6,83.0,93.4,12,5,0,1,0,0,0.6,2.3,38.72,Moderate
STU-1084,balanced,6.9,7.7,4.3,76.5,78.1,6,3,0,0,0,0,1.5,2.5,32.71,Moderate
STU-1085,balanced,7.1,8.0,5.1,89.2,76.7,14,4,0,0,0,0,1.4,2.1,20.02,Low
STU-1086,balanced,6.1,7.1,3.5,88.6,82.0,29,0,0,0,0,0,1.3,1.1,26.38,Low
STU-1087,overworked,8.6,5.1,10.3,80.0,75.3,16,4,0,0,1,0,0.4,2.2,41.86,Moderate
STU-1088,struggling,7.5,2.8,3.3,47.8,71.1,18,5,1,0,0,0,0.1,2.6,59.71,High
STU-1089,struggling,6.6,5.3,3.8,66.9,69.0,71,7,1,1,0,0,0.0,4.6,58.33,High
STU-1090,balanced,6.0,6.7,6.8,86.5,80.2,21,0,0,0,0,0,1.3,2.1,24.74,Low
STU-1091,balanced,6.9,7.2,5.8,84.6,73.9,44,3,0,0,0,0,1.0,3.7,30.0,Moderate
STU-1092,struggling,4.6,4.2,2.8,60.4,55.5,38,1,1,1,0,0,0.0,2.4,61.59,High
STU-1093,overworked,5.8,4.8,11.7,63.2,62.5,55,3,1,1,0,0,0.9,2.3,62.65,High
STU-1094,struggling,7.1,3.7,3.4,58.7,28.5,33,7,0,0,0,1,0.2,6.1,71.13,High
STU-1095,overworked,6.4,4.6,8.5,90.7,65.0,42,0,0,1,1,0,0.5,2.3,49.38,Moderate
STU-1096,at_risk,3.5,2.2,0.2,56.7,37.2,1,2,1,0,1,1,0.0,8.2,100.0,Critical
STU-1097,overworked,5.6,5.8,8.9,93.7,62.1,83,1,0,0,0,0,0.6,3.3,36.8,Moderate
STU-1098,struggling,3.5,5.9,5.2,59.9,43.2,48,5,0,0,1,1,0.6,6.6,68.85,High
STU-1099,overworked,3.7,5.2,10.4,75.0,76.8,47,3,0,0,0,1,0.2,0.5,53.36,Moderate
STU-1100,overworked,5.6,4.7,7.8,59.8,64.9,45,3,1,1,1,0,0.7,3.2,64.91,High
STU-1101,balanced,6.4,6.1,6.1,87.1,78.2,63,5,0,0,0,0,0.4,1.3,34.02,Moderate
STU-1102,balanced,7.7,7.6,5.7,84.6,75.7,81,6,0,0,0,1,1.5,2.0,30.14,Moderate
STU-1103,balanced,6.9,7.1,6.1,84.1,78.0,72,2,1,0,0,0,1.7,2.0,28.83,Low
STU-1104,balanced,8.1,5.9,4.2,84.7,79.1,29,8,1,1,0,0,0.7,1.6,44.22,Moderate
STU-1105,high_achiever,7.4,7.2,7.8,90.9,81.7,86,8,1,0,1,0,0.5,2.1,44.39,Moderate
STU-1106,struggling,2.9,5.4,3.4,58.6,57.2,86,0,0,0,1,0,0.1,4.3,57.08,High
STU-1107,at_risk,2.0,4.2,4.8,36.7,18.0,66,7,1,0,1,1,0.0,5.9,100.0,Critical
STU-1108,overworked,5.8,5.1,7.1,59.9,73.0,53,8,0,1,0,1,0.4,1.9,55.78,High
STU-1109,overworked,6.2,6.3,9.9,69.5,70.4,3,3,1,1,1,0,0.0,3.0,76.39,Critical
STU-1110,at_risk,1.0,3.2,2.7,43.0,34.7,39,1,1,1,1,1,0.0,7.3,100.0,Critical
STU-1111,struggling,1.0,4.1,5.0,57.4,72.9,80,5,1,0,0,0,0.4,5.3,71.94,High
STU-1112,high_achiever,7.7,6.3,6.6,93.7,79.4,42,8,1,1,0,0,0.6,0.8,48.14,Moderate
STU-1113,high_achiever,8.2,6.7,5.7,94.1,84.3,80,7,0,0,0,0,1.1,0.9,27.39,Low
STU-1114,struggling,3.4,3.6,4.6,43.5,58.8,88,1,1,1,1,1,0.5,3.5,82.09,Critical
STU-1115,high_achiever,7.6,6.7,6.8,93.2,95.6,55,1,1,0,1,0,0.8,0.5,36.91,Moderate
STU-1116,balanced,8.9,7.3,4.2,81.0,66.1,79,6,1,1,0,0,1.5,1.0,34.11,Moderate
STU-1117,balanced,6.2,7.1,5.1,83.4,75.2,54,1,0,0,1,0,0.8,2.2,31.16,Moderate
STU-1118,overworked,4.0,7.0,10.2,76.5,84.2,24,1,0,0,0,0,1.0,2.1,37.24,Moderate
STU-1119,balanced,6.2,6.9,5.3,83.5,77.7,73,2,0,1,0,0,1.4,1.9,30.31,Moderate
STU-1120,struggling,2.6,3.8,3.1,74.6,38.0,31,2,1,0,0,0,0.2,6.2,69.61,High
STU-1121,high_achiever,8.2,6.4,7.3,89.9,89.0,45,4,1,1,0,0,0.4,1.2,41.6,Moderate
STU-1122,struggling,4.8,6.3,2.9,79.8,44.1,37,5,1,1,1,0,0.7,6.0,65.02,High
STU-1123,at_risk,2.8,3.4,2.9,44.7,34.3,71,0,1,0,1,1,0.4,6.0,90.2,Critical
STU-1124,overworked,5.2,6.7,8.5,71.9,85.2,43,3,1,1,0,0,0.3,3.5,53.98,Moderate
STU-1125,struggling,3.8,2.3,3.5,63.2,66.0,74,5,0,0,0,1,0.8,3.8,65.89,High
STU-1126,struggling,5.1,5.8,4.2,38.7,50.1,5,7,1,1,1,0,0.0,4.5,100.0,Critical
STU-1127,balanced,7.5,7.9,5.9,71.6,54.8,30,7,1,0,0,0,1.3,1.7,33.66,Moderate
STU-1128,high_achiever,6.4,6.0,6.8,94.3,86.1,23,0,0,1,0,0,1.6,0.9,33.29,Moderate
STU-1129,overworked,5.6,5.7,8.8,88.7,73.0,24,5,1,1,1,0,0.2,2.2,58.16,High
STU-1130,balanced,7.7,6.1,5.5,85.2,75.3,22,5,1,1,0,0,1.7,2.3,40.3,Moderate
STU-1131,high_achiever,8.0,6.7,7.5,81.9,83.2,12,0,1,1,0,0,0.4,2.0,42.84,Moderate
STU-1132,high_achiever,7.6,7.1,7.5,85.4,84.6,26,4,1,0,0,0,0.9,0.5,31.95,Moderate
STU-1133,overworked,5.2,4.9,7.3,89.5,69.0,79,6,1,1,1,0,0.4,2.5,59.29,High
STU-1134,at_risk,3.0,3.1,0.7,56.6,55.9,24,8,1,1,0,1,0.2,8.0,92.6,Critical
STU-1135,overworked,3.1,6.5,12.6,93.4,66.6,5,3,1,1,0,0,0.1,1.3,77.47,Critical
STU-1136,at_risk,2.4,5.1,1.8,52.5,54.5,35,2,1,1,1,1,0.0,10.0,96.32,Critical
STU-1137,at_risk,2.4,2.9,3.0,42.8,24.1,60,1,0,0,1,1,0.4,8.6,93.76,Critical
STU-1138,balanced,5.9,6.0,5.6,78.0,72.3,66,7,0,0,0,0,1.6,2.2,36.03,Moderate
STU-1139,balanced,6.2,6.7,6.4,85.6,87.3,60,4,0,0,0,0,1.4,2.9,31.05,Moderate
STU-1140,struggling,5.6,4.1,3.5,72.9,71.4,25,7,0,0,0,1,0.5,4.7,57.75,High
STU-1141,at_risk,1.0,2.1,3.0,48.2,45.3,47,4,1,0,0,1,0.1,7.3,95.13,Critical
STU-1142,struggling,4.9,5.7,5.3,85.0,54.9,74,0,1,1,1,1,0.4,2.5,61.29,High
STU-1143,overworked,5.2,6.1,8.6,86.0,70.0,63,5,0,1,0,0,0.3,2.4,45.73,Moderate
STU-1144,overworked,4.9,3.3,9.1,73.2,64.8,10,4,1,1,1,1,0.5,2.7,86.1,Critical
STU-1145,high_achiever,8.6,6.9,6.6,88.7,86.9,12,1,0,0,0,0,1.2,2.1,24.74,Low
STU-1146,balanced,6.7,6.9,6.3,90.5,82.5,38,4,1,0,0,0,1.2,1.0,32.94,Moderate
STU-1147,balanced,7.5,7.3,4.2,82.4,80.0,69,4,0,1,0,0,0.7,2.5,31.84,Moderate
STU-1148,balanced,8.5,6.6,4.3,78.3,74.2,51,0,1,0,0,0,1.0,1.7,28.34,Low
STU-1149,overworked,5.2,4.9,6.9,81.9,69.1,29,3,0,0,1,0,0.9,1.4,39.09,Moderate
STU-1150,overworked,6.4,5.3,8.0,62.7,85.4,59,5,0,0,0,0,0.8,0.2,39.48,Moderate
STU-1151,high_achiever,9.1,6.2,6.4,89.6,78.3,26,7,1,1,0,0,0.3,1.9,39.17,Moderate
STU-1152,overworked,5.9,5.9,7.3,68.8,82.1,1,7,0,1,0,1,0.6,1.7,69.55,High
STU-1153,high_achiever,8.8,6.7,5.9,88.9,86.7,51,8,0,1,0,0,0.9,1.9,30.97,Moderate
STU-1154,overworked,3.3,5.2,8.8,71.7,52.3,42,6,0,1,1,1,0.4,2.2,70.67,High
STU-1155,at_risk,2.6,3.4,3.8,28.3,44.4,13,5,1,0,1,1,0.0,4.5,100.0,Critical
STU-1156,struggling,5.2,4.4,3.5,48.7,48.4,70,2,1,0,1,1,0.1,5.4,75.28,Critical
STU-1157,balanced,8.5,5.7,4.5,95.4,71.5,49,4,0,0,0,1,0.7,1.9,34.08,Moderate
STU-1158,balanced,6.4,6.1,8.8,80.0,59.6,1,2,1,0,0,0,1.8,2.2,48.82,Moderate
STU-1159,overworked,4.1,5.7,9.1,58.7,87.9,53,7,0,1,0,1,0.3,3.4,68.24,High
STU-1160,high_achiever,7.0,7.2,6.2,81.7,82.5,39,6,1,0,0,0,1.2,1.2,34.0,Moderate
STU-1161,high_achiever,8.7,6.6,6.0,94.5,86.2,25,8,0,1,0,0,0.0,1.6,37.11,Moderate
STU-1162,high_achiever,7.8,7.1,6.2,92.7,75.6,51,3,0,1,0,0,1.2,2.4,28.21,Low
STU-1163,struggling,2.9,3.6,3.7,49.2,57.1,11,4,0,0,1,0,0.6,5.6,77.8,Critical
STU-1164,struggling,5.5,5.6,4.7,66.5,54.6,50,2,0,0,0,0,0.6,7.7,48.34,Moderate
STU-1165,overworked,7.1,4.9,9.3,62.6,67.2,84,2,1,0,0,0,0.1,1.8,46.65,Moderate
STU-1166,struggling,3.3,4.0,3.6,42.6,34.7,20,4,1,0,1,0,0.4,3.6,80.67,Critical
STU-1167,at_risk,2.7,4.1,4.1,43.4,31.1,27,7,1,0,1,1,0.3,7.2,96.75,Critical
STU-1168,overworked,7.6,4.8,9.5,78.2,60.7,64,5,0,1,0,0,0.4,3.3,49.04,Moderate
STU-1169,overworked,5.5,4.8,10.0,85.5,76.1,81,7,1,1,1,1,0.3,2.5,72.24,High
STU-1170,overworked,4.0,5.2,6.3,82.8,76.6,14,2,0,0,0,1,0.6,1.9,46.53,Moderate
STU-1171,overworked,7.6,6.4,9.5,79.4,81.1,31,7,0,1,1,0,0.0,1.9,49.02,Moderate
STU-1172,balanced,8.2,7.3,3.7,81.6,70.3,12,2,0,0,0,1,1.3,1.3,29.13,Low
STU-1173,overworked,2.4,6.2,8.9,79.6,70.0,86,4,0,1,1,0,0.1,1.2,55.44,High
STU-1174,balanced,6.5,7.3,4.5,96.0,83.2,27,7,0,0,1,0,1.5,1.7,35.12,Moderate
STU-1175,struggling,3.7,4.5,3.8,70.4,59.6,13,6,0,0,0,0,0.2,4.0,62.98,High
STU-1176,struggling,5.1,4.0,1.1,59.5,59.5,25,3,1,0,1,1,0.8,3.0,65.94,High
STU-1177,overworked,4.9,6.4,9.4,68.9,75.6,43,3,1,1,0,0,0.3,1.2,52.54,Moderate
STU-1178,struggling,6.6,5.0,3.7,59.0,55.5,85,2,1,0,1,0,0.4,5.2,59.09,High
STU-1179,high_achiever,8.5,6.5,5.8,87.9,73.1,80,3,1,0,0,0,1.8,1.8,27.08,Low
STU-1180,struggling,3.6,3.7,5.8,45.0,53.4,13,5,0,0,1,1,0.3,6.0,90.86,Critical
STU-1181,overworked,2.9,4.7,8.0,78.8,84.3,28,1,1,0,1,0,0.0,1.6,56.93,High
STU-1182,struggling,3.4,5.4,3.2,67.0,44.5,52,4,1,0,1,0,0.4,6.0,67.9,High
STU-1183,high_achiever,8.4,6.5,8.3,90.0,87.3,72,2,0,0,0,0,1.0,1.4,25.29,Low
STU-1184,overworked,6.3,3.8,11.7,59.4,63.2,88,2,1,1,0,0,0.4,2.5,67.51,High
STU-1185,overworked,2.7,4.5,6.3,78.3,72.7,61,1,0,0,0,0,0.9,2.3,45.36,Moderate
STU-1186,overworked,6.4,4.6,7.4,80.8,55.1,29,8,0,1,0,0,0.8,2.1,51.42,Moderate
STU-1187,struggling,3.3,4.8,3.8,61.5,46.8,39,3,0,1,0,0,0.4,3.4,59.3,High
STU-1188,high_achiever,8.8,7.0,7.1,99.3,83.4,37,3,0,0,1,0,1.5,1.5,22.93,Low
STU-1189,balanced,9.0,7.8,5.4,87.8,71.8,56,5,1,1,0,0,1.5,0.4,29.97,Low
STU-1190,balanced,8.2,6.8,5.7,71.2,89.8,53,4,0,0,1,0,1.7,1.7,27.54,Low
STU-1191,high_achiever,8.6,7.9,8.1,100.0,79.5,6,3,1,0,0,0,0.7,0.8,38.04,Moderate
STU-1192,high_achiever,7.9,6.4,8.0,97.2,75.8,23,7,0,1,0,0,0.8,1.8,36.61,Moderate
STU-1193,struggling,2.8,5.7,1.6,58.4,55.9,18,3,1,0,0,1,0.1,6.0,70.2,High
STU-1194,balanced,8.6,6.9,6.3,88.0,70.0,64,1,1,0,0,0,0.4,2.0,29.45,Low
STU-1195,overworked,6.3,4.8,8.9,98.1,55.3,77,3,1,1,1,0,0.6,1.7,58.09,High
STU-1196,overworked,5.0,4.2,10.4,91.9,74.7,61,1,0,0,1,0,0.4,1.4,50.08,Moderate
STU-1197,at_risk,4.7,3.1,1.4,39.6,32.1,78,6,1,0,1,1,0.0,7.0,94.52,Critical
STU-1198,high_achiever,6.5,7.0,5.7,89.3,93.8,10,4,0,0,1,0,0.4,0.6,39.7,Moderate
STU-1199,struggling,5.7,2.6,4.1,69.0,27.3,58,4,1,0,1,0,0.5,6.1,75.14,Critical
STU-1200,overworked,7.4,6.1,9.7,73.5,60.3,19,3,0,1,1,0,0.4,2.7,46.41,Moderate
STU-1201,balanced,5.0,8.0,5.7,79.0,81.9,53,6,0,0,0,0,1.8,0.1,28.62,Low
STU-1202,at_risk,1.1,4.0,2.2,57.5,32.0,52,0,1,0,1,1,0.0,5.3,88.71,Critical
STU-1203,at_risk,3.5,2.3,3.5,38.3,42.3,32,5,1,0,1,1,0.0,6.6,98.64,Critical
STU-1204,struggling,2.2,3.7,3.8,85.0,41.6,54,3,1,0,0,0,0.9,7.8,72.07,High
STU-1205,balanced,6.9,6.4,5.4,70.7,74.4,89,2,1,0,0,0,1.8,1.4,32.59,Moderate
STU-1206,overworked,2.9,5.4,9.9,78.6,67.8,84,2,1,0,1,0,0.3,2.6,59.33,High
STU-1207,balanced,7.5,7.2,6.8,87.4,76.5,75,1,0,0,0,0,1.8,2.1,21.94,Low
STU-1208,struggling,4.9,2.3,5.5,63.6,51.4,38,8,1,0,0,1,0.4,4.3,77.36,Critical
STU-1209,at_risk,1.9,4.8,1.8,42.3,26.9,11,1,1,0,1,1,0.2,6.6,100.0,Critical
STU-1210,struggling,2.5,2.6,4.4,79.8,39.7,50,4,0,0,1,0,0.8,5.2,69.65,High
STU-1211,balanced,6.8,5.9,6.7,75.8,68.8,53,8,1,0,1,0,1.6,0.7,41.91,Moderate
STU-1212,overworked,5.5,5.3,10.2,75.0,95.3,17,3,1,1,1,1,0.3,2.0,64.91,High
STU-1213,overworked,5.7,5.6,11.3,63.1,67.5,25,0,0,1,0,0,0.5,2.7,49.61,Moderate
STU-1214,high_achiever,8.2,5.9,8.9,96.0,76.9,56,1,0,1,0,0,0.6,0.9,35.59,Moderate
STU-1215,at_risk,1.2,3.2,2.7,47.0,41.1,43,0,1,0,1,1,0.0,7.4,94.12,Critical
STU-1216,struggling,3.5,4.8,3.7,62.3,43.0,0,0,1,0,1,1,0.2,4.8,93.86,Critical
STU-1217,balanced,6.7,7.3,4.0,91.3,85.2,34,7,0,1,0,0,0.7,2.6,37.0,Moderate
STU-1218,overworked,6.1,4.5,10.9,82.1,61.9,40,3,1,1,0,0,0.1,1.0,58.86,High
STU-1219,at_risk,3.1,4.2,1.8,30.6,29.8,42,1,1,0,1,1,0.3,5.2,91.23,Critical
STU-1220,balanced,6.1,7.3,5.0,90.4,81.2,3,1,0,0,0,0,1.0,1.7,32.29,Moderate
STU-1221,at_risk,1.1,2.6,2.3,52.9,39.8,79,7,1,0,0,1,0.0,8.1,98.63,Critical
STU-1222,struggling,5.1,2.4,0.0,65.4,34.9,41,0,0,1,0,0,0.2,4.3,68.22,High
STU-1223,struggling,4.6,4.7,4.8,66.4,46.5,29,7,0,0,0,0,0.6,3.1,53.77,Moderate
STU-1224,overworked,3.2,5.2,9.8,94.8,54.4,60,1,0,1,0,0,0.2,2.9,56.69,High
STU-1225,high_achiever,7.9,5.8,6.3,97.2,84.7,73,8,1,1,0,0,1.2,1.3,42.61,Moderate
STU-1226,balanced,8.1,7.4,8.3,73.9,81.6,59,2,0,1,0,0,0.7,1.9,31.6,Moderate
STU-1227,at_risk,1.0,3.3,1.2,37.5,42.6,21,1,0,0,1,1,0.3,5.9,88.27,Critical
STU-1228,balanced,7.3,7.0,4.2,90.9,77.4,49,4,0,1,0,0,1.4,1.3,30.3,Moderate
STU-1229,balanced,7.0,5.8,3.5,77.2,79.2,17,8,1,0,0,0,0.9,1.2,40.28,Moderate
STU-1230,struggling,3.3,4.1,6.7,74.7,64.3,73,1,1,0,1,1,0.7,3.3,62.55,High
STU-1231,struggling,2.3,6.1,2.7,47.0,46.8,82,8,1,0,0,1,0.2,5.2,79.88,Critical
STU-1232,at_risk,1.7,4.2,1.0,45.7,46.2,14,1,1,0,1,1,0.0,5.1,87.37,Critical
STU-1233,overworked,4.2,4.6,10.3,98.5,76.1,16,5,0,1,0,0,0.5,2.6,54.24,Moderate
STU-1234,at_risk,2.6,3.5,2.5,49.7,42.6,49,6,1,1,1,1,0.0,6.3,96.91,Critical
STU-1235,overworked,5.0,6.4,10.0,77.8,89.0,77,3,1,0,0,0,0.0,1.3,49.89,Moderate
STU-1236,balanced,7.2,6.8,4.1,85.6,79.4,37,3,1,0,0,0,0.8,1.7,33.17,Moderate
STU-1237,overworked,5.9,3.9,11.4,87.2,66.4,89,0,1,0,1,0,0.3,2.1,55.08,High
STU-1238,struggling,3.3,4.2,5.9,73.4,63.2,90,7,1,0,1,0,0.4,3.1,63.92,High
STU-1239,struggling,5.5,3.0,4.5,85.0,64.7,42,2,1,1,0,1,0.7,5.1,69.22,High
STU-1240,high_achiever,7.2,7.1,7.8,92.4,92.9,6,2,1,0,0,0,0.8,1.3,43.21,Moderate
STU-1241,at_risk,1.5,3.7,0.0,63.7,38.6,20,0,0,0,0,0,0.0,4.5,64.75,High
STU-1242,struggling,5.0,5.2,2.4,51.8,59.9,50,1,1,0,0,0,0.1,4.9,58.33,High
STU-1243,struggling,4.5,5.5,1.6,39.1,45.2,50,1,1,0,1,0,0.8,7.8,76.14,Critical
STU-1244,balanced,7.0,5.6,2.7,77.1,73.4,90,4,0,0,0,0,1.7,2.3,30.15,Moderate
STU-1245,overworked,4.2,4.0,9.9,85.0,73.9,18,3,1,1,0,0,0.1,2.7,64.5,High
STU-1246,balanced,6.1,6.4,6.3,80.1,87.7,73,1,0,0,1,0,1.4,1.5,31.62,Moderate
STU-1247,struggling,4.1,3.6,2.1,70.4,62.1,21,0,0,1,0,0,0.5,7.1,59.27,High
STU-1248,balanced,8.9,6.3,4.3,67.9,71.4,83,5,0,1,1,0,1.0,2.1,38.57,Moderate
STU-1249,struggling,2.2,4.0,2.9,40.7,40.2,30,6,0,0,1,1,0.1,7.0,89.61,Critical
STU-1250,overworked,6.5,3.5,11.3,91.0,50.0,88,1,0,0,0,0,0.2,2.6,51.27,Moderate
STU-1251,high_achiever,7.3,6.3,6.3,91.6,92.2,47,0,0,0,0,0,0.7,1.9,24.64,Low
STU-1252,balanced,6.4,7.7,6.6,88.8,64.5,2,7,1,0,0,0,1.0,2.3,47.76,Moderate
STU-1253,overworked,3.9,5.5,8.4,95.9,85.4,82,6,0,0,1,0,0.6,3.3,51.67,Moderate
STU-1254,overworked,6.6,6.5,9.9,75.4,53.0,68,2,1,1,0,0,0.4,2.9,52.75,Moderate
STU-1255,overworked,6.3,4.5,6.5,73.0,67.0,67,7,0,1,0,0,0.3,2.7,52.44,Moderate
STU-1256,balanced,7.3,6.8,5.2,83.0,68.4,26,1,0,0,0,0,1.2,2.1,23.59,Low
STU-1257,balanced,7.7,7.3,3.4,87.1,69.6,15,0,0,1,0,0,0.8,1.1,27.86,Low
STU-1258,balanced,7.0,5.7,6.1,70.5,76.1,4,1,1,1,0,0,1.3,2.3,58.02,High
STU-1259,at_risk,1.1,3.4,1.6,54.5,40.6,84,0,1,0,1,1,0.0,5.3,86.74,Critical
STU-1260,balanced,8.2,7.4,6.6,79.5,69.7,68,7,1,0,0,0,0.8,2.0,31.57,Moderate
STU-1261,balanced,9.0,6.0,5.8,94.5,79.8,77,8,0,0,0,0,1.3,1.2,25.79,Low
STU-1262,struggling,5.2,6.3,2.8,48.3,25.0,18,4,0,0,1,1,0.0,4.6,72.79,High
STU-1263,at_risk,3.2,3.8,1.4,39.3,54.9,35,2,1,1,1,1,0.1,2.0,83.67,Critical
STU-1264,high_achiever,7.1,6.1,7.7,90.5,84.5,20,6,0,0,0,0,1.5,1.1,33.42,Moderate
STU-1265,overworked,4.5,5.1,9.1,79.2,74.4,26,1,0,0,0,1,0.5,1.6,45.87,Moderate
STU-1266,struggling,7.8,3.9,4.5,42.7,48.6,72,8,1,0,0,0,0.3,5.5,63.65,High
STU-1267,struggling,4.2,3.1,4.0,49.6,41.7,3,3,1,1,0,0,0.2,3.2,98.39,Critical
STU-1268,balanced,6.0,5.5,6.7,71.6,73.6,81,1,1,1,0,1,1.5,1.4,49.1,Moderate
STU-1269,overworked,5.8,6.1,7.7,76.5,52.7,1,1,1,1,0,0,0.3,2.2,63.25,High
STU-1270,overworked,4.8,3.6,9.6,88.6,59.0,22,8,0,1,1,0,0.2,2.6,68.0,High
STU-1271,high_achiever,6.6,6.4,7.3,90.5,70.1,89,4,1,0,0,0,1.2,2.2,37.19,Moderate
STU-1272,struggling,2.5,3.9,6.2,72.9,59.7,49,2,0,0,1,0,0.4,3.8,57.57,High
STU-1273,overworked,5.4,5.5,11.8,89.2,55.8,51,7,0,0,0,0,0.5,2.8,51.62,Moderate
STU-1274,struggling,3.1,7.0,1.6,49.0,54.8,18,6,1,0,0,0,0.9,3.5,58.44,High
STU-1275,struggling,5.6,4.5,3.0,68.8,55.3,31,6,1,0,0,1,0.6,6.7,68.13,High
STU-1276,high_achiever,8.0,6.6,7.6,91.3,85.0,35,6,1,0,0,0,1.5,2.2,31.65,Moderate
STU-1277,struggling,4.0,3.7,3.0,66.8,60.0,11,4,0,0,1,0,0.3,1.9,62.21,High
STU-1278,overworked,6.8,2.3,11.3,83.2,83.2,11,2,1,1,1,0,0.3,0.6,77.13,Critical
STU-1279,struggling,5.9,5.6,2.5,63.0,45.6,1,6,1,1,0,0,0.1,6.2,86.23,Critical
STU-1280,struggling,2.7,3.2,1.3,63.8,65.9,86,8,0,1,1,0,0.2,2.5,71.91,High
STU-1281,struggling,6.5,3.7,2.8,68.2,71.5,54,8,1,0,0,0,0.1,2.8,56.11,High
STU-1282,high_achiever,8.4,6.5,6.3,96.0,88.2,67,0,1,0,0,0,0.7,1.4,27.13,Low
STU-1283,struggling,5.0,4.2,2.8,61.6,52.5,28,2,0,0,0,0,0.6,5.7,53.83,Moderate
STU-1284,balanced,8.0,7.3,5.0,81.0,73.8,48,2,0,0,0,0,1.4,1.6,19.82,Low
STU-1285,overworked,8.5,5.9,8.4,83.7,71.2,15,4,1,0,1,0,0.5,2.3,43.94,Moderate
STU-1286,overworked,6.0,4.9,11.1,80.3,71.2,27,4,1,1,0,0,0.5,2.1,56.75,High
STU-1287,at_risk,1.9,2.7,0.5,27.1,27.4,79,7,0,0,0,0,0.1,6.4,89.95,Critical
STU-1288,balanced,4.8,8.3,6.8,85.6,90.3,44,2,1,0,0,0,0.8,2.9,34.21,Moderate
STU-1289,overworked,5.9,3.7,9.5,81.9,68.5,19,6,1,1,1,0,0.6,2.3,64.14,High
STU-1290,balanced,6.6,7.6,4.7,89.3,84.8,50,5,0,1,0,0,0.5,2.5,37.95,Moderate
STU-1291,overworked,5.9,5.6,11.1,75.2,71.8,56,7,1,1,0,1,0.0,2.3,66.71,High
STU-1292,balanced,7.7,7.9,4.6,77.7,90.2,25,1,0,0,0,0,1.1,1.9,19.11,Low
STU-1293,balanced,6.4,8.3,4.9,73.0,71.4,20,3,1,0,0,0,0.4,1.4,31.3,Moderate
STU-1294,at_risk,3.1,2.8,3.3,69.0,47.4,63,2,0,0,1,1,0.1,6.5,73.93,High
STU-1295,overworked,5.3,4.1,10.5,100.0,75.0,49,2,0,0,0,0,0.0,1.9,46.95,Moderate
STU-1296,balanced,7.3,6.4,5.8,72.1,67.4,87,3,1,1,0,0,1.5,1.2,40.42,Moderate
STU-1297,balanced,5.8,8.4,4.6,80.2,77.6,61,4,0,0,0,1,1.0,1.9,32.7,Moderate
STU-1298,overworked,6.9,5.8,9.2,76.5,93.5,23,3,1,1,0,0,0.7,1.5,47.42,Moderate
STU-1299,overworked,5.0,4.9,7.7,73.9,88.1,54,3,1,1,0,0,0.6,0.2,55.21,High
STU-1300,overworked,7.1,4.6,10.6,69.4,65.3,24,2,0,1,0,0,0.8,2.0,42.95,Moderate
STU-1301,balanced,7.1,6.9,6.9,82.1,71.6,54,0,1,1,0,0,1.6,1.9,33.13,Moderate
STU-1302,struggling,5.7,4.7,3.5,64.1,39.2,81,3,1,1,1,1,0.1,4.8,77.43,Critical
STU-1303,balanced,8.5,7.2,6.5,82.1,83.5,14,4,0,1,0,1,1.4,1.8,34.02,Moderate
STU-1304,overworked,4.1,5.5,9.4,73.0,81.1,23,0,0,0,1,0,0.0,1.9,48.59,Moderate
STU-1305,balanced,7.5,7.0,5.8,83.4,62.9,77,1,0,0,0,0,1.1,2.8,23.73,Low
STU-1306,overworked,5.0,4.5,9.4,72.2,74.9,85,0,1,1,0,1,0.5,2.8,61.75,High
STU-1307,struggling,3.5,4.2,4.2,52.5,63.0,75,8,0,1,1,0,0.7,3.3,68.52,High
STU-1308,struggling,3.2,7.0,2.9,82.1,36.8,13,2,1,1,0,1,0.0,3.8,76.09,Critical
STU-1309,struggling,3.6,3.6,2.3,75.9,66.7,24,3,0,1,0,0,0.6,5.6,59.02,High
STU-1310,high_achiever,7.4,5.8,7.4,85.1,79.0,60,3,0,1,0,0,1.5,2.4,35.17,Moderate
STU-1311,struggling,5.7,4.2,1.5,69.3,58.8,71,5,1,1,1,0,0.3,4.4,68.65,High
STU-1312,at_risk,1.5,2.7,0.5,49.3,24.9,53,8,1,0,0,1,0.0,4.8,96.7,Critical
STU-1313,at_risk,1.0,3.6,3.9,50.0,56.5,16,4,1,1,1,1,0.4,7.8,98.73,Critical
STU-1314,balanced,7.2,7.6,5.0,66.9,78.9,50,7,0,0,0,0,0.7,1.2,30.21,Moderate
STU-1315,struggling,3.9,2.8,3.7,73.6,38.5,49,8,0,0,1,0,0.7,2.5,68.24,High
STU-1316,high_achiever,7.5,6.6,4.7,90.7,86.4,27,0,0,1,0,0,1.0,1.1,28.03,Low
STU-1317,at_risk,3.6,3.5,4.3,40.1,32.8,38,3,0,0,0,1,0.3,3.0,72.61,High
STU-1318,overworked,7.1,3.8,6.8,96.7,56.1,37,0,1,1,1,0,0.5,2.3,50.65,Moderate
STU-1319,struggling,3.6,5.0,4.0,72.8,47.4,6,3,0,1,1,0,0.5,3.8,77.09,Critical
STU-1320,at_risk,1.2,2.0,3.5,25.3,41.3,47,5,1,1,1,1,0.0,6.0,100.0,Critical
STU-1321,balanced,6.8,7.5,5.5,80.8,93.4,78,4,0,0,0,0,0.6,2.6,29.03,Low
STU-1322,overworked,4.8,6.6,6.7,72.8,57.9,35,2,1,0,0,0,0.5,1.3,43.3,Moderate
STU-1323,overworked,5.2,4.5,10.1,75.3,59.1,74,1,1,0,0,0,1.2,1.8,45.58,Moderate
STU-1324,high_achiever,7.1,5.6,8.0,92.6,87.4,77,8,0,0,0,0,0.9,1.3,35.95,Moderate
STU-1325,balanced,7.1,7.7,5.9,86.0,79.0,50,2,0,0,0,0,1.6,2.0,21.49,Low
STU-1326,overworked,7.3,4.3,8.2,66.1,71.8,63,2,0,1,1,0,0.0,2.6,51.71,Moderate
STU-1327,overworked,7.2,4.3,9.2,89.2,83.8,23,4,0,1,0,0,0.2,2.3,47.66,Moderate
STU-1328,balanced,7.6,6.8,7.0,66.9,71.6,8,2,1,1,0,0,1.4,2.1,46.62,Moderate
STU-1329,balanced,8.4,6.8,7.1,76.3,82.4,67,2,1,0,0,0,1.9,2.5,27.71,Low
STU-1330,high_achiever,7.5,5.4,7.4,85.4,80.2,1,0,0,0,0,1,0.5,1.2,46.01,Moderate
STU-1331,balanced,7.5,6.5,6.8,80.3,68.7,1,1,0,0,0,0,1.3,3.0,33.51,Moderate
STU-1332,struggling,3.5,2.7,3.2,64.8,47.3,72,7,0,0,1,1,0.0,3.5,78.67,Critical
STU-1333,high_achiever,8.9,5.9,7.8,85.1,93.4,34,8,1,1,0,0,1.1,1.9,40.51,Moderate
STU-1334,balanced,7.9,7.0,6.5,89.3,75.5,53,2,0,1,0,0,1.0,2.3,29.39,Low
STU-1335,balanced,6.3,6.3,3.7,77.9,83.8,36,3,1,0,0,0,1.3,1.5,37.38,Moderate
STU-1336,at_risk,1.7,3.6,1.7,59.7,19.1,62,2,1,0,0,0,0.0,2.9,76.62,Critical
STU-1337,at_risk,3.7,3.0,1.2,61.1,50.8,42,1,1,0,1,1,0.1,7.6,82.07,Critical
STU-1338,overworked,7.6,7.0,10.3,57.2,64.4,54,8,0,1,1,1,0.6,1.9,59.61,High
STU-1339,overworked,6.4,4.3,9.5,69.1,68.2,79,4,1,1,0,0,0.2,3.1,63.18,High
STU-1340,overworked,3.4,3.1,9.1,62.8,70.5,9,0,1,0,0,0,0.6,3.4,72.08,High
STU-1341,at_risk,2.3,1.5,2.0,49.1,45.7,57,7,0,0,1,1,0.0,5.3,89.2,Critical
STU-1342,high_achiever,6.0,5.7,5.1,92.7,81.9,41,2,1,1,0,0,0.8,0.9,40.51,Moderate
STU-1343,balanced,8.7,6.2,5.0,70.4,82.8,52,5,0,0,0,0,1.3,1.3,26.07,Low
STU-1344,balanced,8.9,6.9,5.3,74.5,59.8,68,8,0,0,0,0,1.1,2.0,28.63,Low
STU-1345,overworked,2.1,3.9,8.6,78.0,68.5,67,3,0,1,1,0,0.4,2.5,62.58,High
STU-1346,high_achiever,8.5,6.8,6.6,99.0,94.3,71,7,1,1,0,1,1.4,0.0,47.06,Moderate
STU-1347,at_risk,3.3,5.5,3.9,70.0,48.5,17,4,0,1,1,0,0.4,10.0,73.62,High
STU-1348,overworked,3.1,4.7,10.1,78.7,57.5,26,3,0,1,0,0,0.0,1.6,59.69,High
STU-1349,balanced,8.8,7.7,6.8,81.4,61.1,3,6,1,0,0,0,1.0,1.6,37.97,Moderate
STU-1350,overworked,5.6,5.4,10.8,75.2,51.0,20,0,0,0,1,0,0.3,2.2,49.95,Moderate
STU-1351,balanced,6.6,7.4,5.8,82.4,82.4,53,2,1,0,1,0,0.9,1.5,36.33,Moderate
STU-1352,high_achiever,7.3,6.9,6.1,92.1,84.4,60,6,0,1,0,0,1.1,1.2,33.63,Moderate
STU-1353,high_achiever,7.9,6.6,7.0,99.5,79.1,7,0,0,0,1,0,1.0,0.6,31.36,Moderate
STU-1354,struggling,2.3,4.2,2.9,65.4,45.4,58,8,1,1,1,0,0.1,7.0,88.48,Critical
STU-1355,high_achiever,7.4,6.3,9.0,89.8,80.9,20,4,1,0,0,0,0.7,1.1,38.03,Moderate
STU-1356,at_risk,1.2,2.4,0.8,56.9,33.4,79,0,1,0,1,1,0.1,8.7,100.0,Critical
STU-1357,balanced,6.9,6.5,4.5,87.5,73.4,88,7,1,0,0,0,1.0,1.3,37.08,Moderate
STU-1358,overworked,6.0,3.7,11.0,72.7,68.5,47,6,0,1,0,1,0.0,2.2,63.85,High
STU-1359,balanced,7.1,8.2,5.7,75.6,69.3,3,3,1,1,0,0,1.4,2.6,45.32,Moderate
STU-1360,overworked,6.5,5.6,11.6,58.5,76.7,39,3,0,1,0,0,0.7,1.1,49.04,Moderate
STU-1361,struggling,2.7,3.6,2.8,64.9,62.4,72,0,0,1,1,0,0.6,3.5,61.56,High
STU-1362,struggling,6.0,5.3,3.6,67.7,51.6,1,5,0,1,1,0,0.5,4.3,75.32,Critical
STU-1363,high_achiever,6.6,6.0,6.2,89.1,79.4,45,2,0,0,0,0,0.8,0.6,30.68,Moderate
STU-1364,high_achiever,7.7,5.3,6.0,92.7,81.7,19,0,1,1,0,0,0.7,1.4,41.19,Moderate
STU-1365,struggling,1.8,5.2,2.3,61.8,51.6,19,7,1,0,0,1,0.1,3.3,73.57,High
STU-1366,balanced,8.8,5.9,7.5,79.9,75.3,87,2,0,0,0,0,0.8,1.3,24.72,Low
STU-1367,high_achiever,7.0,6.4,6.5,100.0,78.0,83,8,1,0,0,0,1.0,1.5,37.88,Moderate
STU-1368,at_risk,3.2,3.1,0.0,57.9,24.6,55,0,1,0,1,1,0.0,7.6,91.0,Critical
STU-1369,at_risk,3.4,4.7,1.0,59.9,28.9,9,2,0,0,1,1,0.5,4.8,84.69,Critical
STU-1370,struggling,5.3,4.9,2.5,60.2,26.2,39,8,0,1,1,0,0.4,5.3,74.31,High
STU-1371,at_risk,1.0,2.2,0.9,52.4,41.5,21,4,0,0,1,1,0.1,7.5,91.88,Critical
STU-1372,balanced,7.8,7.4,6.0,80.5,89.6,58,4,1,0,1,0,1.4,1.2,34.29,Moderate
STU-1373,at_risk,3.3,2.9,3.6,53.7,15.0,15,7,0,0,1,0,0.2,5.4,84.81,Critical
STU-1374,balanced,8.1,7.2,7.5,80.6,80.0,16,7,0,0,0,0,1.5,1.7,26.54,Low
STU-1375,overworked,4.6,4.6,7.5,80.4,73.3,64,7,0,0,0,0,0.8,2.8,45.89,Moderate
STU-1376,overworked,3.7,5.4,11.2,85.6,80.8,31,8,0,0,0,0,0.3,1.8,50.77,Moderate
STU-1377,balanced,7.1,6.9,5.7,81.0,73.9,9,3,0,0,0,0,0.9,2.4,30.91,Moderate
STU-1378,overworked,5.2,4.3,7.5,91.1,75.5,59,1,1,1,0,0,0.0,2.8,56.94,High
STU-1379,balanced,7.3,8.3,5.8,70.7,77.9,25,6,0,0,0,0,1.3,1.4,25.01,Low
STU-1380,overworked,3.0,6.0,8.2,68.2,68.9,60,1,1,0,0,0,0.5,2.3,49.11,Moderate
STU-1381,overworked,4.7,3.9,9.2,88.8,70.0,40,0,1,1,0,0,0.7,3.4,57.77,High
STU-1382,at_risk,2.3,5.7,4.2,22.9,42.6,60,3,0,1,0,1,0.1,7.9,87.75,Critical
STU-1383,balanced,6.4,6.5,4.8,88.5,65.6,81,2,0,0,0,0,1.0,0.7,30.04,Moderate
STU-1384,balanced,8.5,6.7,5.1,85.6,86.8,53,8,1,0,0,0,1.4,1.4,31.09,Moderate
STU-1385,balanced,6.1,7.1,4.7,83.6,70.6,54,5,0,1,1,0,0.8,1.1,43.36,Moderate
STU-1386,at_risk,3.4,5.2,2.8,41.6,53.9,68,2,1,1,0,1,0.1,6.6,83.07,Critical
STU-1387,at_risk,1.0,5.1,2.7,52.9,37.3,71,3,1,0,1,0,0.1,5.0,81.0,Critical
STU-1388,balanced,5.9,7.1,6.2,80.4,78.0,40,0,0,0,0,0,0.8,1.2,26.49,Low
STU-1389,balanced,7.9,5.5,6.1,77.7,73.5,86,6,0,1,0,0,0.7,1.3,39.71,Moderate
STU-1390,overworked,5.5,4.6,9.3,82.9,74.4,81,7,0,0,0,0,0.4,3.1,49.55,Moderate
STU-1391,struggling,4.6,4.6,4.5,65.8,64.7,89,8,1,1,0,1,0.6,3.3,68.48,High
STU-1392,high_achiever,7.2,7.2,5.1,93.0,87.2,86,0,0,1,0,0,1.5,1.5,24.66,Low
STU-1393,overworked,4.1,3.8,8.7,76.2,58.3,15,7,1,1,0,0,0.8,1.1,66.78,High
STU-1394,struggling,5.8,5.6,2.5,66.1,36.7,66,5,1,0,1,0,0.6,4.7,62.11,High
STU-1395,balanced,6.0,5.0,4.3,90.9,71.8,69,6,1,0,0,0,1.1,2.2,47.21,Moderate
STU-1396,overworked,7.5,4.0,6.6,100.0,92.7,79,1,0,0,0,0,0.5,1.2,35.52,Moderate
STU-1397,at_risk,2.4,3.4,3.3,53.0,23.8,52,1,0,1,1,1,0.0,7.5,94.73,Critical
STU-1398,overworked,5.9,5.9,9.0,79.8,45.0,74,0,0,0,1,0,0.3,2.8,44.95,Moderate
STU-1399,struggling,3.3,3.3,5.0,68.6,61.9,14,3,0,1,0,0,0.0,4.6,63.08,High
STU-1400,at_risk,2.2,2.9,1.5,60.7,15.0,82,6,0,0,0,1,0.5,7.2,87.91,Critical
STU-1401,balanced,8.1,5.8,4.7,81.0,85.9,33,4,0,0,0,0,1.2,2.1,26.5,Low
STU-1402,high_achiever,8.2,7.7,8.2,90.6,89.1,53,0,0,1,0,0,1.2,1.7,26.89,Low
STU-1403,balanced,8.3,6.9,6.3,78.9,67.6,76,5,1,0,0,0,1.1,1.8,29.05,Low
STU-1404,overworked,6.8,2.2,13.6,93.0,67.4,24,6,0,0,1,0,0.4,2.4,60.49,High
STU-1405,high_achiever,8.0,6.4,6.9,91.9,77.1,22,6,0,0,0,0,1.0,1.5,28.33,Low
STU-1406,at_risk,2.3,4.6,1.5,51.4,53.6,64,1,1,0,1,0,0.1,6.6,75.87,Critical
STU-1407,struggling,5.9,4.2,5.4,60.8,41.7,70,2,0,0,0,1,0.5,4.3,60.14,High
STU-1408,at_risk,1.0,3.5,1.3,32.1,31.4,75,2,1,1,1,1,0.0,6.1,100.0,Critical
STU-1409,balanced,7.5,8.1,5.8,88.5,83.8,16,7,0,0,1,0,1.7,2.9,28.09,Low
STU-1410,struggling,2.9,5.4,4.6,71.3,74.7,24,8,0,1,0,1,0.3,5.4,66.05,High
STU-1411,high_achiever,9.5,6.3,6.6,89.3,81.1,6,4,0,0,0,0,0.7,1.1,28.9,Low
STU-1412,balanced,6.4,8.6,6.4,89.4,84.4,14,7,1,1,0,0,1.9,0.7,34.38,Moderate
STU-1413,at_risk,1.7,3.0,1.5,41.3,40.6,9,7,1,1,1,1,0.1,4.8,100.0,Critical
STU-1414,high_achiever,7.0,6.1,6.7,85.4,82.1,52,1,0,1,0,0,0.5,1.3,32.71,Moderate
STU-1415,overworked,4.2,3.7,9.3,69.3,79.1,81,7,0,1,0,0,0.5,2.1,58.67,High
STU-1416,high_achiever,8.1,7.0,7.2,99.0,87.8,77,0,1,1,0,0,1.4,1.5,33.72,Moderate
STU-1417,balanced,6.4,6.6,5.9,84.7,79.1,0,2,0,0,0,0,1.6,0.9,32.07,Moderate
STU-1418,struggling,4.3,3.6,8.0,68.2,51.1,66,8,1,1,0,0,0.1,4.1,74.25,High
STU-1419,high_achiever,7.9,6.2,6.7,97.7,93.3,17,3,1,1,0,1,1.1,0.7,46.35,Moderate
STU-1420,balanced,8.8,8.1,6.4,93.4,75.4,11,5,0,1,0,0,1.5,1.4,28.62,Low
STU-1421,high_achiever,8.9,6.1,6.0,91.5,83.6,51,3,0,1,0,0,1.3,1.2,32.01,Moderate
STU-1422,overworked,3.6,6.3,8.4,60.0,72.4,13,4,1,0,0,0,0.3,1.3,58.85,High
STU-1423,balanced,7.2,7.8,6.2,82.5,78.8,76,4,1,0,0,0,1.2,0.9,28.17,Low
STU-1424,high_achiever,7.6,6.4,8.0,94.8,88.6,47,1,0,0,0,0,0.9,0.7,27.0,Low
STU-1425,overworked,6.3,2.6,8.2,71.1,71.2,77,8,0,0,1,0,0.2,2.2,56.33,High
STU-1426,overworked,5.3,4.3,8.5,67.2,73.8,45,3,1,1,0,0,0.6,1.6,60.21,High
STU-1427,balanced,6.9,8.2,4.7,65.8,78.2,40,0,0,0,0,0,1.3,1.8,20.52,Low
STU-1428,high_achiever,7.8,6.1,6.6,95.2,86.1,8,6,1,0,0,0,1.2,1.3,40.58,Moderate
STU-1429,overworked,3.8,4.6,6.0,72.1,69.2,85,1,1,1,0,0,0.6,2.0,55.49,High
STU-1430,struggling,1.0,4.4,1.0,47.5,49.8,25,3,0,0,1,0,0.7,5.4,72.75,High
STU-1431,balanced,7.2,6.4,4.8,85.4,63.9,57,2,0,1,0,0,1.4,1.6,32.62,Moderate
STU-1432,struggling,5.4,2.5,2.6,51.7,30.2,73,0,1,1,1,1,0.0,8.5,96.78,Critical
STU-1433,at_risk,4.4,4.3,0.9,42.3,45.1,67,0,1,0,1,0,0.2,5.0,70.21,High
STU-1434,overworked,10.0,4.9,9.0,79.1,67.6,38,4,1,1,0,0,0.4,3.2,45.93,Moderate
STU-1435,overworked,3.8,4.8,8.8,92.2,81.7,6,6,1,1,0,0,0.4,1.2,77.57,Critical
STU-1436,overworked,5.5,5.3,8.9,73.2,64.1,47,1,0,1,0,0,0.4,0.3,43.02,Moderate
STU-1437,balanced,6.6,8.0,4.5,83.4,76.8,88,6,1,1,1,0,1.7,2.6,42.89,Moderate
STU-1438,balanced,6.7,6.5,5.2,78.5,79.4,68,0,1,0,0,0,1.4,2.2,33.7,Moderate
STU-1439,at_risk,4.4,3.6,3.6,42.7,52.2,38,1,0,0,0,1,0.3,8.2,74.32,High
STU-1440,overworked,4.5,3.6,9.4,93.3,66.9,17,7,0,0,0,0,0.6,2.9,52.57,Moderate
STU-1441,balanced,8.5,4.7,4.0,74.7,68.4,52,7,0,1,0,0,1.3,2.0,38.89,Moderate
STU-1442,struggling,4.9,3.4,1.7,66.8,44.4,35,5,1,1,1,0,0.0,6.3,82.53,Critical
STU-1443,high_achiever,9.0,6.6,7.8,97.8,81.2,45,8,0,1,0,0,1.4,1.5,33.68,Moderate
STU-1444,high_achiever,7.9,7.4,7.3,83.6,93.7,9,7,1,0,0,0,0.6,2.0,39.5,Moderate
STU-1445,balanced,8.4,7.9,6.0,86.1,78.4,13,5,1,0,0,0,0.4,1.9,33.08,Moderate
STU-1446,balanced,7.4,6.1,4.1,94.8,83.6,39,7,0,0,0,0,1.2,1.9,30.58,Moderate
STU-1447,struggling,4.9,3.7,5.0,59.0,47.0,49,7,0,1,1,0,0.3,3.9,71.35,High
STU-1448,at_risk,2.0,4.0,3.8,37.2,36.4,21,4,1,0,1,1,0.2,5.3,94.73,Critical
STU-1449,at_risk,3.1,4.6,1.1,33.9,34.3,14,3,1,1,1,1,0.0,7.3,98.41,Critical
STU-1450,balanced,9.5,8.0,5.5,88.9,61.9,45,4,0,0,0,0,2.2,1.4,14.16,Low
STU-1451,balanced,5.3,7.4,4.2,82.8,70.6,55,8,0,0,0,0,0.8,1.3,34.38,Moderate
STU-1452,overworked,3.6,4.3,10.5,100.0,74.8,54,3,1,1,1,0,0.1,1.9,68.72,High
STU-1453,overworked,5.0,5.9,9.8,87.1,66.9,55,1,1,1,0,0,0.8,2.1,49.23,Moderate
STU-1454,struggling,7.3,2.3,2.4,54.5,75.0,4,4,0,0,1,1,0.8,7.0,87.77,Critical
STU-1455,balanced,9.6,7.3,6.7,83.4,74.6,51,6,0,0,0,0,1.1,1.7,21.76,Low
STU-1456,overworked,6.1,5.0,11.8,55.0,75.1,21,3,1,0,0,0,0.6,3.1,58.04,High
STU-1457,overworked,5.8,6.0,11.7,75.0,72.7,64,7,1,1,0,1,0.9,0.5,61.63,High
STU-1458,high_achiever,9.0,7.3,7.6,88.8,79.7,21,2,0,0,0,0,0.8,2.2,20.29,Low
STU-1459,overworked,5.7,4.2,10.8,72.6,69.0,2,2,1,0,0,0,0.0,0.9,69.68,High
STU-1460,at_risk,1.2,5.6,0.0,36.0,38.2,45,7,0,1,0,1,0.0,4.0,84.54,Critical
STU-1461,struggling,2.5,4.2,6.4,62.9,66.2,72,4,1,1,1,0,0.5,6.5,73.78,High
STU-1462,high_achiever,7.6,7.4,6.3,99.8,93.9,38,5,0,1,0,0,0.8,1.1,30.07,Moderate
STU-1463,overworked,4.6,3.8,10.1,63.4,76.0,46,7,0,0,1,0,0.6,0.9,62.25,High
STU-1464,balanced,7.7,7.6,4.6,87.0,84.0,76,7,0,0,0,0,1.2,3.0,27.23,Low
STU-1465,balanced,8.3,7.2,6.2,68.6,78.0,28,2,0,0,1,0,0.9,1.3,30.26,Moderate
STU-1466,overworked,5.2,4.0,9.0,65.0,84.3,26,1,1,1,0,0,0.2,2.6,62.84,High
STU-1467,balanced,6.7,7.4,4.3,100.0,82.5,86,8,0,0,0,0,1.1,1.3,29.3,Low
STU-1468,at_risk,2.2,5.5,0.2,50.0,37.8,86,5,1,0,1,1,0.1,6.0,86.86,Critical
STU-1469,at_risk,3.4,4.1,2.6,10.0,41.6,5,8,1,0,0,1,0.0,7.5,100.0,Critical
STU-1470,high_achiever,7.1,6.3,6.3,97.2,85.6,44,4,0,1,0,0,1.7,1.6,33.18,Moderate
STU-1471,balanced,7.3,7.7,3.4,82.7,74.4,66,4,1,0,1,0,1.5,1.7,32.56,Moderate
STU-1472,struggling,4.0,3.2,0.6,70.7,58.9,1,7,0,0,1,0,0.4,6.8,85.73,Critical
STU-1473,balanced,5.8,6.9,5.1,75.3,74.4,55,5,1,0,1,0,1.0,0.7,41.98,Moderate
STU-1474,struggling,2.3,4.8,2.5,75.3,71.2,64,8,1,1,1,1,0.5,2.5,77.92,Critical
STU-1475,balanced,8.8,7.0,7.1,77.6,60.1,74,1,1,0,0,0,0.9,2.8,27.61,Low
STU-1476,overworked,5.5,5.0,8.7,73.6,70.7,49,6,1,0,1,0,0.2,1.1,55.85,High
STU-1477,overworked,7.1,5.9,8.3,65.5,67.2,22,6,0,0,0,0,0.9,2.7,39.51,Moderate
STU-1478,struggling,5.3,5.0,3.7,69.9,45.4,17,6,1,0,0,1,0.0,5.9,70.95,High
STU-1479,struggling,2.3,5.5,6.0,62.0,42.2,69,2,1,1,0,0,0.3,4.0,68.82,High
STU-1480,overworked,6.1,3.4,7.3,78.2,69.8,40,8,0,1,1,0,0.5,3.7,59.82,High
STU-1481,at_risk,3.1,2.5,3.2,40.1,38.9,52,7,0,0,1,1,0.1,8.3,93.71,Critical
STU-1482,balanced,4.9,6.8,6.1,83.2,84.9,78,4,0,0,0,0,1.4,1.5,27.99,Low
STU-1483,high_achiever,7.6,7.2,6.5,91.1,87.5,37,0,0,1,0,0,0.6,1.7,30.7,Moderate
STU-1484,high_achiever,7.7,5.7,6.9,80.0,87.0,66,7,1,1,1,0,1.2,2.2,49.12,Moderate
STU-1485,high_achiever,8.1,5.9,6.6,83.4,83.8,76,1,1,1,0,0,0.9,1.5,37.29,Moderate
STU-1486,high_achiever,7.9,6.3,6.6,91.4,85.2,74,8,0,0,0,0,1.3,1.3,29.19,Low
STU-1487,high_achiever,7.7,6.0,6.6,100.0,79.5,63,2,1,1,0,0,0.9,1.2,39.58,Moderate
STU-1488,balanced,6.9,7.2,3.4,90.3,80.1,0,7,0,0,0,0,0.7,0.4,37.61,Moderate
STU-1489,struggling,3.6,7.0,4.3,40.3,43.7,66,1,1,1,1,0,0.3,5.2,71.69,High
STU-1490,balanced,7.1,6.4,4.2,84.1,81.2,15,4,1,1,0,0,1.5,2.1,39.43,Moderate
STU-1491,overworked,6.6,5.3,9.7,71.9,65.0,78,7,0,0,0,0,0.4,4.2,47.08,Moderate
STU-1492,at_risk,1.9,2.7,1.3,70.0,33.2,84,3,1,0,1,1,0.3,5.4,88.79,Critical
STU-1493,balanced,8.0,6.5,4.7,95.3,82.9,85,1,0,0,0,0,1.5,2.3,22.77,Low
STU-1494,at_risk,4.5,3.5,2.9,26.2,28.1,13,7,1,0,1,1,0.0,8.7,100.0,Critical
STU-1495,overworked,4.9,2.0,8.3,73.1,83.8,1,4,1,1,0,0,0.5,1.5,86.08,Critical
STU-1496,balanced,7.2,7.0,4.1,74.1,68.4,45,2,0,0,0,0,1.2,1.8,26.35,Low
STU-1497,overworked,6.1,2.3,9.9,63.5,60.3,64,3,0,1,0,0,0.2,1.7,58.74,High
STU-1498,overworked,5.8,3.6,10.0,100.0,56.7,45,5,0,1,1,0,0.3,0.2,60.38,High
STU-1499,overworked,6.5,5.7,9.6,86.9,95.5,50,1,0,1,0,0,0.9,1.8,37.59,Moderate
STU-1500,at_risk,2.1,2.6,2.7,30.3,37.1,73,8,1,0,1,1,0.3,6.0,100.0,Critical
STU-1501,high_achiever,8.7,5.2,6.6,90.8,85.1,44,6,0,1,0,0,1.1,1.7,35.84,Moderate
STU-1502,balanced,6.8,6.7,4.8,88.3,69.8,63,7,1,0,0,0,1.5,1.8,35.62,Moderate
STU-1503,overworked,6.4,4.3,10.5,80.1,64.0,13,2,1,0,0,0,0.6,2.6,59.36,High
STU-1504,high_achiever,8.6,6.8,5.6,100.0,76.6,32,1,1,0,0,0,1.4,1.6,24.82,Low
STU-1505,balanced,7.1,6.9,7.1,76.3,72.9,3,2,0,0,0,0,0.3,2.8,35.94,Moderate
STU-1506,overworked,6.0,4.9,9.4,86.1,86.7,25,3,0,1,0,0,0.5,2.7,48.1,Moderate
STU-1507,overworked,7.0,4.5,11.1,89.1,80.8,67,3,1,1,1,1,0.2,2.1,66.81,High
STU-1508,balanced,5.8,8.3,5.5,84.3,70.4,17,0,1,0,1,1,0.7,1.4,41.42,Moderate
STU-1509,overworked,6.5,5.2,10.0,74.6,75.0,82,8,1,1,1,1,0.8,2.8,69.25,High
STU-1510,overworked,5.9,3.5,7.9,82.5,69.9,79,8,0,1,0,0,0.5,3.5,56.97,High
STU-1511,at_risk,3.8,3.6,0.8,47.1,28.3,72,1,0,0,1,0,0.4,7.8,78.13,Critical
STU-1512,balanced,8.4,5.4,6.2,71.5,74.9,69,5,0,1,0,1,1.1,2.2,43.35,Moderate
STU-1513,balanced,8.5,6.5,6.4,83.3,61.9,45,1,0,0,0,0,0.8,1.7,24.77,Low
STU-1514,at_risk,3.0,2.3,1.8,70.0,39.3,66,8,1,0,1,1,0.0,7.2,94.76,Critical
STU-1515,overworked,4.8,5.5,9.0,85.2,71.7,33,0,0,1,0,0,0.5,1.6,42.65,Moderate
STU-1516,balanced,8.1,6.9,5.8,79.5,82.2,26,8,0,0,0,1,1.0,1.7,35.6,Moderate
STU-1517,high_achiever,8.7,6.1,9.4,92.6,78.7,63,1,1,0,0,0,1.1,1.2,33.31,Moderate
STU-1518,high_achiever,7.8,6.6,5.9,96.0,78.1,44,1,0,0,0,0,0.6,1.6,27.4,Low
STU-1519,at_risk,2.1,4.2,3.6,60.2,34.3,16,4,1,0,1,1,0.0,1.8,80.66,Critical
STU-1520,high_achiever,8.7,5.7,7.8,86.2,85.6,61,4,1,1,0,0,1.3,1.1,40.28,Moderate
STU-1521,high_achiever,7.5,7.0,7.3,91.3,94.4,25,8,0,1,0,1,1.3,1.1,41.3,Moderate
STU-1522,struggling,3.9,4.6,7.3,66.5,27.6,49,6,1,0,1,0,0.1,1.9,70.07,High
STU-1523,struggling,1.0,3.5,1.2,66.6,52.0,78,5,1,0,1,0,0.4,4.6,75.81,Critical
STU-1524,overworked,6.3,6.9,10.1,73.7,55.7,1,3,1,0,1,1,0.1,2.6,75.74,Critical
STU-1525,overworked,5.9,5.8,10.6,83.1,63.4,1,3,0,0,0,1,0.5,1.5,60.4,High
STU-1526,high_achiever,8.1,7.7,5.4,93.4,93.9,44,3,1,1,0,1,1.3,1.8,40.6,Moderate
STU-1527,at_risk,3.8,2.4,0.0,47.9,15.0,9,4,1,0,1,1,0.3,8.6,100.0,Critical
STU-1528,at_risk,2.1,3.4,2.1,49.9,44.7,28,7,1,0,0,0,0.1,8.1,87.19,Critical
STU-1529,high_achiever,7.3,7.4,5.4,90.5,90.8,67,4,0,0,0,0,0.7,1.6,26.36,Low
STU-1530,overworked,4.2,4.9,9.3,72.5,93.0,79,7,0,1,0,0,0.2,3.0,57.02,High
STU-1531,overworked,3.9,5.1,10.5,87.2,85.6,70,3,1,1,0,0,1.3,2.4,56.93,High
STU-1532,balanced,7.7,6.8,6.6,71.6,93.9,56,7,0,0,1,0,1.5,0.8,31.42,Moderate
STU-1533,at_risk,3.3,4.7,0.1,58.7,15.0,38,1,1,0,1,1,0.1,8.4,89.68,Critical
STU-1534,balanced,5.7,7.1,4.8,87.0,67.9,56,0,0,0,1,0,0.9,0.6,31.23,Moderate
STU-1535,balanced,7.0,6.0,5.7,90.2,73.3,4,8,0,0,0,0,1.3,2.0,40.41,Moderate
STU-1536,high_achiever,9.4,6.2,7.8,94.8,84.2,33,3,0,0,0,0,1.2,1.5,20.82,Low
STU-1537,high_achiever,7.5,6.1,6.4,84.5,91.8,7,1,1,0,0,0,1.6,1.9,37.4,Moderate
STU-1538,struggling,3.5,3.7,2.3,69.7,54.7,68,7,0,0,1,0,0.3,6.7,68.75,High
STU-1539,overworked,4.2,4.3,10.5,88.4,75.5,59,3,0,0,1,0,1.0,3.5,54.68,Moderate
STU-1540,balanced,6.4,6.0,5.0,88.0,89.6,31,8,1,0,0,1,1.4,2.5,48.33,Moderate
STU-1541,overworked,6.4,5.8,6.5,73.9,79.5,32,0,0,1,1,0,0.5,1.2,37.18,Moderate
STU-1542,balanced,6.8,6.9,4.4,83.1,79.1,59,0,0,0,0,0,1.5,0.4,20.47,Low
STU-1543,overworked,5.0,5.6,10.2,82.7,66.2,27,6,1,0,0,0,0.3,1.6,53.21,Moderate
STU-1544,balanced,6.3,7.7,5.7,81.6,69.7,8,7,0,0,0,0,0.7,1.4,34.24,Moderate
STU-1545,balanced,4.8,6.8,6.6,86.5,71.0,80,2,0,0,0,0,1.2,1.5,30.54,Moderate
STU-1546,balanced,8.7,7.8,6.1,78.1,81.0,87,8,0,1,1,1,0.5,1.6,42.92,Moderate
STU-1547,at_risk,3.2,4.2,2.4,45.1,44.5,33,4,1,1,0,1,0.0,4.5,86.53,Critical
STU-1548,balanced,7.4,5.5,6.0,88.2,74.4,30,5,0,0,0,1,2.1,1.4,34.0,Moderate
STU-1549,balanced,6.8,6.9,5.1,70.7,70.6,73,5,0,1,1,0,1.2,2.5,44.0,Moderate
STU-1550,high_achiever,8.9,6.0,6.2,90.2,95.7,3,5,0,1,0,0,0.9,0.7,41.65,Moderate
STU-1551,struggling,5.1,5.3,3.2,70.2,25.0,37,0,1,0,0,1,0.3,6.1,66.32,High
STU-1552,balanced,6.4,5.5,7.4,76.2,76.9,77,3,1,0,0,1,1.4,2.7,46.15,Moderate
STU-1553,high_achiever,7.4,6.6,8.5,90.1,79.3,44,3,0,0,0,0,0.4,0.8,31.7,Moderate
STU-1554,overworked,5.0,4.4,8.4,78.9,67.6,83,1,0,0,1,0,0.3,3.3,50.74,Moderate
STU-1555,at_risk,1.0,3.8,0.8,44.3,41.7,80,8,0,0,1,0,0.1,6.7,87.37,Critical
STU-1556,high_achiever,8.0,6.0,6.2,83.8,79.9,77,7,0,1,0,0,1.8,1.0,31.87,Moderate
STU-1557,struggling,4.5,4.4,3.2,78.9,58.6,31,5,1,0,1,0,0.1,4.2,61.29,High
STU-1558,balanced,8.1,6.8,3.3,81.6,62.7,14,3,0,0,0,0,2.1,1.2,21.16,Low
STU-1559,overworked,5.9,4.7,9.1,82.2,85.3,9,5,0,1,1,0,0.6,3.4,61.74,High
STU-1560,struggling,4.5,4.7,4.0,78.5,49.4,16,8,0,0,1,0,0.2,5.6,58.86,High
STU-1561,balanced,7.0,6.9,4.4,90.5,66.5,36,5,0,0,0,0,1.1,2.0,29.78,Low
STU-1562,overworked,5.5,5.9,10.6,79.2,59.1,80,3,1,1,0,0,0.0,2.3,55.64,High
STU-1563,at_risk,3.4,4.2,1.7,30.6,44.1,70,7,0,1,1,1,0.0,4.7,89.2,Critical
STU-1564,high_achiever,7.7,7.3,7.0,88.8,75.8,9,2,1,1,0,0,1.2,1.0,40.02,Moderate
STU-1565,struggling,3.5,5.5,3.3,61.3,57.8,89,8,1,0,1,1,0.9,6.1,75.47,Critical
STU-1566,balanced,7.2,6.6,4.4,77.6,68.8,77,1,1,0,0,0,1.5,1.2,32.6,Moderate
STU-1567,at_risk,3.3,3.5,2.0,39.6,41.2,52,7,1,0,1,1,0.3,4.8,89.38,Critical
STU-1568,high_achiever,8.4,6.7,5.7,87.3,79.8,75,8,0,0,0,0,0.7,1.2,28.39,Low
STU-1569,balanced,6.5,6.4,5.2,83.3,72.5,48,5,0,0,0,0,1.7,2.1,26.63,Low
STU-1570,overworked,6.3,5.6,8.8,63.0,70.1,38,7,0,1,0,1,0.4,1.3,54.29,Moderate
STU-1571,overworked,5.4,4.8,8.9,77.2,59.0,54,4,0,0,0,0,0.3,2.6,45.19,Moderate
STU-1572,overworked,3.0,4.5,7.9,80.7,73.2,26,6,1,1,1,0,0.0,2.8,68.21,High
STU-1573,struggling,6.3,4.4,1.6,48.3,56.2,15,4,1,0,1,1,0.2,4.7,74.56,High
STU-1574,overworked,4.5,5.1,11.6,80.7,53.9,77,1,1,0,1,0,0.6,1.3,61.4,High
STU-1575,at_risk,1.7,6.0,4.2,36.1,38.2,21,0,1,1,1,0,0.3,7.8,88.92,Critical
STU-1576,struggling,5.9,4.4,2.9,57.8,62.3,62,0,1,0,0,1,0.4,5.2,62.64,High
STU-1577,overworked,2.4,5.3,9.8,94.7,54.7,16,7,1,0,0,0,0.9,2.3,61.81,High
STU-1578,overworked,8.0,5.6,10.1,80.4,65.2,55,7,1,0,0,0,0.4,1.6,45.03,Moderate
STU-1579,overworked,2.0,5.4,9.3,74.6,72.2,45,1,0,0,0,1,0.0,3.7,57.76,High
STU-1580,high_achiever,7.7,5.8,7.0,97.9,91.2,58,8,1,1,0,0,1.3,1.7,43.98,Moderate
STU-1581,struggling,1.8,4.3,3.1,74.6,55.7,12,8,1,0,0,1,0.8,6.6,87.9,Critical
STU-1582,overworked,2.8,6.4,11.5,64.3,85.1,81,0,0,0,0,1,0.5,2.3,56.67,High
STU-1583,balanced,8.5,7.5,6.1,86.9,71.8,60,2,0,0,0,0,1.2,1.3,18.49,Low
STU-1584,overworked,5.0,4.4,9.7,74.8,75.0,11,8,1,1,1,0,0.0,2.1,79.36,Critical
STU-1585,at_risk,2.2,3.3,0.0,53.3,45.8,26,2,0,1,1,1,0.2,8.3,91.14,Critical
STU-1586,balanced,7.7,7.1,6.3,69.4,67.9,44,7,0,0,0,0,1.8,0.3,26.42,Low
STU-1587,struggling,5.8,4.4,2.9,63.6,47.8,85,7,0,0,0,0,0.3,3.8,55.69,High
STU-1588,overworked,7.6,4.9,7.4,72.8,68.2,28,1,0,1,0,0,0.6,1.4,36.88,Moderate
STU-1589,at_risk,3.0,4.4,1.1,28.0,60.0,31,6,0,0,1,1,0.3,5.7,83.3,Critical
STU-1590,balanced,7.1,7.7,5.7,82.7,74.1,90,2,0,0,1,0,0.6,3.0,28.6,Low
STU-1591,high_achiever,6.7,6.4,5.8,90.7,89.1,30,0,0,0,0,0,1.4,1.8,24.39,Low
STU-1592,overworked,5.6,5.4,6.9,83.7,55.4,41,4,0,0,0,1,1.0,1.9,44.09,Moderate
STU-1593,struggling,2.8,3.7,6.9,73.3,33.4,6,4,1,0,1,1,0.8,6.6,100.0,Critical
STU-1594,overworked,6.0,5.0,12.5,70.0,71.5,28,2,1,0,1,0,0.3,1.1,60.75,High
STU-1595,struggling,2.2,4.8,0.9,57.2,57.1,16,8,0,1,0,0,0.1,5.7,71.92,High
STU-1596,balanced,8.4,8.1,4.8,82.6,76.5,45,8,0,0,1,0,1.4,1.8,27.01,Low
STU-1597,balanced,7.0,7.1,7.1,87.2,80.6,68,6,1,0,0,0,1.5,1.7,34.56,Moderate
STU-1598,at_risk,1.4,4.8,0.0,46.7,51.7,27,8,1,0,0,1,0.0,7.0,87.85,Critical
STU-1599,high_achiever,7.5,7.2,7.2,80.8,79.1,13,8,0,1,1,0,1.4,1.6,46.73,Moderate
STU-1600,overworked,8.0,4.7,13.3,78.2,60.4,88,3,1,1,0,0,0.2,0.4,59.21,High
STU-1601,balanced,8.8,6.2,5.2,82.8,67.3,34,1,0,0,0,0,0.5,1.7,23.29,Low
STU-1602,balanced,6.8,7.2,7.2,79.6,76.4,69,2,0,0,0,1,1.5,2.1,29.62,Low
STU-1603,balanced,7.3,7.4,4.1,92.1,86.5,41,6,0,0,0,0,0.9,1.9,27.74,Low
STU-1604,struggling,3.2,5.1,3.7,44.4,57.5,83,7,1,1,1,1,0.0,6.2,89.87,Critical
STU-1605,overworked,5.3,6.4,10.2,67.2,59.9,36,8,1,1,0,0,0.2,2.5,62.11,High
STU-1606,struggling,2.7,3.1,3.9,59.8,75.0,69,1,1,0,0,0,0.3,7.5,69.1,High
STU-1607,overworked,3.1,3.9,11.3,95.6,62.2,61,1,0,1,0,0,0.3,1.3,56.41,High
STU-1608,struggling,5.1,4.8,3.5,45.2,71.7,21,3,1,0,0,1,0.1,5.6,67.19,High
STU-1609,at_risk,2.3,3.8,2.5,50.3,43.9,60,8,1,0,1,1,0.0,6.6,94.56,Critical
STU-1610,high_achiever,8.0,6.6,5.5,84.4,71.7,39,5,0,1,0,0,1.3,1.8,33.01,Moderate
STU-1611,high_achiever,8.0,5.0,5.8,91.9,85.8,34,3,1,0,0,0,0.9,1.6,37.0,Moderate
STU-1612,high_achiever,7.9,6.1,8.2,88.8,77.0,41,7,0,0,0,0,0.7,1.2,34.52,Moderate
STU-1613,high_achiever,7.8,6.4,5.5,94.9,81.1,13,6,0,0,0,0,1.0,2.1,34.26,Moderate
STU-1614,struggling,1.6,2.4,3.4,47.4,59.8,21,3,1,0,1,0,0.3,5.0,81.91,Critical
STU-1615,overworked,8.1,7.0,9.1,81.5,71.0,67,7,0,1,0,1,0.3,1.5,42.8,Moderate
STU-1616,balanced,6.1,7.3,4.9,61.4,78.6,37,4,0,0,1,0,1.2,2.6,37.84,Moderate
STU-1617,struggling,1.8,2.0,2.4,54.5,63.3,66,3,0,0,0,1,0.3,6.5,76.29,Critical
STU-1618,high_achiever,8.6,7.0,4.6,97.6,85.6,26,5,0,1,0,0,1.2,1.0,31.25,Moderate
STU-1619,at_risk,1.3,4.3,3.2,33.4,60.0,60,0,0,0,1,1,0.1,7.5,80.92,Critical
STU-1620,overworked,8.7,3.8,11.0,68.1,63.8,89,3,1,1,0,1,0.6,3.0,61.04,High
STU-1621,balanced,8.3,7.8,4.4,94.8,63.3,76,2,1,0,1,0,1.0,2.1,30.09,Moderate
STU-1622,balanced,7.5,7.2,5.3,88.7,73.2,24,4,0,0,0,1,1.3,2.5,32.76,Moderate
STU-1623,overworked,6.7,3.9,10.3,69.2,57.2,51,4,0,1,0,0,0.4,1.5,55.4,High
STU-1624,struggling,5.2,2.2,2.3,44.5,46.4,27,4,0,1,0,1,0.4,4.4,78.09,Critical
STU-1625,balanced,8.5,5.2,7.0,77.6,74.4,49,5,0,1,0,0,1.0,2.7,35.39,Moderate
STU-1626,struggling,4.0,5.1,1.1,51.0,50.2,78,7,0,0,0,0,0.0,3.6,59.1,High
STU-1627,balanced,7.8,6.7,6.8,74.0,65.0,78,2,1,0,0,0,2.0,1.4,26.22,Low
STU-1628,balanced,5.5,7.9,5.1,80.0,73.7,17,8,0,1,1,0,1.6,1.7,43.75,Moderate
STU-1629,high_achiever,7.9,7.2,8.0,90.8,81.5,30,8,0,1,0,0,1.1,1.7,33.6,Moderate
STU-1630,overworked,5.7,6.2,12.6,86.5,88.6,40,8,0,0,0,0,0.2,2.8,50.17,Moderate
STU-1631,balanced,6.3,6.6,7.6,74.2,64.3,35,2,0,0,0,0,1.8,2.5,28.48,Low
STU-1632,high_achiever,7.8,6.2,7.3,98.9,86.4,71,6,0,1,0,0,1.9,1.0,33.2,Moderate
STU-1633,struggling,3.4,3.2,3.3,67.0,58.3,44,6,1,0,0,0,1.0,5.5,68.96,High
STU-1634,balanced,7.3,8.3,8.4,86.2,67.1,22,0,0,0,0,0,1.0,2.0,21.1,Low
STU-1635,balanced,7.9,7.4,5.5,76.9,78.2,47,4,0,1,0,0,1.9,2.4,28.14,Low
STU-1636,struggling,5.5,4.1,2.7,53.0,50.5,50,0,1,1,0,0,0.2,6.6,69.6,High
STU-1637,at_risk,1.7,5.4,1.3,50.3,43.4,3,7,0,0,1,1,0.0,8.7,100.0,Critical
STU-1638,at_risk,4.1,2.8,2.1,48.6,41.2,69,1,1,0,1,0,0.0,6.4,79.08,Critical
STU-1639,balanced,7.6,5.3,3.3,88.5,70.6,16,1,1,0,0,0,0.8,2.6,37.29,Moderate
STU-1640,overworked,6.8,4.8,13.5,72.0,87.4,12,8,0,1,0,1,0.4,0.9,73.07,High
STU-1641,overworked,6.0,3.9,8.1,77.8,73.5,86,5,0,0,0,0,0.0,3.0,45.89,Moderate
STU-1642,at_risk,1.2,4.4,2.0,66.2,43.3,1,6,1,0,0,1,0.1,5.9,100.0,Critical
STU-1643,overworked,4.9,4.1,10.4,76.6,70.3,18,4,0,1,1,0,0.7,2.1,57.94,High
STU-1644,balanced,6.6,7.3,5.9,89.2,70.4,22,0,0,0,0,0,1.0,2.3,23.97,Low
STU-1645,overworked,4.1,6.3,7.0,85.8,57.3,11,7,0,1,0,0,1.0,1.0,55.7,High
STU-1646,balanced,7.1,6.7,5.7,87.1,67.8,80,0,0,1,1,0,0.9,2.2,32.55,Moderate
STU-1647,high_achiever,7.3,8.6,5.8,96.7,81.5,31,4,0,1,0,0,1.2,1.7,27.89,Low
STU-1648,high_achiever,7.6,7.9,6.3,92.2,86.5,16,4,0,0,0,0,0.6,1.3,23.98,Low
STU-1649,balanced,6.8,9.0,4.5,91.4,81.9,28,3,0,1,1,0,1.2,1.3,29.05,Low
STU-1650,overworked,4.7,3.2,8.0,63.2,83.5,11,7,1,0,1,0,0.6,2.8,77.51,Critical
STU-1651,overworked,5.8,6.5,8.6,79.1,77.5,87,2,1,0,0,0,0.0,4.7,47.13,Moderate
STU-1652,balanced,7.3,8.0,6.6,82.3,76.0,89,6,0,0,0,0,0.6,1.5,26.56,Low
STU-1653,overworked,6.2,6.2,9.3,64.1,80.6,64,8,0,0,1,0,0.8,2.9,48.18,Moderate
STU-1654,high_achiever,8.6,8.9,7.1,84.4,81.5,59,4,0,1,0,0,1.3,0.6,22.39,Low
STU-1655,balanced,7.6,8.2,7.1,88.9,57.7,75,5,1,0,0,0,1.6,2.2,30.38,Moderate
STU-1656,overworked,2.9,4.2,7.7,57.8,70.0,80,5,1,1,1,0,0.2,4.3,77.05,Critical
STU-1657,at_risk,3.8,1.9,1.2,49.5,27.1,12,2,1,0,1,1,0.0,5.8,100.0,Critical
STU-1658,at_risk,4.4,3.9,2.7,56.1,45.4,78,7,1,0,1,1,0.1,5.6,84.14,Critical
STU-1659,struggling,5.7,5.9,3.1,71.2,49.7,47,5,0,0,1,1,0.3,4.1,56.12,High
STU-1660,overworked,7.5,5.1,9.7,63.5,66.9,64,1,1,1,0,0,0.3,1.5,51.52,Moderate
STU-1661,overworked,4.9,5.1,9.7,68.4,66.0,65,2,0,0,0,1,0.4,3.1,53.22,Moderate
STU-1662,at_risk,1.8,3.9,4.6,61.8,44.6,72,2,0,0,0,1,0.2,9.1,80.08,Critical
STU-1663,balanced,7.8,7.9,4.2,70.0,76.3,18,5,0,0,0,0,1.2,1.5,25.16,Low
STU-1664,overworked,2.7,4.5,8.8,61.6,84.9,38,4,1,1,1,0,0.0,1.7,74.23,High
STU-1665,balanced,7.8,6.1,6.3,84.3,93.7,87,8,1,0,1,0,1.4,1.7,40.3,Moderate
STU-1666,high_achiever,7.2,5.9,8.6,91.1,88.4,87,6,1,1,0,0,1.6,0.2,47.16,Moderate
STU-1667,struggling,4.1,5.0,2.3,52.9,57.9,12,6,0,0,0,0,1.0,6.3,69.08,High
STU-1668,balanced,7.0,6.5,4.6,78.1,58.6,86,6,0,1,0,0,0.9,1.5,37.78,Moderate
STU-1669,struggling,4.2,4.9,3.5,55.0,28.4,3,3,1,0,0,0,0.1,3.3,87.45,Critical
STU-1670,at_risk,3.4,4.4,3.1,46.0,31.7,0,6,1,0,1,1,0.0,3.2,100.0,Critical
STU-1671,at_risk,2.3,2.3,0.8,35.0,38.5,55,1,1,1,1,1,0.3,5.5,98.64,Critical
STU-1672,overworked,5.2,4.8,9.2,71.7,72.2,61,0,0,1,1,0,0.4,2.2,52.02,Moderate
STU-1673,overworked,4.9,4.5,11.6,83.6,78.3,13,7,0,1,0,0,0.8,2.6,67.56,High
STU-1674,high_achiever,6.5,6.6,6.8,99.4,90.6,1,2,1,0,0,0,0.7,1.6,45.89,Moderate
STU-1675,overworked,6.2,4.0,10.0,75.7,72.8,85,6,0,1,0,0,0.2,1.7,55.13,High
STU-1676,overworked,3.9,4.0,9.4,70.3,61.1,57,8,1,1,0,1,0.4,1.0,73.38,High
STU-1677,overworked,8.6,5.5,8.4,82.2,75.7,22,6,1,1,0,0,0.7,2.1,47.24,Moderate
STU-1678,struggling,1.0,3.2,3.7,66.0,41.1,90,4,1,0,1,1,0.4,3.9,85.41,Critical
STU-1679,balanced,8.2,7.7,4.3,73.5,71.7,36,0,0,0,0,1,1.2,1.4,25.79,Low
STU-1680,balanced,7.5,7.3,4.0,91.3,52.4,32,6,0,0,0,0,1.5,2.4,27.78,Low
STU-1681,overworked,7.4,4.9,9.6,81.4,100.0,45,6,1,0,0,1,0.8,2.8,52.21,Moderate
STU-1682,balanced,7.3,6.3,6.5,83.1,66.0,4,8,0,0,0,0,1.2,1.3,40.49,Moderate
STU-1683,high_achiever,7.1,6.5,7.9,90.7,82.7,81,7,1,1,1,0,1.1,1.7,47.75,Moderate
STU-1684,overworked,5.9,6.3,10.4,78.6,76.4,67,7,1,0,0,0,0.5,2.8,46.35,Moderate
STU-1685,balanced,5.6,7.8,3.7,85.2,72.2,12,6,0,1,0,0,0.8,2.0,41.79,Moderate
STU-1686,struggling,7.2,3.8,5.7,66.2,44.1,51,0,0,0,0,1,0.5,5.6,55.6,High
STU-1687,balanced,7.5,6.5,4.5,88.1,73.2,55,1,0,0,0,1,1.2,2.0,30.91,Moderate
STU-1688,high_achiever,6.7,7.4,7.1,90.0,87.6,31,0,0,0,0,0,1.1,1.8,23.57,Low
STU-1689,overworked,6.6,6.4,10.8,76.4,58.8,23,4,1,0,0,0,0.9,2.0,43.89,Moderate
STU-1690,struggling,1.4,4.9,3.7,43.8,57.4,0,6,1,0,1,1,0.2,8.8,100.0,Critical
STU-1691,balanced,6.8,6.3,7.0,79.0,69.2,81,5,0,0,0,0,1.5,1.0,30.12,Moderate
STU-1692,balanced,9.0,7.5,6.3,89.0,88.7,77,7,1,0,0,0,1.7,2.1,29.56,Low
STU-1693,struggling,2.7,5.4,2.0,57.6,25.0,1,5,0,0,1,0,0.4,3.8,90.53,Critical
STU-1694,overworked,6.1,6.1,7.9,88.4,91.1,26,8,1,1,0,0,0.6,2.8,52.72,Moderate
STU-1695,struggling,3.2,5.4,1.2,57.0,30.7,10,7,0,1,1,0,0.1,5.8,90.54,Critical
STU-1696,struggling,4.1,4.7,0.7,57.5,43.8,37,5,1,1,0,1,0.1,5.7,80.5,Critical
STU-1697,overworked,4.6,2.9,9.1,67.1,70.8,72,6,1,1,0,0,0.1,2.3,69.15,High
STU-1698,overworked,8.0,5.5,6.7,65.4,70.6,30,6,0,0,1,0,0.1,0.0,42.99,Moderate
STU-1699,at_risk,3.2,4.0,1.1,54.4,29.5,27,3,1,0,0,1,0.1,4.4,82.57,Critical
STU-1700,at_risk,1.0,4.7,2.1,40.7,40.0,51,8,1,1,1,1,0.2,8.9,100.0,Critical
STU-1701,overworked,4.2,5.1,12.2,91.5,79.1,46,1,0,1,0,0,0.6,2.8,55.49,High
STU-1702,struggling,3.3,2.9,3.6,52.2,39.3,68,6,0,0,0,0,0.1,8.5,79.03,Critical
STU-1703,balanced,7.6,6.0,3.3,75.4,86.5,20,2,0,0,0,0,1.3,2.2,27.17,Low
STU-1704,overworked,4.6,6.4,8.6,92.1,74.4,87,1,1,0,0,0,0.0,1.6,41.72,Moderate
STU-1705,overworked,7.2,5.0,6.2,81.8,64.6,79,3,0,0,0,0,0.0,3.5,37.85,Moderate
STU-1706,balanced,6.9,6.7,3.7,71.6,85.3,2,5,0,0,0,0,1.0,1.8,35.94,Moderate
STU-1707,struggling,2.0,5.2,4.1,83.0,68.1,2,6,1,0,0,0,0.2,5.5,80.61,Critical
STU-1708,struggling,7.1,5.9,3.8,64.4,69.3,30,2,0,0,1,1,0.5,7.1,50.15,Moderate
STU-1709,overworked,6.2,4.5,12.1,93.5,70.3,3,3,0,1,1,1,0.9,3.6,83.4,Critical
STU-1710,struggling,7.7,4.5,3.2,72.4,47.8,22,7,1,0,1,1,0.3,6.9,69.89,High
STU-1711,struggling,1.5,4.9,2.5,72.4,60.4,20,3,1,0,1,0,0.7,6.2,69.74,High
STU-1712,overworked,4.5,5.8,12.5,71.1,88.0,66,7,0,1,1,0,0.2,1.5,62.22,High
STU-1713,at_risk,3.2,4.4,0.6,54.5,29.8,15,8,1,0,1,1,0.0,4.3,87.23,Critical
STU-1714,high_achiever,8.2,7.3,5.2,92.8,77.9,5,5,0,0,1,0,1.3,1.1,34.14,Moderate
STU-1715,overworked,6.7,4.4,9.0,55.8,79.5,13,2,0,0,0,0,0.6,2.2,48.66,Moderate
STU-1716,high_achiever,8.8,6.0,6.5,100.0,80.8,46,6,0,0,0,0,1.3,1.7,27.02,Low
STU-1717,struggling,4.4,5.0,3.9,61.4,70.1,42,1,1,1,1,1,0.0,6.3,77.27,Critical
STU-1718,overworked,6.5,6.1,9.4,59.3,69.3,88,7,0,0,0,0,0.1,1.6,42.58,Moderate
STU-1719,overworked,4.8,4.4,6.0,85.0,92.2,17,2,1,1,1,1,0.6,2.0,64.14,High
STU-1720,struggling,3.4,4.6,3.4,51.9,72.2,39,2,1,0,0,0,0.0,5.9,65.54,High
STU-1721,struggling,6.9,4.9,3.0,59.0,52.5,88,2,1,0,0,1,0.0,3.6,56.83,High
STU-1722,balanced,6.3,7.1,5.9,66.2,73.9,27,4,1,0,0,1,1.4,1.7,42.34,Moderate
STU-1723,balanced,6.8,6.6,4.7,83.4,93.5,66,6,1,0,0,0,0.9,1.6,37.78,Moderate
STU-1724,overworked,4.5,6.1,6.0,72.7,78.2,64,5,0,0,0,0,0.3,1.5,40.38,Moderate
STU-1725,struggling,5.4,4.8,2.3,67.5,47.2,61,2,1,0,0,0,0.5,7.0,56.62,High
STU-1726,overworked,5.7,3.3,13.2,73.3,77.5,26,3,1,0,1,0,0.4,1.6,62.93,High
STU-1727,balanced,8.8,7.8,7.8,82.4,77.3,63,7,0,0,1,0,1.1,1.6,26.54,Low
STU-1728,struggling,4.1,3.6,4.2,64.0,55.5,67,3,0,1,0,0,0.8,4.7,62.51,High
STU-1729,high_achiever,9.4,7.4,8.4,89.5,86.4,64,1,1,1,0,0,0.5,1.6,33.79,Moderate
STU-1730,overworked,5.5,6.0,7.7,94.3,79.0,7,7,0,0,0,1,0.4,2.1,53.47,Moderate
STU-1731,struggling,6.3,4.6,3.7,62.2,73.4,83,3,1,1,0,0,0.2,4.8,61.78,High
STU-1732,balanced,7.3,7.9,4.4,80.4,86.9,35,1,0,1,0,0,0.9,1.7,26.97,Low
STU-1733,high_achiever,7.0,6.2,7.1,91.2,92.7,38,0,0,0,0,0,1.6,1.0,24.28,Low
STU-1734,balanced,7.9,8.2,6.4,84.3,80.3,6,5,1,0,0,1,1.5,1.2,44.2,Moderate
STU-1735,high_achiever,9.0,6.4,7.2,89.8,71.1,12,8,1,1,0,0,1.0,1.6,46.16,Moderate
STU-1736,struggling,2.3,3.4,4.6,85.0,68.6,14,7,1,1,1,0,0.0,6.1,79.61,Critical
STU-1737,high_achiever,7.3,6.2,7.8,95.8,84.4,0,4,1,0,0,0,1.0,1.6,48.97,Moderate
STU-1738,high_achiever,8.7,5.6,7.0,85.7,84.7,65,4,0,1,0,0,0.9,1.4,32.08,Moderate
STU-1739,at_risk,1.0,1.4,1.8,41.5,29.9,71,8,1,0,1,1,0.4,4.5,100.0,Critical
STU-1740,overworked,7.9,3.0,9.6,74.0,45.0,40,8,1,0,0,0,0.0,2.8,64.52,High
STU-1741,overworked,6.9,5.3,9.5,94.8,91.5,56,5,1,1,0,0,0.2,0.6,49.36,Moderate
STU-1742,struggling,6.0,4.4,3.8,40.5,43.0,27,4,1,1,0,0,0.2,5.1,73.8,High
STU-1743,struggling,2.4,3.6,5.3,64.9,59.3,78,3,1,0,1,1,0.0,0.4,72.91,High
STU-1744,struggling,2.7,4.9,8.0,70.3,75.0,20,2,1,1,0,0,0.5,3.9,63.81,High
STU-1745,overworked,8.2,6.8,8.6,80.5,55.7,34,3,0,1,0,0,0.6,3.4,38.06,Moderate
STU-1746,at_risk,1.8,3.9,2.6,49.2,40.1,42,5,1,0,1,1,0.1,8.2,97.72,Critical
STU-1747,high_achiever,7.0,5.8,6.7,94.7,85.9,0,6,1,1,0,0,0.7,1.5,59.63,High
STU-1748,balanced,8.1,7.3,5.1,83.9,85.5,35,0,0,0,1,0,1.0,2.0,24.25,Low
STU-1749,high_achiever,8.1,6.0,7.1,96.5,79.4,3,5,1,0,0,0,0.5,0.8,46.03,Moderate
STU-1750,overworked,6.4,3.6,9.1,84.2,74.2,79,8,1,1,0,0,0.3,2.4,61.89,High
STU-1751,overworked,5.2,4.8,12.9,86.1,94.8,75,7,1,1,1,0,0.3,2.1,67.98,High
STU-1752,at_risk,1.7,5.4,1.2,70.0,23.1,90,7,0,0,1,0,0.0,5.5,73.65,High
STU-1753,balanced,8.1,7.4,5.0,80.9,72.4,43,4,0,0,1,1,0.8,1.3,35.93,Moderate
STU-1754,struggling,1.3,6.4,3.0,52.7,60.9,9,5,1,1,1,0,0.7,6.5,90.37,Critical
STU-1755,at_risk,3.6,1.8,1.2,34.3,52.7,73,3,0,0,0,1,0.0,7.9,87.29,Critical
STU-1756,struggling,2.7,3.8,5.4,52.7,53.5,71,8,1,0,0,0,0.1,4.3,74.93,High
STU-1757,high_achiever,7.2,5.8,7.3,86.8,80.1,89,5,0,1,0,0,0.6,1.4,40.12,Moderate
STU-1758,at_risk,4.0,2.8,5.2,32.9,51.0,41,7,1,0,0,1,0.0,4.5,86.48,Critical
STU-1759,balanced,7.1,7.5,6.3,74.4,67.1,77,0,0,1,0,0,0.8,1.7,27.75,Low
STU-1760,balanced,6.2,7.2,8.2,78.0,71.5,67,0,0,0,0,0,1.4,1.5,25.99,Low
STU-1761,at_risk,1.8,5.3,2.5,38.7,30.9,64,5,1,1,1,1,0.0,8.9,100.0,Critical
STU-1762,high_achiever,7.3,6.1,7.0,89.6,76.1,72,1,0,0,0,0,0.8,1.4,25.88,Low
STU-1763,at_risk,3.2,4.4,1.9,51.5,15.0,11,7,0,0,0,0,0.0,8.2,92.55,Critical
STU-1764,struggling,2.9,7.0,6.2,67.6,65.7,35,7,0,0,0,0,0.0,3.6,47.24,Moderate
STU-1765,overworked,5.1,4.5,6.0,81.9,75.4,82,5,0,0,0,1,0.9,1.6,45.91,Moderate
STU-1766,overworked,1.5,4.7,10.9,71.9,91.4,51,4,0,0,0,0,0.3,2.3,55.26,High
STU-1767,balanced,7.5,5.4,6.3,87.8,85.9,33,3,0,1,0,0,0.8,1.9,37.27,Moderate
STU-1768,struggling,4.7,3.5,0.0,66.2,50.2,73,5,0,0,0,1,0.1,5.9,67.42,High
STU-1769,at_risk,1.2,1.6,0.3,70.0,46.7,39,2,0,0,1,1,0.1,5.8,83.18,Critical
STU-1770,balanced,8.4,6.6,6.2,79.2,90.5,44,1,0,0,1,0,1.5,2.5,25.11,Low
STU-1771,overworked,7.1,4.7,9.7,94.4,59.6,54,4,1,1,1,0,0.5,2.6,60.27,High
STU-1772,balanced,6.7,8.7,3.9,93.7,84.7,56,1,0,0,1,0,2.0,0.8,19.75,Low
STU-1773,high_achiever,9.0,5.2,5.1,88.6,86.2,48,0,1,1,0,0,1.6,1.3,34.25,Moderate
STU-1774,overworked,6.0,5.5,10.2,76.2,50.4,11,2,1,1,0,0,0.1,3.3,68.06,High
STU-1775,struggling,3.5,5.8,1.8,59.3,53.7,62,5,1,0,1,1,0.2,5.0,73.24,High
STU-1776,high_achiever,6.7,6.6,5.4,91.8,93.2,46,7,1,1,0,0,0.9,0.8,44.69,Moderate
STU-1777,overworked,4.3,5.6,9.3,95.1,81.6,51,1,1,1,1,0,0.4,2.8,59.17,High
STU-1778,overworked,5.6,4.6,10.6,92.3,78.0,38,3,0,0,0,0,0.7,2.9,46.09,Moderate
STU-1779,at_risk,1.4,5.2,4.7,44.5,33.6,35,5,1,0,1,1,0.2,7.3,94.19,Critical
STU-1780,balanced,5.9,7.2,6.2,87.8,77.8,17,7,0,1,1,0,1.1,2.4,42.43,Moderate
STU-1781,high_achiever,7.4,6.4,4.9,90.1,89.1,47,6,1,0,0,0,1.1,2.2,36.07,Moderate
STU-1782,high_achiever,8.2,7.1,9.8,91.7,78.7,85,2,0,1,0,0,1.3,2.3,31.21,Moderate
STU-1783,overworked,6.8,6.2,11.0,79.3,63.0,51,5,0,0,1,0,0.4,2.6,46.1,Moderate
STU-1784,at_risk,2.8,3.1,2.8,60.9,42.6,60,0,1,0,0,1,0.0,5.8,80.75,Critical
STU-1785,high_achiever,6.7,5.0,8.8,93.6,88.6,67,2,1,1,0,0,0.6,1.8,49.52,Moderate
STU-1786,balanced,5.6,8.1,5.7,78.8,72.0,14,7,1,0,1,0,0.4,2.2,43.36,Moderate
STU-1787,overworked,5.2,6.3,7.4,72.0,61.5,81,0,1,0,0,0,0.3,2.3,42.59,Moderate
STU-1788,overworked,5.0,4.1,12.0,100.0,71.4,46,1,1,0,1,0,0.2,3.4,60.25,High
STU-1789,overworked,5.0,4.3,7.8,75.2,61.4,16,2,0,0,1,0,0.4,2.2,46.49,Moderate
STU-1790,balanced,6.8,6.8,6.5,80.8,81.6,13,3,1,1,0,0,1.4,2.1,46.84,Moderate
STU-1791,balanced,6.1,6.6,7.6,79.9,52.5,85,8,1,0,0,0,1.1,1.9,40.73,Moderate
STU-1792,struggling,6.0,3.6,4.0,59.3,36.5,47,2,0,1,0,1,0.0,3.4,69.76,High
STU-1793,struggling,3.8,3.9,2.1,76.4,69.6,6,3,0,1,0,1,0.7,5.5,83.52,Critical
STU-1794,at_risk,1.3,3.3,1.0,20.6,50.7,50,5,1,0,0,1,0.0,8.6,100.0,Critical
STU-1795,balanced,7.8,7.5,4.8,96.9,75.3,73,6,0,0,0,0,1.3,1.4,22.83,Low
STU-1796,overworked,6.2,5.2,8.3,63.6,57.3,35,8,1,0,0,1,0.8,1.7,59.14,High
STU-1797,at_risk,4.0,2.4,0.9,36.5,57.4,62,8,1,0,1,0,0.5,7.7,90.76,Critical
STU-1798,overworked,4.6,6.9,9.9,86.5,68.9,46,6,1,0,0,0,0.3,3.5,51.7,Moderate
STU-1799,struggling,6.2,4.8,2.2,55.0,53.2,14,1,0,1,1,0,0.1,3.1,59.18,High
STU-1800,struggling,3.2,4.7,3.9,54.9,69.4,10,8,1,0,1,0,0.0,5.2,85.15,Critical
STU-1801,balanced,7.1,6.0,6.5,87.9,69.6,87,3,0,0,0,0,1.5,2.0,25.58,Low
STU-1802,high_achiever,7.1,7.3,7.4,88.2,79.8,72,8,1,0,0,0,0.8,1.2,36.11,Moderate
STU-1803,struggling,1.4,5.9,5.0,46.7,53.6,67,2,0,0,1,0,0.0,4.4,65.26,High
STU-1804,overworked,4.9,7.0,8.8,69.9,62.4,19,8,1,1,0,0,0.7,0.9,53.46,Moderate
STU-1805,at_risk,3.9,3.7,2.3,70.0,41.0,51,4,1,0,1,0,0.0,5.6,71.75,High
STU-1806,overworked,7.4,5.6,11.2,90.1,65.9,38,0,0,1,0,0,0.1,2.2,40.76,Moderate
STU-1807,balanced,7.4,7.9,5.3,83.2,74.2,76,1,0,0,0,0,1.5,1.4,15.48,Low
STU-1808,balanced,7.7,7.8,6.0,76.9,65.9,31,6,0,1,0,0,1.4,1.9,29.06,Low
STU-1809,high_achiever,9.3,5.8,9.1,91.2,74.0,9,3,0,1,0,0,0.9,1.9,37.9,Moderate
STU-1810,at_risk,1.0,3.3,0.7,55.4,47.3,86,2,1,0,1,1,0.0,4.8,89.18,Critical
STU-1811,balanced,6.3,6.1,4.1,84.8,77.5,66,4,1,0,0,0,0.9,1.8,40.78,Moderate
STU-1812,struggling,2.5,2.2,4.2,60.7,43.5,15,8,0,0,1,0,0.5,6.1,76.78,Critical
STU-1813,high_achiever,7.3,8.1,7.7,94.4,92.0,43,4,0,1,0,0,1.0,1.8,30.67,Moderate
STU-1814,at_risk,3.0,3.2,2.3,39.2,38.2,54,2,1,0,1,1,0.0,4.6,89.93,Critical
STU-1815,at_risk,1.6,3.0,1.8,54.0,49.4,13,1,1,0,0,1,0.0,8.9,100.0,Critical
STU-1816,at_risk,3.0,3.7,2.5,65.8,52.7,85,7,1,0,1,0,0.4,6.3,78.03,Critical
STU-1817,high_achiever,8.9,6.1,6.6,91.1,90.4,35,4,0,1,0,0,1.4,1.3,27.8,Low
STU-1818,at_risk,2.7,2.6,0.0,29.0,41.9,45,1,1,0,1,1,0.4,6.3,96.38,Critical
STU-1819,balanced,8.4,5.8,6.1,81.9,79.5,55,4,0,0,0,0,1.0,1.3,27.54,Low
STU-1820,balanced,8.8,7.7,4.9,71.3,61.5,48,8,0,0,0,0,1.7,1.2,22.94,Low
STU-1821,at_risk,3.8,1.9,4.2,44.2,24.2,82,1,1,1,1,0,0.1,4.8,93.87,Critical
STU-1822,struggling,3.0,2.2,3.2,45.7,54.5,77,6,1,0,1,0,0.0,4.1,83.84,Critical
STU-1823,high_achiever,7.6,6.7,7.8,85.2,84.6,58,8,0,1,0,0,0.0,1.5,39.69,Moderate
STU-1824,balanced,6.2,7.3,6.9,78.2,67.4,3,3,0,0,0,0,1.3,1.0,33.2,Moderate
STU-1825,struggling,5.8,4.6,0.7,40.4,53.9,3,7,1,0,1,0,0.6,2.4,87.59,Critical
STU-1826,high_achiever,8.9,7.8,7.4,93.5,72.2,31,4,1,0,0,0,1.8,1.1,23.24,Low
STU-1827,overworked,5.1,6.5,12.8,79.3,80.0,20,3,1,1,0,0,0.4,1.4,57.91,High
STU-1828,struggling,3.1,6.3,5.4,69.4,73.9,22,7,0,0,0,0,1.0,4.5,46.62,Moderate
STU-1829,at_risk,1.0,5.7,1.3,65.0,29.1,29,5,1,0,0,0,0.4,4.8,70.76,High
STU-1830,high_achiever,7.6,6.1,7.7,90.7,88.8,63,2,1,0,0,0,0.9,1.1,33.81,Moderate
STU-1831,high_achiever,9.4,6.7,4.6,88.4,85.6,56,5,1,0,0,0,1.7,1.9,26.16,Low
STU-1832,high_achiever,9.7,6.5,8.5,85.2,70.6,64,8,0,1,0,0,0.4,0.0,38.38,Moderate
STU-1833,overworked,5.8,4.1,10.2,79.9,76.2,11,1,0,1,0,1,0.8,2.0,61.28,High
STU-1834,high_achiever,8.5,7.1,7.1,100.0,82.4,43,8,0,0,0,0,0.6,1.6,26.85,Low
STU-1835,overworked,6.2,4.2,8.9,96.9,65.9,37,1,1,1,0,0,0.2,3.1,53.95,Moderate
STU-1836,overworked,4.5,5.6,10.9,90.2,62.5,35,0,1,0,1,1,0.6,1.8,58.99,High
STU-1837,overworked,7.3,4.5,9.9,79.6,59.3,82,3,0,0,1,0,0.7,2.6,42.77,Moderate
STU-1838,balanced,7.5,6.4,6.8,70.4,72.1,56,6,1,0,0,0,1.3,1.8,37.91,Moderate
STU-1839,struggling,1.7,6.5,4.3,78.3,62.5,51,6,0,1,1,0,0.3,2.9,57.47,High
STU-1840,high_achiever,9.1,7.5,6.3,80.0,83.7,47,5,0,0,0,0,0.9,1.3,22.21,Low
STU-1841,at_risk,3.4,4.5,2.7,21.0,33.9,17,5,0,0,1,0,0.6,6.9,84.09,Critical
STU-1842,at_risk,2.9,3.9,0.0,44.4,37.5,64,7,0,0,1,1,0.4,6.3,84.01,Critical
STU-1843,struggling,4.6,3.5,1.7,52.0,58.5,89,8,1,0,1,1,0.7,5.5,82.21,Critical
STU-1844,high_achiever,8.2,6.6,7.8,80.0,85.7,56,7,1,1,0,0,0.6,2.0,43.26,Moderate
STU-1845,struggling,4.0,2.7,5.0,69.5,58.7,83,0,1,0,1,0,0.1,3.6,65.25,High
STU-1846,at_risk,1.8,3.9,0.0,40.7,59.6,35,4,1,0,1,1,0.2,6.5,92.87,Critical
STU-1847,at_risk,1.0,2.7,1.4,60.9,48.5,17,6,0,0,1,1,0.0,8.2,90.37,Critical
STU-1848,balanced,8.4,6.2,5.4,78.1,83.4,72,8,0,0,0,0,1.0,1.8,30.35,Moderate
STU-1849,at_risk,3.0,4.4,2.3,41.7,33.8,0,0,1,0,1,1,0.1,6.7,100.0,Critical
STU-1850,high_achiever,7.8,5.4,7.8,91.9,91.0,67,6,1,1,0,0,1.0,0.5,45.27,Moderate
STU-1851,high_achiever,7.6,7.0,4.5,91.2,88.1,22,2,0,1,0,0,0.7,1.4,29.24,Low
STU-1852,balanced,6.5,6.7,4.6,87.5,69.1,51,6,0,0,0,1,0.8,2.9,40.99,Moderate
STU-1853,high_achiever,6.3,6.0,7.3,92.6,76.1,39,5,1,1,0,0,1.5,1.8,45.56,Moderate
STU-1854,balanced,8.6,7.4,6.0,94.5,83.8,25,3,0,0,1,0,0.9,2.2,25.14,Low
STU-1855,overworked,6.3,5.5,7.4,76.8,72.7,32,0,0,1,0,1,0.3,2.5,47.34,Moderate
STU-1856,at_risk,2.5,3.7,4.1,55.1,40.4,0,8,1,0,1,1,0.0,7.5,100.0,Critical
STU-1857,balanced,8.5,7.0,3.3,68.4,80.9,47,1,0,0,0,0,1.0,2.1,22.67,Low
STU-1858,at_risk,2.3,3.4,0.7,47.8,31.0,44,1,1,0,1,1,0.0,5.6,90.98,Critical
STU-1859,at_risk,3.4,3.4,3.5,70.0,48.3,90,2,0,0,1,0,0.2,6.9,68.21,High
STU-1860,struggling,4.1,5.7,4.4,57.7,62.8,15,4,0,0,0,0,0.3,4.6,50.05,Moderate
STU-1861,at_risk,2.7,4.5,3.3,53.3,45.2,12,7,1,0,1,1,0.4,5.9,98.16,Critical
STU-1862,balanced,8.5,6.6,4.7,67.6,79.6,84,8,1,0,0,0,0.6,1.3,39.49,Moderate
STU-1863,high_achiever,8.4,6.0,6.8,86.6,81.7,31,5,0,0,0,0,1.1,1.1,26.68,Low
STU-1864,balanced,5.7,7.9,6.1,88.3,85.3,7,7,0,0,0,1,0.9,1.6,39.36,Moderate
STU-1865,high_achiever,10.0,6.4,8.2,84.8,91.0,66,1,0,0,0,0,1.7,1.4,16.71,Low
STU-1866,struggling,3.8,2.0,3.4,71.9,51.6,50,8,1,0,0,0,0.2,5.6,75.5,Critical
STU-1867,struggling,1.5,4.6,7.2,46.0,51.0,80,6,1,1,0,1,0.9,6.5,89.58,Critical
STU-1868,overworked,5.8,5.0,8.4,77.3,67.2,61,6,1,1,0,0,0.4,1.6,52.88,Moderate
STU-1869,overworked,5.4,6.7,9.6,74.7,77.5,67,0,0,0,0,0,0.4,3.7,37.08,Moderate
STU-1870,balanced,7.9,6.4,6.1,84.2,74.5,22,5,1,0,0,0,1.0,1.4,34.86,Moderate
STU-1871,high_achiever,8.3,6.4,7.3,90.8,85.6,68,0,0,1,0,0,0.9,1.4,32.68,Moderate
STU-1872,high_achiever,8.0,7.0,7.5,89.7,92.8,65,5,0,1,0,0,0.9,1.9,31.92,Moderate
STU-1873,struggling,2.6,4.9,1.8,68.4,37.7,28,5,1,1,1,1,0.2,2.7,86.05,Critical
STU-1874,balanced,5.5,7.0,6.9,90.3,81.8,48,3,1,0,0,1,1.1,2.6,45.31,Moderate
STU-1875,at_risk,2.7,3.7,1.5,34.4,52.8,42,2,1,0,0,1,0.4,4.4,80.99,Critical
STU-1876,at_risk,2.4,3.5,2.1,62.2,29.0,18,3,0,0,0,1,0.0,8.7,82.51,Critical
STU-1877,struggling,2.1,3.9,3.0,80.7,63.1,80,4,1,0,0,0,0.6,6.0,66.17,High
STU-1878,balanced,6.5,6.8,4.3,80.3,80.5,53,6,0,0,0,0,1.3,2.6,28.96,Low
STU-1879,overworked,6.3,3.8,9.6,85.4,67.9,1,6,0,1,0,0,0.6,1.4,65.34,High
STU-1880,balanced,7.8,8.4,4.3,91.8,75.3,14,1,0,1,0,1,0.7,1.1,31.32,Moderate
STU-1881,balanced,6.8,5.9,3.5,75.2,76.6,32,6,0,1,0,0,1.2,1.5,38.23,Moderate
STU-1882,overworked,7.1,5.4,9.3,87.3,60.4,50,3,1,0,1,0,0.3,2.0,47.28,Moderate
STU-1883,at_risk,2.1,1.4,4.9,33.9,57.0,60,7,1,0,1,0,0.1,7.3,97.04,Critical
STU-1884,balanced,7.4,7.5,6.3,88.2,72.1,8,3,1,0,0,0,1.0,0.8,35.56,Moderate
STU-1885,overworked,7.1,6.6,10.0,70.3,53.0,84,8,1,0,0,0,0.7,0.8,47.55,Moderate
STU-1886,high_achiever,7.6,6.5,7.0,91.7,70.5,19,5,1,1,0,0,1.0,0.3,42.1,Moderate
STU-1887,at_risk,1.9,1.3,0.8,39.4,52.3,7,6,1,1,1,0,0.1,6.9,100.0,Critical
STU-1888,overworked,5.4,5.8,10.5,65.1,84.7,42,7,0,1,1,0,0.0,2.9,58.8,High
STU-1889,balanced,7.8,8.5,5.2,79.9,79.9,20,2,0,0,0,0,1.1,2.9,19.97,Low
STU-1890,struggling,3.5,3.9,2.1,54.5,47.8,2,2,1,1,1,0,0.2,3.8,100.0,Critical
STU-1891,high_achiever,7.0,6.6,7.7,94.2,84.6,0,6,1,1,0,0,0.9,1.6,58.04,High
STU-1892,balanced,6.9,5.8,4.9,72.8,69.7,80,0,1,0,0,0,1.2,2.0,37.11,Moderate
STU-1893,struggling,3.2,5.4,4.0,77.6,58.9,82,6,1,0,0,0,0.0,2.2,55.57,High
STU-1894,overworked,4.7,4.0,7.6,79.6,85.1,78,4,0,1,0,0,0.3,2.7,52.24,Moderate
STU-1895,overworked,3.6,5.7,7.9,78.2,66.6,68,5,0,1,0,1,0.7,1.4,55.75,High
STU-1896,balanced,6.4,6.6,2.0,98.7,79.4,32,2,1,0,0,0,0.9,1.1,34.54,Moderate
STU-1897,overworked,6.6,3.1,9.3,95.7,58.7,90,8,1,0,1,0,0.4,4.0,66.69,High
STU-1898,at_risk,2.6,4.0,1.4,67.5,33.2,51,6,0,1,1,1,0.0,5.4,84.06,Critical
STU-1899,at_risk,2.2,3.2,3.8,58.4,41.2,43,5,1,0,0,1,0.1,4.1,79.34,Critical
STU-1900,struggling,4.2,5.5,3.3,55.6,57.6,72,3,1,0,1,0,0.3,7.3,70.77,High
STU-1901,at_risk,3.5,4.3,0.1,57.9,42.5,52,5,0,0,1,1,0.2,7.2,79.46,Critical
STU-1902,struggling,8.0,4.4,4.9,56.3,61.5,38,6,1,1,1,0,0.6,5.3,68.2,High
STU-1903,balanced,6.3,6.6,5.8,89.0,76.4,66,6,1,0,0,0,1.7,1.4,34.75,Moderate
STU-1904,balanced,7.5,6.9,6.2,81.8,72.3,34,2,0,0,0,0,1.2,1.8,23.01,Low
STU-1905,struggling,3.7,4.0,4.8,64.3,75.0,31,2,1,0,1,1,0.3,4.0,73.58,High
STU-1906,high_achiever,8.1,7.2,7.7,94.1,88.2,80,0,0,0,0,0,0.6,1.6,20.21,Low
STU-1907,struggling,3.7,3.6,4.0,66.0,57.8,6,5,0,1,1,0,0.4,3.9,86.63,Critical
STU-1908,at_risk,3.4,4.6,0.3,25.0,29.3,27,4,1,0,1,1,0.3,8.6,98.12,Critical
STU-1909,high_achiever,8.0,7.8,7.5,98.1,91.0,60,5,1,0,0,0,0.6,1.3,31.52,Moderate
STU-1910,high_achiever,7.9,7.1,7.5,80.0,77.1,19,2,1,1,0,0,0.1,1.5,39.11,Moderate
STU-1911,overworked,5.9,4.0,10.5,85.2,57.4,60,4,0,0,1,0,0.0,2.2,56.71,High
STU-1912,struggling,6.5,5.2,2.4,72.6,46.6,56,1,0,0,0,1,0.1,1.6,45.87,Moderate
STU-1913,high_achiever,7.3,6.6,4.2,91.8,70.4,2,5,1,1,0,0,1.4,1.7,51.7,Moderate
STU-1914,at_risk,3.1,2.5,2.1,59.9,15.0,85,5,1,1,0,0,0.0,6.2,92.1,Critical
STU-1915,at_risk,4.0,2.4,1.1,19.3,56.1,38,6,0,0,1,1,0.1,5.3,89.75,Critical
STU-1916,at_risk,3.1,3.8,6.0,54.8,32.4,81,5,1,0,0,1,0.0,5.4,82.09,Critical
STU-1917,overworked,5.6,5.8,8.6,69.9,85.2,63,0,0,0,0,0,0.0,0.5,35.91,Moderate
STU-1918,struggling,1.7,5.0,3.0,59.4,65.8,65,4,1,0,1,1,0.1,6.0,81.46,Critical
STU-1919,at_risk,2.0,4.2,1.6,61.9,19.1,83,3,0,1,1,1,0.0,5.4,87.4,Critical
STU-1920,high_achiever,7.4,6.3,7.9,89.0,80.1,84,7,1,0,0,0,0.9,1.0,37.99,Moderate
STU-1921,struggling,1.6,4.6,2.6,73.6,34.6,1,0,1,1,0,0,0.1,7.5,100.0,Critical
STU-1922,overworked,5.1,3.8,7.5,93.5,71.7,34,6,1,1,0,0,0.4,0.8,59.51,High
STU-1923,overworked,7.2,6.1,10.5,66.7,73.1,43,2,0,0,0,0,0.6,0.8,34.44,Moderate
STU-1924,at_risk,3.4,4.4,0.0,59.9,39.1,57,1,0,0,1,1,0.3,4.9,72.04,High
STU-1925,high_achiever,8.5,6.3,7.0,87.8,94.9,16,1,0,0,0,1,1.0,0.9,28.45,Low
STU-1926,balanced,7.3,7.6,3.9,96.8,77.5,11,1,1,1,0,0,1.4,1.7,38.26,Moderate
STU-1927,balanced,7.1,7.8,5.5,88.1,71.5,19,7,1,0,0,0,1.3,1.3,34.81,Moderate
STU-1928,struggling,2.7,4.1,3.0,57.8,60.7,17,3,1,0,0,1,0.2,6.9,75.54,Critical
STU-1929,at_risk,2.7,2.7,2.6,47.8,36.1,55,3,0,1,0,1,0.3,4.9,86.42,Critical
STU-1930,balanced,6.4,7.1,4.1,76.7,74.3,25,7,0,0,0,0,1.9,1.9,30.39,Moderate
STU-1931,struggling,4.3,4.0,5.8,67.2,44.3,7,7,1,1,0,0,0.4,4.4,79.98,Critical
STU-1932,balanced,8.1,7.9,7.7,85.4,73.0,69,3,1,1,0,0,1.5,2.3,35.78,Moderate
STU-1933,struggling,3.9,4.3,2.4,68.4,33.4,29,2,0,1,1,1,0.5,5.7,77.12,Critical
STU-1934,overworked,5.7,6.5,10.8,71.9,64.1,27,6,0,1,0,0,0.1,2.6,48.48,Moderate
STU-1935,overworked,7.1,6.3,8.2,76.1,70.2,87,4,1,1,1,0,0.7,3.5,49.13,Moderate
STU-1936,overworked,5.0,4.7,7.4,73.1,74.3,7,6,1,1,0,0,0.3,1.0,69.92,High
STU-1937,balanced,7.5,7.1,4.2,84.1,73.7,11,5,0,0,1,0,0.4,1.2,38.53,Moderate
STU-1938,struggling,6.9,4.9,5.2,60.1,51.0,8,4,0,0,0,0,0.6,7.3,62.06,High
STU-1939,high_achiever,6.9,6.5,7.3,89.7,87.3,38,7,1,1,0,0,1.3,1.9,46.48,Moderate
STU-1940,overworked,5.0,3.6,10.0,96.8,65.2,45,6,0,1,0,1,0.6,2.8,64.29,High
STU-1941,overworked,5.5,4.1,6.1,66.9,66.1,59,7,1,0,0,0,0.7,2.1,52.31,Moderate
STU-1942,overworked,4.2,5.7,11.5,88.6,76.1,17,5,1,0,0,1,0.0,1.9,65.37,High
STU-1943,overworked,7.2,3.5,9.4,81.6,62.4,84,2,0,1,0,0,0.0,2.3,48.51,Moderate
STU-1944,balanced,6.4,6.7,5.3,81.9,67.9,34,5,0,0,1,0,1.1,0.7,34.75,Moderate
STU-1945,balanced,4.3,6.8,6.6,73.5,80.7,35,3,0,1,0,0,1.7,0.0,37.56,Moderate
STU-1946,balanced,4.3,6.9,5.5,62.1,90.4,62,0,0,0,0,0,1.3,1.3,35.36,Moderate
STU-1947,overworked,2.8,3.8,6.1,96.0,73.3,18,3,1,0,0,0,0.6,2.4,56.63,High
STU-1948,struggling,4.1,4.8,3.7,54.7,51.4,80,2,1,1,1,0,0.4,5.0,71.17,High
STU-1949,overworked,3.5,6.1,9.0,83.8,59.1,67,4,1,0,0,0,0.0,1.5,52.78,Moderate
STU-1950,overworked,4.5,6.3,9.8,96.5,74.0,60,1,1,0,1,0,0.0,3.0,50.92,Moderate
STU-1951,balanced,7.4,6.4,8.1,93.5,69.1,40,7,0,0,0,0,1.1,1.9,32.91,Moderate
STU-1952,high_achiever,7.8,5.8,6.1,91.0,92.4,16,5,0,0,0,0,1.2,1.0,30.05,Moderate
STU-1953,high_achiever,7.5,7.1,10.0,89.2,89.8,31,7,0,0,0,0,0.7,1.3,33.42,Moderate
STU-1954,struggling,3.7,7.0,3.0,69.0,28.8,18,5,0,0,0,1,0.4,6.5,62.35,High
STU-1955,balanced,4.7,7.0,5.5,87.8,91.1,34,1,0,0,0,0,1.0,1.3,28.13,Low
STU-1956,overworked,5.8,5.5,8.7,85.8,74.7,7,7,0,0,1,1,0.4,1.5,59.89,High
STU-1957,balanced,4.8,7.2,5.5,83.5,79.0,18,4,0,0,0,0,1.4,1.7,30.83,Moderate
STU-1958,at_risk,1.1,2.9,2.1,37.0,48.3,82,3,1,0,0,1,0.0,6.6,94.37,Critical
STU-1959,at_risk,3.2,4.4,3.0,16.4,52.3,24,8,1,1,0,1,0.4,5.2,96.36,Critical
STU-1960,high_achiever,7.1,5.1,6.1,88.3,82.9,1,4,1,0,0,0,0.6,1.0,52.95,Moderate
STU-1961,overworked,4.3,5.5,10.5,100.0,81.3,10,5,1,1,0,0,0.5,1.7,68.19,High
STU-1962,overworked,6.0,4.5,10.7,64.0,67.6,76,7,0,1,0,0,0.6,2.0,55.92,High
STU-1963,high_achiever,7.7,5.9,8.4,85.9,86.9,58,4,1,1,0,0,1.2,0.9,43.32,Moderate
STU-1964,balanced,6.3,8.1,4.1,76.8,65.2,70,7,1,0,1,0,0.7,2.8,42.46,Moderate
STU-1965,overworked,5.7,4.3,10.9,69.8,77.9,82,5,1,0,0,0,0.1,1.7,57.56,High
STU-1966,overworked,6.8,5.6,7.9,73.5,71.6,72,0,1,0,1,0,0.1,3.3,42.87,Moderate
STU-1967,at_risk,1.7,3.0,0.0,27.1,45.5,8,2,1,0,1,1,0.1,9.3,100.0,Critical
STU-1968,balanced,7.6,7.3,5.6,60.8,63.8,45,5,0,0,0,0,1.2,2.2,29.95,Low
STU-1969,balanced,6.3,7.7,7.3,89.5,82.9,53,6,0,1,0,1,1.0,2.4,41.99,Moderate
STU-1970,struggling,4.8,4.9,3.3,51.7,51.0,33,3,1,1,1,1,0.6,4.1,79.02,Critical
STU-1971,balanced,7.9,6.8,7.2,79.2,87.1,28,7,0,0,1,0,1.4,1.8,30.27,Moderate
STU-1972,balanced,7.1,6.8,4.0,80.3,68.6,64,5,1,0,0,0,1.4,2.6,32.9,Moderate
STU-1973,overworked,8.1,4.9,8.0,85.6,65.5,63,0,0,0,1,0,0.4,1.9,34.09,Moderate
STU-1974,struggling,5.1,4.2,1.3,68.6,37.5,26,3,0,0,1,0,0.0,6.6,62.58,High
STU-1975,struggling,1.0,5.2,3.0,59.4,48.2,21,6,1,0,0,1,0.4,3.7,78.75,Critical
STU-1976,balanced,5.7,7.4,6.3,75.9,66.8,71,5,0,0,0,0,1.6,1.2,27.07,Low
STU-1977,struggling,5.3,4.5,0.8,83.0,45.6,41,4,1,1,0,1,0.2,5.2,72.36,High
STU-1978,overworked,8.4,3.3,10.7,85.4,68.6,85,8,0,1,0,0,0.6,2.9,50.89,Moderate
STU-1979,high_achiever,9.2,5.4,5.6,89.7,96.5,26,3,1,1,0,0,0.9,1.4,41.06,Moderate
STU-1980,high_achiever,7.6,5.7,6.5,97.9,85.4,75,4,0,1,0,0,1.8,1.8,32.41,Moderate
STU-1981,overworked,5.6,4.1,8.5,100.0,80.2,32,3,1,0,0,0,0.7,1.7,51.26,Moderate
STU-1982,struggling,5.6,6.8,6.2,44.3,38.7,63,6,1,1,1,1,0.0,3.4,78.58,Critical
STU-1983,high_achiever,7.3,8.0,9.3,91.0,96.7,61,8,0,1,0,0,1.6,1.2,31.17,Moderate
STU-1984,struggling,3.7,3.7,3.8,63.1,52.8,13,0,0,0,0,1,0.5,3.0,67.98,High
STU-1985,at_risk,2.1,3.7,3.4,29.6,34.6,38,7,1,0,0,0,0.1,5.2,90.49,Critical
STU-1986,overworked,4.4,4.4,8.4,88.9,65.1,24,6,0,1,1,0,0.5,3.8,60.41,High
STU-1987,high_achiever,8.7,7.7,8.2,90.9,88.9,4,1,1,1,0,0,0.5,1.0,43.52,Moderate
STU-1988,overworked,8.9,4.2,8.3,67.6,75.6,26,1,1,0,0,0,0.4,3.1,44.22,Moderate
STU-1989,at_risk,1.1,2.7,4.0,45.0,52.3,60,2,0,0,1,0,0.1,4.3,76.65,Critical
STU-1990,balanced,6.2,6.5,5.7,86.1,62.3,71,4,1,0,0,0,1.2,1.4,36.35,Moderate
STU-1991,overworked,5.7,4.4,11.6,89.9,81.8,8,6,0,1,0,1,0.3,1.4,71.04,High
STU-1992,struggling,3.8,3.8,1.7,61.5,47.2,1,0,1,0,0,0,0.5,5.8,86.77,Critical
STU-1993,struggling,2.1,5.0,2.4,47.4,46.9,25,4,0,0,0,0,0.6,4.2,65.88,High
STU-1994,balanced,7.7,6.7,6.9,85.6,67.5,0,0,1,0,0,0,1.9,2.0,34.55,Moderate
STU-1995,at_risk,1.6,4.7,2.8,57.4,31.9,29,0,0,0,0,1,0.3,8.0,76.14,Critical
STU-1996,overworked,3.4,5.6,7.1,79.5,65.5,47,5,1,1,0,0,0.8,1.9,56.93,High
STU-1997,high_achiever,7.4,7.2,9.5,85.7,86.8,74,6,0,1,0,0,2.1,1.4,33.54,Moderate
STU-1998,overworked,6.7,5.0,6.9,89.3,50.0,63,8,0,0,1,0,0.3,3.2,49.51,Moderate
STU-1999,overworked,4.5,5.9,8.2,65.8,72.7,45,7,0,1,1,1,0.3,1.2,64.01,High
STU-2000,overworked,6.2,4.6,9.1,82.7,81.9,80,2,0,0,0,0,0.3,2.7,41.91,Moderate
STU-2001,struggling,5.3,4.5,2.1,56.5,56.1,17,3,1,0,1,0,0.8,4.1,62.69,High
STU-2002,high_achiever,7.5,6.6,8.8,94.8,77.6,69,0,1,0,0,0,0.8,2.0,33.94,Moderate
STU-2003,struggling,2.3,3.5,4.6,73.9,52.2,29,5,1,1,0,0,1.0,6.0,74.12,High
STU-2004,overworked,4.3,4.0,10.0,73.1,86.7,66,6,1,0,0,0,0.8,2.7,57.03,High
STU-2005,balanced,6.5,8.0,4.8,91.0,78.8,81,7,0,0,0,0,1.2,1.4,26.71,Low
STU-2006,balanced,7.4,7.8,4.4,79.9,75.4,64,1,0,0,0,0,1.5,1.3,17.16,Low
STU-2007,overworked,6.5,3.5,11.4,76.4,54.5,38,3,0,0,0,0,0.3,2.5,50.03,Moderate
STU-2008,struggling,4.0,5.4,3.2,50.8,48.4,15,3,1,0,1,1,0.7,7.3,75.34,Critical
STU-2009,balanced,8.3,7.2,6.6,77.6,60.9,54,5,0,1,0,0,1.4,1.2,27.53,Low
STU-2010,struggling,2.0,5.2,3.7,71.4,60.0,38,6,1,0,1,1,0.2,4.7,73.67,High
STU-2011,struggling,3.7,3.3,4.1,74.9,42.2,4,7,0,0,0,0,0.7,5.0,80.41,Critical
STU-2012,overworked,3.0,3.2,9.7,85.9,63.3,68,1,1,0,0,0,0.9,2.8,58.31,High
STU-2013,overworked,5.5,7.0,7.6,83.3,66.8,3,6,0,0,0,0,0.6,3.2,46.98,Moderate
STU-2014,balanced,8.3,8.8,5.6,88.3,70.3,10,3,0,0,0,0,1.2,1.7,19.99,Low
STU-2015,high_achiever,8.8,6.4,8.8,98.7,90.1,30,7,0,0,0,0,0.8,1.1,29.15,Low
STU-2016,balanced,8.1,6.0,6.3,73.4,81.6,52,1,0,0,0,0,1.2,2.6,27.05,Low
STU-2017,balanced,8.6,8.2,5.7,72.7,66.6,56,1,1,0,0,0,0.4,1.1,26.01,Low
STU-2018,struggling,3.2,4.3,4.2,58.4,38.5,83,0,1,0,1,0,0.3,3.5,69.01,High
STU-2019,overworked,7.5,4.7,12.2,92.3,64.2,20,0,1,1,1,0,0.1,2.2,59.48,High
STU-2020,overworked,4.8,5.9,11.3,70.3,63.2,25,7,1,1,1,0,0.6,2.3,65.17,High
STU-2021,overworked,5.0,4.9,7.2,85.7,65.2,48,0,1,0,0,0,0.0,2.2,44.39,Moderate
STU-2022,overworked,8.0,4.4,7.9,83.1,63.4,56,1,1,0,0,0,0.2,2.6,40.56,Moderate
STU-2023,balanced,5.7,8.4,6.2,79.9,75.0,56,7,1,0,0,0,1.4,2.4,33.62,Moderate
STU-2024,overworked,6.0,4.5,9.2,79.6,69.9,81,8,0,1,0,0,0.6,2.6,50.11,Moderate
STU-2025,balanced,5.8,6.7,7.7,75.2,73.3,8,1,0,0,0,0,1.0,1.5,33.7,Moderate
STU-2026,overworked,7.6,5.5,8.3,100.0,70.8,17,1,0,1,0,0,0.2,3.3,39.54,Moderate
STU-2027,balanced,8.9,6.3,7.2,83.6,85.3,69,5,1,1,0,0,2.0,1.1,37.68,Moderate
STU-2028,struggling,1.9,3.2,2.3,68.0,52.4,14,8,1,0,0,0,0.2,5.0,76.06,Critical
STU-2029,balanced,7.9,7.9,7.7,81.8,70.8,47,0,1,0,0,0,1.4,1.1,23.95,Low
STU-2030,struggling,5.5,4.4,1.7,44.1,52.6,38,2,1,0,1,0,0.6,6.5,70.47,High
STU-2031,overworked,8.5,4.9,9.3,55.0,65.5,61,7,1,1,1,0,0.7,3.5,61.84,High
STU-2032,balanced,7.7,7.8,5.5,63.7,77.0,9,2,1,0,0,0,1.5,1.2,33.64,Moderate
STU-2033,struggling,2.3,2.0,5.0,62.0,71.2,9,2,0,1,0,0,0.6,4.3,78.32,Critical
STU-2034,balanced,7.8,7.8,5.9,90.8,72.6,33,6,0,0,0,0,0.8,1.8,25.16,Low
STU-2035,balanced,6.0,5.9,6.0,78.7,73.7,85,5,0,0,0,1,1.1,2.7,43.18,Moderate
STU-2036,overworked,3.6,4.5,10.8,84.0,69.6,78,8,0,0,0,1,0.1,1.7,61.16,High
STU-2037,at_risk,2.8,5.2,1.0,32.6,36.7,36,7,1,0,1,1,0.3,3.3,90.26,Critical
STU-2038,high_achiever,7.7,6.0,5.1,94.5,84.0,18,0,0,1,1,0,1.1,0.9,34.66,Moderate
STU-2039,overworked,4.8,4.9,8.5,62.7,97.3,38,8,1,1,0,0,0.0,2.3,62.66,High
STU-2040,struggling,1.0,4.6,3.8,77.1,56.8,88,8,0,0,1,0,0.3,3.4,66.57,High
STU-2041,at_risk,3.4,2.3,2.1,50.2,33.9,11,7,1,0,1,1,0.3,7.9,100.0,Critical
STU-2042,at_risk,2.2,5.0,3.4,49.1,18.4,34,4,1,0,1,1,0.2,7.6,91.05,Critical
STU-2043,struggling,4.4,4.0,3.2,51.1,50.2,24,5,1,0,1,1,0.7,4.1,78.9,Critical
STU-2044,at_risk,1.7,4.3,2.0,53.3,38.1,76,6,1,0,1,1,0.2,1.1,82.12,Critical
STU-2045,struggling,4.6,2.0,2.7,61.3,42.1,88,4,1,0,0,0,0.1,5.2,75.47,Critical
STU-2046,balanced,6.2,6.5,4.6,62.6,76.1,59,8,0,0,0,0,1.6,2.4,35.24,Moderate
STU-2047,balanced,5.9,7.0,6.5,83.2,77.3,81,5,0,0,0,0,1.7,1.4,28.02,Low
STU-2048,balanced,8.8,6.8,4.0,76.6,67.5,34,7,0,0,0,0,1.3,1.3,24.85,Low
STU-2049,struggling,2.9,2.0,4.0,63.8,58.2,70,6,1,0,1,0,0.1,3.6,77.72,Critical
STU-2050,balanced,8.7,7.0,6.0,79.4,62.7,70,4,1,0,0,0,1.6,2.3,30.04,Moderate
STU-2051,struggling,3.7,5.2,4.8,81.4,63.9,62,1,1,1,0,0,0.3,2.8,55.11,High
STU-2052,overworked,5.9,5.7,11.5,77.0,91.0,6,0,1,1,1,0,0.0,2.5,74.76,High
STU-2053,high_achiever,6.3,6.4,5.3,90.2,85.2,87,6,1,0,0,0,1.4,0.6,39.54,Moderate
STU-2054,balanced,7.3,7.8,5.0,71.3,65.3,79,4,0,0,1,0,0.7,2.1,32.39,Moderate
STU-2055,overworked,4.7,5.6,7.2,79.8,76.7,70,5,1,1,0,0,0.0,2.0,55.47,High
STU-2056,high_achiever,5.5,7.4,7.4,94.6,82.5,49,3,1,0,0,0,0.3,1.7,38.01,Moderate
STU-2057,struggling,4.0,5.8,4.6,85.0,53.8,34,7,1,1,0,0,0.1,4.5,64.42,High
STU-2058,balanced,8.2,5.8,5.5,94.9,73.1,22,3,1,0,0,0,1.6,2.1,33.56,Moderate
STU-2059,overworked,4.3,4.2,9.5,62.7,67.3,49,7,1,0,0,0,0.5,3.6,64.91,High
STU-2060,balanced,7.8,7.9,4.3,80.7,94.4,49,6,1,1,0,0,1.2,2.5,38.39,Moderate
STU-2061,balanced,5.7,7.2,5.7,84.6,69.0,67,5,0,0,0,0,0.8,1.5,30.74,Moderate
STU-2062,overworked,7.3,6.8,11.6,86.6,60.0,47,2,1,0,0,0,0.3,2.4,41.98,Moderate
STU-2063,high_achiever,8.3,7.0,7.6,96.1,79.6,26,3,0,0,0,0,1.4,1.1,21.22,Low
STU-2064,overworked,6.3,6.2,10.2,78.2,73.1,76,7,1,1,1,0,0.4,1.3,55.98,High
STU-2065,at_risk,2.4,3.6,2.0,58.1,35.4,2,6,1,0,1,1,0.2,5.9,100.0,Critical
STU-2066,struggling,4.1,7.0,4.0,59.4,41.2,54,1,1,1,1,0,0.0,3.3,63.51,High
STU-2067,overworked,6.1,4.5,9.8,90.8,69.1,20,2,1,1,0,0,1.0,1.3,52.28,Moderate
STU-2068,balanced,6.7,7.7,2.8,70.5,74.1,4,6,0,0,0,0,1.8,1.9,31.78,Moderate
STU-2069,overworked,3.7,6.7,8.6,68.6,84.8,89,8,0,1,0,1,0.7,3.2,58.18,High
STU-2070,balanced,5.7,7.1,5.9,84.9,86.8,55,4,1,0,0,0,0.5,2.3,37.23,Moderate
STU-2071,at_risk,3.4,3.0,0.8,38.9,20.7,11,0,1,0,1,1,0.1,4.7,100.0,Critical
STU-2072,struggling,5.0,6.5,4.0,68.2,68.8,36,8,0,0,0,0,0.1,2.6,43.08,Moderate
STU-2073,overworked,3.4,7.0,11.7,99.6,70.6,77,1,1,1,1,0,0.6,1.8,60.39,High
STU-2074,balanced,6.0,5.0,4.6,70.4,86.8,59,8,1,0,0,0,1.9,1.0,47.05,Moderate
STU-2075,high_achiever,8.6,5.4,6.5,88.1,89.5,1,5,0,1,0,0,0.5,1.4,46.34,Moderate
STU-2076,at_risk,3.0,3.3,1.2,44.8,60.0,7,6,0,0,1,1,0.0,4.1,91.36,Critical
STU-2077,balanced,7.1,5.9,8.2,79.2,72.0,47,4,1,1,1,0,1.3,2.8,47.8,Moderate
STU-2078,overworked,5.9,7.0,9.7,65.6,63.8,77,0,1,0,0,1,0.5,3.3,49.99,Moderate
STU-2079,balanced,8.0,5.9,3.8,78.1,86.5,86,6,0,1,0,0,1.2,2.0,35.49,Moderate
STU-2080,struggling,5.7,3.8,4.5,52.0,75.0,66,5,0,0,1,0,0.1,3.5,59.13,High
STU-2081,high_achiever,7.9,6.7,7.3,85.5,94.7,52,2,0,0,0,0,1.4,2.1,22.45,Low
STU-2082,struggling,4.6,4.7,5.2,75.9,54.3,47,4,1,0,1,0,0.0,7.5,67.88,High
STU-2083,balanced,6.6,7.3,3.7,90.4,63.2,62,3,0,0,0,1,1.1,1.9,34.1,Moderate
STU-2084,high_achiever,7.9,6.9,7.0,90.8,85.5,75,2,1,0,0,0,0.9,0.6,29.09,Low
STU-2085,struggling,4.4,4.2,3.3,58.1,41.6,56,4,1,1,1,1,0.2,4.3,84.06,Critical
STU-2086,overworked,6.1,4.8,8.0,64.0,96.0,53,0,1,1,0,0,0.1,1.8,53.82,Moderate
STU-2087,balanced,7.6,7.4,5.0,83.9,75.5,44,7,1,0,1,0,1.1,1.9,39.67,Moderate
STU-2088,at_risk,2.5,3.5,3.6,62.4,57.0,65,8,0,0,1,1,0.0,8.0,84.5,Critical
STU-2089,overworked,4.2,5.3,11.1,69.7,74.4,24,4,0,0,0,0,0.7,1.3,48.02,Moderate
STU-2090,at_risk,2.8,2.7,0.7,46.0,47.6,34,0,1,0,1,1,0.2,4.5,86.3,Critical
STU-2091,balanced,6.4,5.7,5.1,91.0,80.2,78,7,1,0,1,0,1.2,1.5,45.58,Moderate
STU-2092,overworked,5.7,3.9,9.0,75.8,56.5,56,7,1,1,0,0,0.1,2.5,64.33,High
STU-2093,overworked,5.0,4.1,11.9,69.6,72.5,64,1,0,0,0,0,0.3,2.2,50.62,Moderate
STU-2094,at_risk,1.1,3.5,3.8,70.0,36.4,81,4,1,0,1,1,0.1,10.0,98.16,Critical
STU-2095,balanced,6.6,6.5,6.6,73.9,83.7,28,0,0,1,0,0,1.3,2.1,31.02,Moderate
STU-2096,balanced,6.6,8.2,5.2,78.7,74.4,19,6,1,1,0,0,1.3,1.2,37.3,Moderate
STU-2097,struggling,3.1,5.5,2.2,40.9,28.4,4,4,1,0,1,1,0.0,6.8,100.0,Critical
STU-2098,high_achiever,8.2,6.9,7.1,90.6,91.3,86,7,0,1,0,0,1.1,2.1,33.98,Moderate
STU-2099,balanced,6.6,6.6,4.6,91.7,71.8,47,7,0,0,0,0,0.9,2.0,32.08,Moderate
STU-2100,at_risk,2.8,5.4,3.4,48.4,21.1,42,5,1,0,0,0,0.0,7.6,80.73,Critical
STU-2101,struggling,7.2,4.5,3.6,54.0,58.0,76,3,0,0,0,0,0.0,8.0,57.29,High
STU-2102,balanced,8.2,5.9,5.7,91.7,79.7,63,6,1,0,0,0,0.8,1.4,36.17,Moderate
STU-2103,balanced,6.6,8.2,3.2,87.2,64.7,71,3,0,0,0,0,0.8,0.6,22.86,Low
STU-2104,high_achiever,9.0,6.7,5.6,96.1,92.4,12,8,1,0,0,0,1.0,2.4,40.4,Moderate
STU-2105,struggling,5.0,3.5,4.4,64.6,58.2,31,2,1,0,0,1,0.1,5.0,66.26,High
STU-2106,struggling,1.0,5.7,1.2,63.3,56.0,7,6,0,0,0,0,0.4,4.4,69.02,High
STU-2107,overworked,6.2,5.7,12.1,80.3,70.6,47,1,1,1,0,0,0.1,2.5,55.44,High
STU-2108,overworked,5.2,5.5,9.1,84.7,79.1,27,6,1,0,0,0,0.7,2.3,47.83,Moderate
STU-2109,overworked,4.6,5.6,13.2,74.6,74.6,76,5,1,1,0,0,0.2,1.4,61.96,High
STU-2110,struggling,1.0,6.1,0.2,58.8,37.9,19,8,0,1,1,0,0.0,6.9,82.34,Critical
STU-2111,overworked,4.1,4.4,8.4,77.6,71.7,19,0,0,0,0,0,1.0,0.7,40.98,Moderate
STU-2112,balanced,6.9,7.8,5.9,86.7,77.8,87,5,1,1,0,0,0.8,2.5,41.28,Moderate
STU-2113,struggling,5.4,6.0,4.1,79.8,56.5,74,1,1,1,1,1,0.2,4.8,64.76,High
STU-2114,at_risk,2.0,5.1,2.4,49.4,42.7,50,7,1,0,1,1,0.7,3.9,82.47,Critical
STU-2115,balanced,5.8,6.8,5.8,78.3,70.7,36,2,0,0,0,0,1.3,1.5,28.29,Low
STU-2116,balanced,8.3,7.5,6.6,90.7,77.3,12,7,0,0,0,0,1.1,1.3,27.15,Low
STU-2117,struggling,3.2,5.4,4.0,70.4,38.1,88,7,0,1,0,0,0.7,4.2,61.38,High
STU-2118,high_achiever,7.4,8.2,6.5,89.4,83.8,51,6,1,0,0,0,0.9,1.0,30.96,Moderate
STU-2119,high_achiever,8.7,6.7,5.7,89.3,81.7,30,7,1,0,0,0,1.0,2.1,33.13,Moderate
STU-2120,balanced,7.1,8.4,6.6,86.6,90.7,13,7,1,1,0,0,1.4,0.6,43.26,Moderate
STU-2121,balanced,5.6,7.4,3.4,78.3,72.1,30,7,0,0,0,0,0.9,1.6,33.75,Moderate
STU-2122,overworked,4.4,5.5,8.1,76.1,73.2,75,4,1,0,0,0,0.1,1.2,49.94,Moderate
STU-2123,at_risk,3.6,3.4,1.3,50.3,38.7,24,5,1,0,1,1,0.1,1.1,80.58,Critical
STU-2124,balanced,6.4,7.1,5.7,87.1,77.1,63,7,1,0,0,0,0.7,2.7,41.85,Moderate
STU-2125,struggling,2.1,4.9,2.6,63.7,64.6,41,6,1,0,1,1,0.9,5.9,76.77,Critical
STU-2126,struggling,3.5,4.7,5.5,61.5,41.4,21,4,0,0,0,1,0.0,5.6,69.19,High
STU-2127,overworked,4.5,6.0,8.9,76.7,69.8,30,8,1,0,1,0,0.3,2.4,58.58,High
STU-2128,struggling,2.3,5.1,3.8,63.8,62.5,1,5,0,0,0,0,0.3,5.5,76.51,Critical
STU-2129,high_achiever,7.4,6.7,6.7,90.3,83.1,64,3,0,1,1,0,1.2,1.4,36.42,Moderate
STU-2130,balanced,7.2,5.7,5.5,82.5,76.9,67,6,0,0,0,0,1.0,1.1,33.35,Moderate
STU-2131,at_risk,2.2,3.7,1.6,47.9,32.6,5,7,0,0,1,1,0.0,7.1,100.0,Critical
STU-2132,at_risk,2.7,3.9,1.1,29.9,60.0,36,5,1,0,0,1,0.0,7.4,92.46,Critical
STU-2133,balanced,8.0,6.8,5.4,75.3,82.1,53,7,0,0,1,0,1.4,1.5,29.5,Low
STU-2134,at_risk,1.2,4.5,2.2,51.2,28.1,57,4,1,0,1,1,0.0,8.1,97.89,Critical
STU-2135,overworked,6.9,4.6,9.1,85.1,77.3,32,6,0,1,1,0,0.6,2.0,52.35,Moderate
STU-2136,overworked,7.2,4.9,8.7,91.4,63.5,50,0,0,1,0,0,0.6,2.2,37.3,Moderate
STU-2137,overworked,7.2,2.2,6.5,83.3,75.3,69,6,0,0,1,0,0.2,2.3,47.04,Moderate
STU-2138,balanced,7.9,7.2,5.4,82.2,78.9,76,0,0,0,0,0,1.2,0.7,23.07,Low
STU-2139,overworked,7.3,3.7,9.0,75.6,80.8,30,6,0,1,0,0,0.0,1.8,47.74,Moderate
STU-2140,struggling,3.6,3.9,3.6,54.7,43.0,10,5,1,0,1,0,0.5,5.5,89.4,Critical
STU-2141,struggling,3.7,3.8,3.3,68.0,25.9,33,2,0,1,1,0,0.4,5.3,73.5,High
STU-2142,struggling,3.8,2.0,2.8,83.5,52.2,20,5,0,0,0,1,0.2,4.8,69.52,High
STU-2143,balanced,7.9,6.8,6.0,95.4,83.1,8,1,0,0,0,0,2.1,1.4,24.57,Low
STU-2144,at_risk,1.7,3.9,3.1,40.3,39.1,34,2,0,0,1,1,0.3,4.8,85.89,Critical
STU-2145,balanced,5.8,8.6,6.7,81.3,71.8,59,8,0,1,0,0,1.0,1.7,34.38,Moderate
STU-2146,balanced,8.5,8.6,5.7,75.2,70.6,45,2,0,0,1,0,1.1,1.2,18.72,Low
STU-2147,overworked,8.6,5.3,8.3,86.2,58.2,79,1,1,0,0,0,0.1,1.6,41.31,Moderate
STU-2148,at_risk,2.2,1.1,3.8,43.4,15.8,24,7,1,0,1,1,0.0,7.2,100.0,Critical
STU-2149,at_risk,4.3,2.6,2.1,37.5,19.5,55,1,0,0,1,1,0.3,7.1,90.28,Critical
STU-2150,high_achiever,8.1,6.0,5.8,91.2,92.0,61,1,0,1,0,0,1.6,1.8,28.55,Low
STU-2151,at_risk,2.8,3.5,0.5,48.4,22.0,71,7,0,0,0,1,0.1,9.5,93.99,Critical
STU-2152,overworked,4.1,4.9,8.2,77.4,80.4,0,5,0,1,1,0,0.6,4.2,78.64,Critical
STU-2153,balanced,7.4,7.5,5.3,73.0,85.4,0,5,0,0,0,0,1.6,1.7,31.35,Moderate
STU-2154,at_risk,3.7,4.3,0.0,51.7,36.0,14,2,1,0,1,1,0.3,8.3,89.23,Critical
STU-2155,overworked,3.8,4.2,11.2,72.1,54.8,4,5,0,1,0,1,0.6,1.8,91.22,Critical
STU-2156,balanced,7.5,7.1,5.1,94.7,77.9,38,2,0,0,1,0,1.0,1.3,27.68,Low
STU-2157,struggling,2.5,5.7,0.8,60.3,59.3,9,8,0,0,1,0,0.4,3.7,71.01,High
STU-2158,overworked,4.2,5.0,10.5,82.6,63.2,36,5,1,0,0,1,0.8,2.3,62.77,High
STU-2159,balanced,8.7,7.9,6.8,83.5,81.4,12,5,1,1,0,0,1.3,1.1,38.07,Moderate
STU-2160,balanced,7.5,7.5,5.3,75.9,80.3,73,3,0,0,0,0,0.7,2.7,25.16,Low
STU-2161,struggling,4.4,5.2,4.4,45.1,61.9,69,1,1,1,1,0,0.4,3.8,67.86,High
STU-2162,high_achiever,7.5,5.6,9.1,98.4,87.7,70,4,0,0,0,0,0.9,1.3,34.53,Moderate
STU-2163,balanced,9.0,6.5,4.2,94.4,60.7,11,5,0,0,0,0,0.8,1.7,27.56,Low
STU-2164,overworked,7.2,5.9,8.6,90.8,84.5,13,7,1,1,0,0,0.4,1.8,61.06,High
STU-2165,balanced,7.9,7.2,7.1,84.4,71.0,71,3,0,0,1,0,1.2,2.4,24.77,Low
STU-2166,balanced,6.9,8.1,4.9,94.4,86.3,80,0,1,0,0,0,1.2,1.5,25.98,Low
STU-2167,overworked,9.5,6.9,9.7,71.9,71.2,87,8,0,1,0,0,0.5,1.2,37.27,Moderate
STU-2168,balanced,8.5,5.6,6.5,93.0,70.5,24,7,0,0,0,0,1.9,1.4,28.38,Low
STU-2169,struggling,3.5,4.1,2.6,70.4,62.2,67,4,1,1,0,1,0.3,2.8,70.4,High
STU-2170,overworked,6.1,4.8,12.3,62.4,47.8,31,1,1,1,0,0,0.2,2.8,64.7,High
STU-2171,high_achiever,7.0,7.2,7.6,92.9,89.7,75,3,1,0,1,0,0.8,1.2,39.44,Moderate
STU-2172,high_achiever,6.7,5.0,6.5,95.7,86.5,85,3,0,0,0,0,1.3,0.4,32.48,Moderate
STU-2173,balanced,7.9,5.9,6.5,81.1,99.6,87,6,1,0,0,0,0.3,2.6,39.51,Moderate
STU-2174,balanced,5.6,6.6,5.8,90.3,88.8,14,0,1,0,0,0,1.8,1.2,34.53,Moderate
STU-2175,overworked,6.1,4.3,9.2,70.9,70.4,15,5,1,1,1,0,0.2,1.4,63.71,High
STU-2176,overworked,6.4,4.8,11.6,75.4,67.0,25,2,1,0,0,0,0.6,2.1,48.77,Moderate
STU-2177,balanced,4.7,7.0,3.3,72.2,64.3,62,7,0,0,0,0,0.8,1.5,36.23,Moderate
STU-2178,at_risk,3.2,3.7,0.0,49.2,41.8,7,7,1,0,1,1,0.0,6.1,100.0,Critical
STU-2179,struggling,5.1,2.6,3.1,80.1,69.0,22,6,1,1,1,1,0.6,5.6,81.64,Critical
STU-2180,high_achiever,9.3,6.4,5.8,89.6,100.0,38,3,0,0,1,0,0.4,1.2,26.27,Low
STU-2181,overworked,5.7,3.8,9.3,58.5,76.2,20,7,0,1,0,0,0.8,1.9,58.03,High
STU-2182,balanced,7.0,7.1,5.5,88.1,84.9,28,8,0,1,0,0,0.9,1.6,37.62,Moderate
STU-2183,struggling,1.9,2.1,3.8,68.0,43.3,88,1,0,1,0,0,0.1,3.7,70.39,High
STU-2184,overworked,6.5,3.8,9.1,68.9,55.4,72,1,0,0,0,1,0.7,1.8,50.63,Moderate
STU-2185,balanced,5.7,6.4,6.4,100.0,59.2,71,8,1,0,0,0,1.1,2.0,42.87,Moderate
STU-2186,at_risk,3.3,2.6,2.2,40.2,52.6,41,8,1,0,1,0,0.0,5.5,89.3,Critical
STU-2187,overworked,4.0,5.1,6.8,67.1,73.8,54,4,1,1,1,0,0.1,1.8,63.93,High
STU-2188,struggling,3.1,5.5,3.8,67.2,66.9,77,5,1,1,1,0,0.4,7.1,74.47,High
STU-2189,balanced,6.7,8.0,5.8,78.8,77.2,43,5,0,1,0,1,1.6,2.1,38.68,Moderate
STU-2190,overworked,7.1,5.5,8.0,76.2,70.7,2,1,1,1,1,0,0.6,2.7,65.18,High
STU-2191,balanced,7.3,7.6,4.5,95.6,58.6,52,8,0,0,0,0,1.8,1.8,28.56,Low
STU-2192,at_risk,2.9,3.8,2.8,60.1,34.1,17,3,1,0,0,1,0.3,4.0,77.81,Critical
STU-2193,high_achiever,8.5,7.2,7.6,89.0,90.4,52,1,1,1,0,0,0.7,2.3,34.85,Moderate
STU-2194,at_risk,1.0,2.3,2.1,50.1,60.0,30,1,1,0,0,1,0.0,6.3,85.51,Critical
STU-2195,balanced,6.7,8.3,4.1,86.7,78.1,30,0,1,0,0,0,1.2,2.1,24.56,Low
STU-2196,overworked,8.0,6.9,9.6,100.0,66.0,62,3,1,1,0,0,0.5,3.3,43.76,Moderate
STU-2197,high_achiever,6.7,5.4,9.5,88.4,83.9,73,4,0,1,0,0,0.6,1.9,42.7,Moderate
STU-2198,balanced,6.7,7.2,4.2,80.6,86.2,21,0,0,0,0,0,1.4,1.9,22.42,Low
STU-2199,high_achiever,7.5,7.9,6.0,92.1,85.7,20,3,0,0,0,0,1.4,2.0,20.6,Low
STU-2200,high_achiever,8.0,6.7,4.3,83.1,81.4,58,0,0,1,0,0,0.8,0.8,29.33,Low
STU-2201,struggling,4.0,4.2,1.6,61.5,25.0,26,5,1,1,1,0,0.3,4.9,83.45,Critical
STU-2202,struggling,1.7,4.8,1.9,52.3,60.6,8,2,0,1,0,1,0.9,4.9,80.93,Critical
STU-2203,overworked,5.8,5.9,10.4,100.0,62.8,53,1,1,1,0,0,0.5,3.4,55.67,High
STU-2204,balanced,5.2,7.0,7.3,100.0,80.6,89,2,1,1,0,0,1.1,1.2,46.03,Moderate
STU-2205,overworked,6.6,4.2,9.2,81.1,75.4,75,5,0,1,0,0,0.1,1.7,47.3,Moderate
STU-2206,at_risk,3.5,3.2,2.7,69.3,40.6,57,6,1,0,1,1,0.1,6.6,86.5,Critical
STU-2207,balanced,8.4,7.2,4.8,90.4,84.8,2,3,0,0,0,0,0.7,2.7,31.54,Moderate
STU-2208,overworked,5.9,6.0,8.6,87.5,66.2,14,2,1,1,0,0,0.0,1.4,50.24,Moderate
STU-2209,at_risk,1.6,5.1,3.8,68.0,39.5,61,6,1,0,0,1,0.2,3.8,77.59,Critical
STU-2210,at_risk,2.9,4.1,4.5,38.9,36.5,68,3,1,0,1,1,0.2,4.3,88.01,Critical
STU-2211,high_achiever,8.2,6.3,8.6,83.4,91.7,9,3,1,1,0,0,1.3,1.1,44.45,Moderate
STU-2212,struggling,1.0,3.5,5.1,61.3,66.0,70,2,1,0,1,1,0.1,5.9,81.74,Critical
STU-2213,high_achiever,7.0,6.4,6.2,83.3,83.9,28,1,1,1,0,0,1.0,2.0,40.26,Moderate
STU-2214,struggling,5.8,5.4,4.0,47.3,53.8,41,7,0,1,0,0,0.5,7.0,66.4,High
STU-2215,balanced,8.4,6.2,5.1,85.4,84.3,3,0,1,0,1,0,1.1,1.8,44.41,Moderate
STU-2216,at_risk,1.4,5.1,0.7,19.2,38.1,81,1,0,1,1,1,0.4,7.4,97.2,Critical
STU-2217,balanced,7.2,6.9,3.6,63.9,76.6,68,5,1,0,1,0,1.7,2.0,41.13,Moderate
STU-2218,balanced,8.8,7.3,5.4,75.5,91.2,45,5,0,0,1,0,1.4,1.2,23.96,Low
STU-2219,overworked,7.4,4.0,12.3,55.0,84.2,33,2,1,0,0,0,0.5,2.3,56.37,High
STU-2220,balanced,9.1,7.6,4.4,68.2,76.4,62,8,0,0,0,0,1.2,0.9,24.76,Low
STU-2221,at_risk,1.9,3.5,3.1,70.0,48.9,5,5,1,1,0,1,0.0,6.9,100.0,Critical
STU-2222,overworked,3.5,5.4,12.3,78.3,54.1,0,4,1,1,1,0,0.4,1.2,93.15,Critical
STU-2223,at_risk,3.0,3.3,1.5,44.8,38.1,35,8,1,0,1,1,0.0,3.4,93.19,Critical
STU-2224,balanced,6.8,7.1,5.8,84.6,65.6,65,3,0,1,0,0,0.5,1.4,33.99,Moderate
STU-2225,at_risk,1.8,3.1,5.2,20.3,28.9,73,6,1,1,1,1,0.5,6.1,100.0,Critical
STU-2226,high_achiever,8.7,6.5,6.6,92.0,81.1,30,6,0,1,0,0,0.6,1.3,31.49,Moderate
STU-2227,struggling,4.0,4.9,4.8,75.5,47.1,79,8,0,0,1,0,0.4,5.5,62.03,High
STU-2228,balanced,6.7,6.2,6.1,68.3,72.9,50,4,1,0,1,0,0.2,1.0,44.83,Moderate
STU-2229,high_achiever,8.7,7.0,6.3,94.6,90.3,80,4,1,0,0,1,0.9,0.7,36.1,Moderate
STU-2230,at_risk,2.4,2.3,2.6,52.2,43.3,31,8,1,0,1,0,0.2,7.7,93.3,Critical
STU-2231,balanced,7.4,6.7,4.8,92.7,58.6,31,2,0,1,0,0,1.6,1.4,29.87,Low
STU-2232,struggling,4.4,2.7,2.3,51.8,49.3,66,4,1,0,0,0,0.1,7.2,79.84,Critical
STU-2233,overworked,2.5,5.5,10.8,83.4,63.4,47,8,1,1,0,0,0.3,1.6,66.91,High
STU-2234,overworked,3.7,4.9,7.2,76.0,57.5,5,6,1,0,1,0,0.5,1.7,77.21,Critical
STU-2235,overworked,7.1,6.6,6.0,69.7,67.0,37,0,0,1,0,0,0.5,0.9,31.77,Moderate
STU-2236,balanced,7.3,7.1,6.0,85.5,77.7,23,4,0,0,0,0,1.3,1.8,25.97,Low
STU-2237,balanced,5.0,8.2,2.9,73.4,73.2,39,6,0,0,0,0,1.5,0.0,28.84,Low
STU-2238,high_achiever,8.4,7.2,6.2,89.5,81.3,2,3,0,0,0,0,0.8,0.9,27.54,Low
STU-2239,high_achiever,8.1,6.6,7.6,92.1,89.2,35,5,1,0,0,0,1.4,0.5,31.74,Moderate
STU-2240,high_achiever,7.6,6.5,6.2,95.6,96.9,43,0,1,0,0,0,1.1,1.4,31.41,Moderate
STU-2241,overworked,2.7,5.0,11.0,71.6,57.7,27,3,0,0,1,0,0.3,2.2,57.18,High
STU-2242,at_risk,4.6,3.0,0.3,46.6,48.9,90,1,0,1,1,1,0.1,7.2,83.13,Critical
STU-2243,overworked,7.7,5.6,11.1,81.7,78.2,76,7,1,1,1,1,0.1,1.8,67.04,High
STU-2244,struggling,6.3,3.1,3.9,56.8,43.6,25,3,0,0,0,0,0.4,6.5,61.44,High
STU-2245,struggling,3.5,5.1,3.0,66.9,68.8,41,3,0,1,1,0,0.0,6.0,61.47,High
STU-2246,balanced,8.4,6.5,4.0,87.6,77.9,78,8,0,1,1,1,0.8,1.0,45.83,Moderate
STU-2247,overworked,3.7,3.9,9.7,68.3,74.3,52,8,0,0,1,0,0.8,2.1,59.82,High
STU-2248,high_achiever,9.4,5.7,8.4,96.4,90.1,3,0,0,1,0,0,1.5,1.5,35.61,Moderate
STU-2249,struggling,5.6,5.9,5.2,62.5,43.4,67,0,1,0,0,0,0.4,6.2,57.48,High
STU-2250,balanced,6.8,7.3,3.9,89.9,68.7,36,1,0,0,0,0,1.5,1.1,23.92,Low
STU-2251,at_risk,2.8,2.7,3.0,39.1,47.0,50,5,0,0,0,1,0.0,2.8,76.41,Critical
STU-2252,struggling,3.4,6.1,4.9,81.5,71.8,15,8,1,0,1,0,0.1,4.5,60.31,High
STU-2253,struggling,3.0,2.3,3.5,46.6,51.6,67,7,1,1,1,1,0.9,4.0,94.67,Critical
STU-2254,overworked,6.9,5.3,9.9,74.4,67.7,20,3,1,1,0,1,0.1,2.9,57.53,High
STU-2255,struggling,5.5,2.8,4.9,57.8,37.2,53,1,1,1,1,1,0.5,6.2,85.99,Critical
STU-2256,balanced,7.9,5.2,3.9,92.3,73.2,66,8,0,0,0,0,0.5,1.4,34.25,Moderate
STU-2257,overworked,5.3,4.6,9.8,77.3,83.6,43,3,0,0,0,0,0.5,2.6,46.25,Moderate
STU-2258,overworked,4.9,3.7,11.3,79.4,71.4,88,1,1,1,0,1,0.2,1.7,69.4,High
STU-2259,balanced,8.2,7.6,6.5,86.6,76.1,24,0,1,0,1,1,1.1,2.5,36.28,Moderate
STU-2260,struggling,4.6,3.5,2.5,59.2,42.4,3,6,1,0,0,1,0.5,2.8,94.46,Critical
STU-2261,balanced,7.3,5.6,5.0,84.0,78.4,22,3,0,0,0,1,1.1,2.2,36.11,Moderate
STU-2262,overworked,5.5,5.3,10.9,71.2,65.1,55,1,1,1,0,0,0.2,1.9,57.95,High
STU-2263,overworked,6.4,3.9,8.6,81.7,60.9,79,3,0,1,0,0,0.2,3.3,50.82,Moderate
STU-2264,at_risk,3.5,4.8,0.9,34.7,34.7,38,8,0,0,0,1,0.0,6.4,83.37,Critical
STU-2265,balanced,7.6,8.1,6.5,85.9,59.3,61,8,0,0,0,0,1.4,2.8,22.76,Low
STU-2266,high_achiever,8.4,6.4,6.0,95.0,95.3,78,1,0,1,0,0,1.3,1.2,26.38,Low
STU-2267,balanced,7.3,7.7,5.0,79.7,97.6,6,8,0,0,0,0,1.6,2.5,32.05,Moderate
STU-2268,overworked,4.4,5.1,8.0,94.0,84.1,23,0,0,0,0,0,0.2,3.6,42.51,Moderate
STU-2269,high_achiever,9.9,6.6,7.7,98.0,92.7,76,6,0,1,0,0,1.2,1.3,29.94,Low
STU-2270,high_achiever,7.1,6.6,5.7,82.1,85.3,70,7,0,1,0,0,1.5,1.9,34.8,Moderate
STU-2271,balanced,8.9,6.5,3.2,64.5,65.6,81,3,0,1,0,0,1.5,1.4,30.79,Moderate
STU-2272,balanced,8.8,6.1,6.1,86.3,68.1,72,3,0,0,0,0,1.7,1.6,21.35,Low
STU-2273,at_risk,4.6,4.0,3.4,68.3,30.2,28,4,0,1,0,0,0.3,5.2,65.94,High
STU-2274,high_achiever,7.6,6.1,8.0,92.3,82.1,7,6,0,1,0,0,1.3,1.3,41.89,Moderate
STU-2275,struggling,4.1,5.1,4.1,57.6,62.2,58,6,1,0,1,0,0.2,3.8,62.97,High
STU-2276,at_risk,3.5,3.5,2.3,63.7,32.3,29,8,1,0,0,1,0.0,6.3,86.75,Critical
STU-2277,struggling,3.6,6.3,0.0,75.4,61.5,66,2,1,0,0,0,0.4,0.0,47.37,Moderate
STU-2278,struggling,2.5,3.9,3.2,66.9,59.7,0,5,1,1,0,1,0.6,6.0,100.0,Critical
STU-2279,at_risk,2.9,2.4,0.9,61.4,48.0,78,6,0,1,1,1,0.2,5.2,88.2,Critical
STU-2280,overworked,3.8,6.1,9.1,94.8,54.8,45,8,0,0,1,0,0.9,1.9,51.37,Moderate
STU-2281,struggling,4.3,3.7,3.4,53.1,43.6,48,5,1,1,0,1,0.4,3.4,79.72,Critical
STU-2282,overworked,3.4,4.5,11.5,69.5,62.7,54,1,1,0,1,0,0.5,1.9,66.45,High
STU-2283,struggling,3.8,4.9,4.9,73.1,54.8,73,5,0,1,1,0,0.3,7.8,68.79,High
STU-2284,at_risk,2.1,2.9,0.0,60.3,15.0,69,2,0,0,1,1,0.1,5.8,91.46,Critical
STU-2285,balanced,5.4,6.3,5.3,80.4,70.6,5,0,0,0,0,0,1.2,1.0,38.41,Moderate
STU-2286,high_achiever,5.9,6.5,6.3,96.1,95.5,65,6,1,0,1,0,0.9,2.1,44.55,Moderate
STU-2287,struggling,2.6,6.6,4.3,62.1,60.2,49,8,0,0,0,1,0.4,4.7,59.16,High
STU-2288,balanced,6.9,7.5,5.4,89.2,78.1,3,0,1,1,0,0,0.8,1.0,45.63,Moderate
STU-2289,at_risk,2.0,3.8,0.9,38.8,50.6,80,1,1,1,1,1,0.1,4.8,92.96,Critical
STU-2290,at_risk,3.9,3.8,2.9,36.7,50.3,66,3,1,0,0,0,0.6,4.6,70.42,High
STU-2291,at_risk,2.7,4.4,1.9,32.2,36.7,47,3,0,0,1,1,0.2,5.4,85.42,Critical
STU-2292,struggling,5.7,4.8,3.5,72.0,41.7,50,2,1,0,1,0,0.0,4.4,60.03,High
STU-2293,balanced,6.4,8.5,8.1,79.2,75.7,52,2,0,0,0,0,1.1,2.5,25.95,Low
STU-2294,struggling,1.3,5.1,1.5,83.1,57.3,80,7,1,0,1,0,0.1,4.4,70.11,High
STU-2295,at_risk,3.0,4.5,0.3,70.0,57.3,8,4,0,0,1,0,0.0,6.3,75.49,Critical
STU-2296,balanced,8.4,6.7,6.5,100.0,75.8,25,3,0,0,0,0,0.9,1.9,23.76,Low
STU-2297,overworked,4.7,5.4,7.6,71.3,77.6,21,3,1,1,0,0,0.0,2.9,53.32,Moderate
STU-2298,overworked,2.9,4.5,9.9,91.3,70.6,1,3,0,1,0,1,0.3,2.7,82.29,Critical
STU-2299,high_achiever,7.9,5.7,7.1,90.4,80.2,0,6,0,1,0,0,1.1,1.5,49.35,Moderate
STU-2300,balanced,5.6,6.9,4.6,89.0,81.0,16,7,0,0,0,0,1.4,1.4,33.38,Moderate
STU-2301,overworked,3.2,3.3,7.6,77.7,76.8,9,8,0,1,1,0,0.0,3.3,79.01,Critical
STU-2302,overworked,3.1,5.1,11.1,84.0,81.0,41,0,1,1,0,0,0.0,1.9,59.78,High
STU-2303,balanced,8.9,7.5,8.9,78.3,69.2,35,4,0,0,0,1,1.1,2.6,29.94,Low
STU-2304,at_risk,2.6,3.6,2.1,38.2,36.4,60,8,1,0,1,1,0.1,6.2,100.0,Critical
STU-2305,balanced,9.0,6.3,5.0,75.4,76.5,21,2,1,0,0,0,1.0,1.9,31.0,Moderate
STU-2306,balanced,4.7,7.4,4.9,85.7,67.8,75,8,0,0,0,0,1.7,2.3,34.45,Moderate
STU-2307,high_achiever,8.4,6.0,6.3,94.8,80.4,21,8,1,1,0,0,1.6,1.2,42.15,Moderate
STU-2308,overworked,8.6,4.3,9.6,88.5,79.5,54,3,0,0,0,0,0.3,1.8,36.14,Moderate
STU-2309,at_risk,3.9,3.2,2.1,41.6,46.5,87,5,1,0,0,1,0.1,4.2,80.73,Critical
STU-2310,overworked,2.5,4.2,10.7,91.2,76.9,63,8,1,1,0,0,0.6,2.1,71.93,High
STU-2311,high_achiever,8.0,7.8,6.9,97.7,90.2,89,0,0,0,0,0,1.3,0.4,18.75,Low
STU-2312,overworked,5.3,4.6,7.3,77.9,70.3,18,0,0,1,0,0,0.0,1.0,45.41,Moderate
STU-2313,overworked,6.8,5.2,11.2,77.1,69.5,23,3,1,1,1,0,0.1,1.0,61.47,High
STU-2314,struggling,5.7,2.8,3.7,60.8,48.7,84,5,1,1,0,0,0.2,5.4,75.45,Critical
STU-2315,balanced,7.6,6.9,5.3,89.5,78.7,51,2,0,0,0,0,1.2,1.8,23.68,Low
STU-2316,high_achiever,7.4,7.1,5.7,88.9,88.7,17,5,0,0,0,0,0.5,0.6,27.9,Low
STU-2317,struggling,1.5,2.9,4.6,59.5,67.4,68,4,0,0,0,0,0.0,4.7,66.72,High
STU-2318,balanced,6.0,7.8,6.1,69.1,74.7,20,2,0,0,0,0,1.4,1.4,23.31,Low
STU-2319,at_risk,2.8,5.7,1.4,70.0,29.0,29,8,1,0,1,1,0.1,7.7,86.53,Critical
STU-2320,overworked,5.1,5.7,12.3,81.0,64.8,82,2,0,0,1,0,0.3,4.2,52.7,Moderate
STU-2321,overworked,4.6,3.9,6.8,81.6,76.5,8,1,0,0,0,0,0.3,2.2,47.34,Moderate
STU-2322,overworked,5.7,5.5,8.7,94.9,61.6,4,7,1,1,0,0,0.5,2.9,74.21,High
STU-2323,balanced,7.0,5.9,7.1,80.6,79.3,61,3,0,0,0,0,1.5,1.4,28.07,Low
STU-2324,struggling,6.0,3.2,6.7,53.1,37.8,48,1,0,1,0,0,0.3,8.1,68.42,High
STU-2325,at_risk,2.4,4.0,2.1,53.7,29.4,68,7,1,0,0,1,0.0,5.9,87.94,Critical
STU-2326,overworked,5.4,4.6,8.8,81.2,51.8,19,2,1,0,0,0,0.3,4.1,53.68,Moderate
STU-2327,overworked,7.4,5.1,8.6,64.8,71.4,68,5,0,1,0,0,0.8,1.9,44.73,Moderate
STU-2328,struggling,5.5,4.9,1.1,63.2,70.1,47,0,1,0,0,0,0.3,0.7,46.91,Moderate
STU-2329,struggling,3.7,2.3,1.0,73.7,43.2,49,6,0,0,0,0,0.0,4.7,64.65,High
STU-2330,high_achiever,7.9,6.4,5.6,88.4,87.7,21,4,1,1,1,0,1.0,1.4,47.06,Moderate
STU-2331,at_risk,3.2,4.4,1.8,51.3,32.8,23,8,1,0,0,1,0.3,6.0,86.73,Critical
STU-2332,overworked,5.7,5.0,13.9,71.3,63.2,37,2,0,1,0,0,0.6,1.7,53.29,Moderate
STU-2333,struggling,2.4,5.1,4.3,58.2,60.6,34,6,0,1,0,0,0.0,3.7,64.35,High
STU-2334,high_achiever,6.9,5.3,6.6,94.5,92.7,73,1,1,0,0,0,0.8,1.8,38.62,Moderate
STU-2335,overworked,7.3,4.6,6.8,78.7,59.9,68,5,1,1,0,0,0.2,2.0,50.68,Moderate
STU-2336,high_achiever,7.9,7.0,6.6,93.0,85.1,73,2,0,1,0,0,1.4,1.3,27.55,Low
STU-2337,overworked,4.9,4.8,8.3,69.2,77.8,87,5,0,0,1,0,0.1,1.9,52.36,Moderate
STU-2338,balanced,6.8,7.7,4.8,73.6,62.2,47,5,0,0,1,0,1.7,1.1,30.57,Moderate
STU-2339,balanced,6.2,8.1,8.1,68.5,66.3,71,5,0,0,0,0,1.5,2.1,29.88,Low
STU-2340,balanced,6.6,8.6,5.6,72.3,73.0,28,0,0,0,0,0,0.7,2.8,21.13,Low
STU-2341,balanced,7.7,6.6,4.8,66.7,79.8,73,1,0,1,0,0,1.7,1.3,27.63,Low
STU-2342,at_risk,3.3,1.9,3.8,34.4,24.8,66,5,1,0,1,1,0.1,4.1,99.0,Critical
STU-2343,struggling,4.5,2.0,6.0,62.5,36.5,39,1,1,1,0,1,0.0,6.3,88.31,Critical
STU-2344,overworked,7.6,4.3,9.9,82.3,77.0,22,5,1,1,0,1,0.7,1.6,59.42,High
STU-2345,struggling,3.1,4.4,4.5,42.2,65.3,12,3,1,0,0,0,0.0,4.3,80.07,Critical
STU-2346,high_achiever,8.1,6.7,5.6,85.8,90.6,19,1,0,1,1,0,0.8,1.2,34.99,Moderate
STU-2347,overworked,3.9,5.3,9.6,78.0,64.8,49,8,0,1,0,1,0.2,1.3,63.11,High
STU-2348,at_risk,1.8,4.5,1.7,32.1,35.1,16,7,1,0,1,1,0.0,8.2,100.0,Critical
STU-2349,balanced,6.9,8.1,6.1,95.3,85.1,44,6,0,0,0,0,0.8,2.4,28.69,Low
STU-2350,balanced,8.7,7.8,6.7,79.6,68.3,54,6,1,0,0,0,1.1,0.8,30.63,Moderate
STU-2351,balanced,6.9,8.0,4.0,90.7,71.0,57,8,0,0,0,0,0.7,2.8,31.35,Moderate
STU-2352,overworked,5.8,5.0,10.2,79.9,62.1,43,4,1,1,0,0,0.3,3.8,63.93,High
STU-2353,struggling,6.3,5.1,3.0,52.4,43.2,40,4,1,0,0,0,0.1,8.0,70.03,High
STU-2354,balanced,7.9,6.2,6.6,80.1,57.8,88,6,1,0,0,0,1.3,1.3,35.39,Moderate
STU-2355,at_risk,2.2,3.0,1.9,46.8,15.5,19,4,1,0,1,1,0.4,4.2,94.75,Critical
STU-2356,overworked,5.0,4.9,11.7,80.7,75.7,16,1,1,0,1,0,0.5,2.4,57.12,High
STU-2357,high_achiever,6.3,6.3,8.4,100.0,77.8,4,8,0,1,1,0,1.2,1.1,63.6,High
STU-2358,balanced,5.8,7.5,3.8,79.5,74.7,38,4,0,0,0,0,1.6,1.2,27.25,Low
STU-2359,at_risk,2.5,3.8,3.4,28.8,47.7,62,2,1,0,1,0,0.0,8.4,91.28,Critical
STU-2360,overworked,5.2,4.4,10.7,90.6,64.7,81,7,0,0,1,0,0.1,2.8,54.56,Moderate
STU-2361,high_achiever,6.8,5.8,6.5,84.3,73.4,65,2,1,1,0,0,0.5,1.7,42.1,Moderate
STU-2362,at_risk,2.2,5.4,1.9,53.1,26.6,22,8,1,0,1,1,0.5,5.1,88.34,Critical
STU-2363,high_achiever,8.9,6.4,7.1,89.6,83.4,77,2,1,1,0,0,1.1,1.7,34.1,Moderate
STU-2364,at_risk,1.7,2.9,0.0,24.1,41.6,1,1,1,0,1,1,0.3,7.9,100.0,Critical
STU-2365,struggling,3.6,3.2,3.7,57.0,59.1,44,0,1,0,1,0,0.3,2.0,62.95,High
STU-2366,struggling,4.0,4.6,1.4,43.6,52.7,22,2,0,0,0,0,0.0,2.3,55.56,High
STU-2367,at_risk,2.0,2.6,0.9,48.2,29.4,80,4,1,0,0,1,0.1,5.4,92.88,Critical
STU-2368,overworked,6.8,5.8,11.4,86.4,72.4,79,1,1,0,0,0,0.3,1.9,42.84,Moderate
STU-2369,struggling,4.0,5.3,2.4,61.6,43.9,70,3,0,0,1,0,0.4,4.0,56.93,High
STU-2370,high_achiever,7.3,6.9,6.9,88.9,86.6,15,7,1,0,0,0,0.8,2.0,35.42,Moderate
STU-2371,balanced,7.0,5.9,5.1,68.6,81.0,27,2,0,0,0,0,1.5,2.3,29.56,Low
STU-2372,at_risk,1.6,2.7,4.3,69.5,39.5,72,3,0,0,1,1,0.0,8.9,86.63,Critical
STU-2373,high_achiever,8.0,7.4,6.0,95.1,88.1,84,1,0,0,0,0,1.0,0.9,19.22,Low
STU-2374,struggling,4.4,2.8,3.7,68.5,63.8,83,5,1,0,1,1,0.0,6.8,82.01,Critical
STU-2375,high_achiever,8.1,5.8,6.6,90.8,86.6,71,4,1,0,0,0,1.0,1.5,34.79,Moderate
STU-2376,overworked,5.9,4.5,9.0,72.2,89.2,63,3,1,0,0,0,0.8,2.6,51.03,Moderate
STU-2377,balanced,8.0,7.1,3.7,79.9,72.3,32,7,0,0,1,0,0.7,0.9,32.59,Moderate
STU-2378,struggling,4.5,3.1,2.4,75.9,41.5,74,7,0,1,1,0,0.4,4.5,71.93,High
STU-2379,balanced,6.3,7.1,5.7,83.8,75.6,85,7,0,0,0,0,1.3,3.1,35.8,Moderate
STU-2380,high_achiever,7.3,5.0,7.7,91.9,91.4,41,2,0,0,0,0,1.1,1.4,33.15,Moderate
STU-2381,struggling,5.9,2.8,2.3,60.7,53.2,86,1,1,0,1,1,0.2,5.5,75.46,Critical
STU-2382,balanced,8.9,7.5,4.5,80.8,74.4,24,2,0,0,0,1,1.4,2.0,27.18,Low
STU-2383,balanced,6.7,7.3,8.3,77.3,76.2,87,7,1,0,0,0,0.8,1.8,37.57,Moderate
STU-2384,struggling,5.6,4.7,2.1,72.1,54.2,90,5,1,0,1,1,0.6,3.1,64.08,High
STU-2385,struggling,5.2,4.0,1.6,61.5,66.7,5,3,1,1,0,0,0.6,4.2,78.93,Critical
STU-2386,balanced,6.8,6.6,6.0,81.2,69.0,73,5,0,0,0,1,1.6,1.9,34.76,Moderate
STU-2387,balanced,5.5,5.1,3.8,78.2,79.6,73,1,1,0,0,0,0.3,2.8,45.0,Moderate
STU-2388,balanced,8.6,6.3,6.1,82.7,81.5,75,5,1,0,0,0,1.1,2.1,34.6,Moderate
STU-2389,struggling,3.0,4.8,0.7,70.4,75.0,65,3,1,1,1,0,0.0,4.7,70.95,High
STU-2390,balanced,7.2,7.1,5.0,78.6,74.3,10,3,0,0,0,0,1.2,1.1,27.84,Low
STU-2391,struggling,6.4,4.0,1.6,60.2,43.4,81,2,1,0,1,1,0.0,5.0,71.47,High
STU-2392,high_achiever,7.3,6.6,5.2,82.3,89.0,58,6,1,1,0,0,0.2,0.9,41.77,Moderate
STU-2393,overworked,4.8,5.4,9.7,100.0,80.9,11,1,0,1,0,0,0.1,1.2,58.56,High
STU-2394,balanced,8.3,7.5,5.6,84.2,63.1,4,7,0,1,0,0,1.3,1.8,38.37,Moderate
STU-2395,balanced,6.7,8.2,5.3,98.6,61.1,31,3,0,0,0,0,1.0,0.9,22.11,Low
STU-2396,at_risk,1.7,3.8,2.4,37.8,15.0,48,5,0,0,1,1,0.4,5.6,92.59,Critical
STU-2397,balanced,7.5,7.2,5.1,83.2,65.8,38,8,1,1,0,0,1.5,1.2,39.32,Moderate
STU-2398,balanced,7.8,8.0,7.4,90.4,72.4,71,6,0,0,1,0,0.6,2.6,33.01,Moderate
STU-2399,struggling,3.0,5.6,3.0,80.0,45.8,17,2,1,0,1,0,0.9,6.0,66.01,High
STU-2400,struggling,3.3,5.0,2.0,72.1,62.8,46,5,1,1,0,1,1.0,5.5,71.78,High
STU-2401,high_achiever,7.4,6.9,6.5,91.6,86.0,27,5,0,1,0,0,0.9,1.4,32.94,Moderate
STU-2402,balanced,6.8,7.9,5.7,84.8,63.3,58,1,0,0,1,1,1.4,2.1,31.76,Moderate
STU-2403,balanced,9.3,5.2,6.4,87.7,79.3,49,4,1,0,0,0,1.3,2.1,34.72,Moderate
STU-2404,high_achiever,7.2,6.7,6.8,85.5,89.3,19,0,1,0,0,0,0.8,0.7,30.5,Moderate
STU-2405,balanced,6.4,7.8,5.7,93.1,69.7,61,3,0,1,1,0,1.5,3.5,36.91,Moderate
STU-2406,struggling,5.3,5.3,1.4,69.0,55.7,10,6,1,1,0,0,0.2,3.5,70.46,High
STU-2407,overworked,4.0,7.0,9.7,65.8,64.9,67,1,0,1,1,0,0.3,4.1,53.42,Moderate
STU-2408,overworked,5.3,4.5,10.2,72.8,58.6,82,0,1,0,0,0,0.3,2.0,50.78,Moderate
STU-2409,balanced,6.7,7.9,5.1,72.9,71.3,78,5,0,0,0,0,1.2,1.0,27.96,Low
STU-2410,at_risk,3.4,4.9,2.6,16.6,56.4,47,6,1,0,0,1,0.0,4.6,85.5,Critical
STU-2411,at_risk,3.9,4.6,3.4,43.3,34.1,44,5,1,1,1,1,0.2,5.9,95.54,Critical
STU-2412,overworked,6.7,5.6,6.0,79.3,68.9,17,4,0,0,1,0,0.5,1.6,36.16,Moderate
STU-2413,overworked,6.2,4.6,10.4,71.3,84.2,65,1,1,1,1,1,0.7,2.4,65.23,High
STU-2414,balanced,8.1,7.3,5.8,90.3,86.4,12,7,1,0,0,0,0.7,1.2,37.72,Moderate
STU-2415,overworked,3.2,4.9,10.4,77.8,64.7,69,0,0,1,1,0,0.7,2.3,56.78,High
STU-2416,struggling,5.7,4.4,6.6,56.6,75.0,3,1,0,0,1,1,0.0,5.6,79.27,Critical
STU-2417,at_risk,3.6,3.0,2.4,38.2,49.2,57,1,0,0,1,1,0.0,9.6,86.42,Critical
STU-2418,balanced,5.9,7.8,4.8,81.9,72.4,36,5,0,0,1,1,0.7,1.8,42.05,Moderate
STU-2419,at_risk,3.5,3.7,3.7,32.1,34.1,14,3,0,0,1,1,0.2,5.9,85.93,Critical
STU-2420,balanced,6.0,5.3,6.5,83.9,82.2,45,7,0,1,0,0,1.0,1.4,43.31,Moderate
STU-2421,overworked,6.8,4.8,10.7,67.9,68.4,0,5,1,1,1,1,0.4,3.2,92.74,Critical
STU-2422,balanced,8.9,5.9,5.7,83.4,80.0,56,4,0,0,0,0,0.9,2.8,27.29,Low
STU-2423,high_achiever,6.9,6.5,6.6,100.0,91.3,8,8,0,1,0,0,1.0,1.3,45.36,Moderate
STU-2424,balanced,8.2,4.7,6.3,82.2,64.5,34,6,1,0,1,1,1.6,3.1,52.47,Moderate
STU-2425,overworked,7.2,6.8,8.3,59.4,76.6,8,1,1,0,0,1,0.3,1.1,53.33,Moderate
STU-2426,balanced,7.9,6.9,4.6,80.2,74.8,2,4,0,0,1,0,0.4,1.7,38.45,Moderate
STU-2427,struggling,5.0,2.6,5.0,57.1,45.5,89,4,1,0,1,0,0.4,3.5,72.58,High
STU-2428,struggling,2.9,3.8,4.1,48.3,36.8,22,0,1,0,0,1,0.4,4.8,79.27,Critical
STU-2429,overworked,6.0,5.1,10.4,79.0,49.9,76,7,0,1,0,0,0.0,3.7,59.31,High
STU-2430,at_risk,3.5,3.2,1.9,41.2,60.0,82,1,1,0,0,1,0.2,5.1,75.93,Critical
STU-2431,balanced,9.2,6.9,6.4,88.8,71.3,71,4,0,0,0,0,1.5,1.4,18.94,Low
STU-2432,balanced,8.4,6.9,6.1,85.3,80.1,6,7,0,0,1,0,0.6,1.4,41.52,Moderate
STU-2433,overworked,4.3,5.4,11.3,91.5,66.6,23,3,1,1,1,0,0.5,2.6,65.24,High
STU-2434,high_achiever,7.1,7.8,8.1,95.8,92.2,14,7,0,0,0,0,1.2,0.9,27.65,Low
STU-2435,high_achiever,6.5,6.8,6.8,90.8,92.2,84,2,1,0,0,0,0.8,1.3,34.6,Moderate
STU-2436,balanced,5.4,6.8,2.5,77.3,81.8,21,1,0,0,0,0,1.4,1.4,27.86,Low
STU-2437,balanced,6.1,7.0,9.0,96.8,75.4,84,4,1,1,0,1,1.3,1.2,49.57,Moderate
STU-2438,balanced,7.6,6.6,6.6,94.6,77.7,30,5,0,0,0,0,1.2,0.8,28.09,Low
STU-2439,struggling,2.3,4.0,4.9,74.4,46.4,74,7,0,0,0,0,0.2,3.8,59.61,High
STU-2440,at_risk,1.9,1.9,3.0,53.9,44.7,68,8,0,1,1,1,0.0,3.8,94.38,Critical
STU-2441,struggling,4.1,4.3,3.1,82.5,57.1,9,8,0,0,0,0,0.9,6.7,68.15,High
STU-2442,at_risk,1.4,4.1,1.4,23.0,56.0,57,5,0,0,1,1,0.0,4.1,85.85,Critical
STU-2443,struggling,2.8,3.7,3.2,82.8,44.0,47,7,0,1,0,0,0.8,6.1,70.48,High
STU-2444,at_risk,3.2,3.5,3.9,56.5,18.0,53,7,1,1,1,1,0.2,7.8,100.0,Critical
STU-2445,overworked,5.7,4.4,7.4,62.5,54.6,72,1,0,0,1,1,0.6,0.2,53.98,Moderate
STU-2446,overworked,4.4,4.7,6.7,82.0,57.3,65,7,1,0,0,0,0.7,1.7,53.04,Moderate
STU-2447,struggling,4.0,4.8,3.6,56.9,56.1,64,2,1,0,0,0,0.4,3.7,59.55,High
STU-2448,overworked,7.3,5.7,10.9,79.7,60.6,61,0,0,1,0,0,0.2,2.5,44.37,Moderate
STU-2449,overworked,9.7,6.0,7.7,70.3,92.8,11,6,0,1,1,0,0.3,2.2,45.31,Moderate
STU-2450,balanced,8.8,7.4,4.6,74.0,77.5,62,4,0,0,0,0,1.2,2.3,22.15,Low
STU-2451,struggling,3.6,3.8,3.3,55.4,50.4,45,1,0,0,1,0,0.3,3.5,62.4,High
STU-2452,high_achiever,7.5,5.9,6.6,92.2,85.5,50,2,0,0,0,0,1.2,1.8,28.73,Low
STU-2453,overworked,5.9,3.9,9.1,68.0,87.0,78,6,1,0,0,0,1.0,2.7,56.0,High
STU-2454,overworked,5.9,5.4,7.1,77.3,61.2,57,8,1,1,0,1,0.5,2.2,63.84,High
STU-2455,overworked,6.9,5.3,9.1,94.8,69.7,18,2,1,1,0,1,0.5,2.2,54.82,Moderate
STU-2456,at_risk,2.5,1.5,0.0,53.2,56.8,69,8,1,0,0,1,0.2,4.8,86.45,Critical
STU-2457,balanced,8.0,6.5,6.3,85.1,78.8,68,6,0,0,0,0,1.2,2.0,26.88,Low
STU-2458,struggling,3.0,3.3,0.0,59.8,70.2,33,6,1,0,0,1,0.5,5.1,74.28,High
STU-2459,overworked,7.0,4.9,11.9,68.2,62.5,54,0,0,0,0,0,0.1,1.0,41.16,Moderate
STU-2460,struggling,4.2,3.6,0.0,74.9,31.8,75,3,1,1,1,0,0.5,4.8,79.5,Critical
STU-2461,overworked,7.0,4.5,8.4,93.0,55.2,26,6,0,1,0,0,0.5,2.1,48.57,Moderate
STU-2462,balanced,7.6,7.2,6.0,83.1,78.3,31,0,1,0,0,0,1.2,1.4,27.67,Low
STU-2463,at_risk,1.8,2.7,1.5,46.2,38.4,89,0,1,0,1,1,0.3,5.2,91.48,Critical
STU-2464,at_risk,2.6,2.9,2.1,63.0,40.2,33,1,1,0,0,1,0.1,4.8,82.07,Critical
STU-2465,struggling,3.0,2.5,4.8,60.6,48.4,35,0,1,0,0,0,0.1,7.6,76.27,Critical
STU-2466,high_achiever,8.2,6.6,7.3,98.0,83.5,8,8,0,0,0,0,0.4,1.8,36.19,Moderate
STU-2467,balanced,7.3,7.4,5.1,82.2,73.9,69,8,1,0,0,0,1.0,2.5,34.39,Moderate
STU-2468,at_risk,4.9,4.4,0.0,44.6,36.0,12,4,0,0,1,1,0.2,4.2,85.63,Critical
STU-2469,balanced,7.1,6.4,4.4,89.4,61.4,41,2,1,0,0,0,1.4,2.3,33.63,Moderate
STU-2470,at_risk,2.6,4.7,0.9,39.0,32.1,68,3,1,0,1,1,0.3,8.8,93.71,Critical
STU-2471,struggling,5.5,5.5,5.8,66.6,51.5,64,6,1,0,0,1,0.6,5.8,67.99,High
STU-2472,struggling,5.4,4.7,1.7,55.0,34.8,40,0,0,0,1,0,0.2,6.2,62.44,High
STU-2473,balanced,8.2,7.3,5.0,82.7,78.8,87,7,0,0,0,1,1.3,1.9,30.21,Moderate
STU-2474,at_risk,2.1,5.8,3.8,25.9,15.0,14,1,1,0,0,1,0.1,8.0,93.84,Critical
STU-2475,overworked,7.0,5.1,9.3,85.6,64.7,71,6,1,0,1,0,0.3,2.7,53.08,Moderate
STU-2476,balanced,9.1,7.6,6.3,81.6,82.0,65,4,0,0,0,0,1.1,2.0,18.21,Low
STU-2477,overworked,7.1,5.3,12.5,100.0,77.6,83,4,0,1,1,1,0.4,1.4,60.48,High
STU-2478,high_achiever,8.0,6.9,9.1,86.9,79.5,48,6,1,0,0,1,0.9,1.8,44.35,Moderate
STU-2479,struggling,2.7,5.4,1.7,51.9,50.6,55,7,1,0,0,0,0.1,6.1,73.49,High
STU-2480,overworked,8.1,4.8,9.3,90.1,69.1,39,5,1,1,1,0,0.8,2.6,51.11,Moderate
STU-2481,overworked,7.3,5.9,10.9,58.9,63.4,73,7,1,0,0,0,0.2,1.5,55.44,High
STU-2482,high_achiever,7.8,6.5,7.7,93.8,70.0,77,0,1,1,0,0,0.7,0.7,38.33,Moderate
STU-2483,overworked,5.1,5.0,6.4,74.9,81.2,48,2,1,0,1,0,0.8,2.8,47.69,Moderate
STU-2484,at_risk,3.8,4.2,1.8,17.6,49.4,50,5,1,0,0,1,0.0,6.9,91.25,Critical
STU-2485,struggling,6.3,4.3,3.5,80.9,44.1,54,2,1,0,1,0,0.5,4.5,56.35,High
STU-2486,at_risk,2.5,4.2,4.0,70.0,34.5,57,6,1,1,1,1,0.0,5.6,89.66,Critical
STU-2487,at_risk,2.3,3.2,3.1,14.9,29.2,40,1,1,0,1,1,0.0,8.6,100.0,Critical
STU-2488,overworked,5.8,4.9,11.1,84.0,71.2,47,8,1,1,0,1,0.2,0.7,68.43,High
STU-2489,high_achiever,8.2,5.4,5.5,92.3,87.0,0,8,1,0,0,0,0.6,1.1,50.16,Moderate
STU-2490,balanced,8.6,6.0,6.2,81.7,85.3,71,2,0,0,0,0,0.9,1.8,22.24,Low
STU-2491,balanced,5.3,7.5,3.4,80.2,83.1,1,4,1,0,0,0,1.5,1.4,43.34,Moderate
STU-2492,overworked,6.3,6.3,8.5,70.0,64.8,54,1,0,1,1,1,0.6,3.2,50.48,Moderate
STU-2493,balanced,5.7,8.9,5.3,84.0,69.5,61,5,1,1,0,0,1.4,2.4,37.94,Moderate
STU-2494,balanced,8.9,6.7,5.2,83.9,78.7,6,7,0,0,0,0,1.3,1.0,32.53,Moderate
STU-2495,struggling,3.4,3.8,3.5,50.5,38.4,65,2,0,0,1,1,0.0,7.4,82.79,Critical
STU-2496,overworked,5.3,4.3,6.0,70.7,77.2,32,5,1,1,0,0,0.7,2.7,57.23,High
STU-2497,high_achiever,8.8,6.3,8.3,89.1,79.7,32,4,0,1,1,0,0.6,0.9,39.23,Moderate
STU-2498,struggling,2.9,3.3,4.6,65.9,63.6,9,1,1,0,0,0,0.5,3.7,70.41,High
STU-2499,balanced,7.3,6.3,4.2,76.6,91.3,68,7,1,0,0,0,1.0,2.5,38.25,Moderate
STU-2500,struggling,5.3,5.6,4.9,66.7,68.5,50,3,0,0,1,0,0.4,7.4,50.65,Moderate
STU-2501,balanced,7.5,7.2,4.4,86.6,63.1,3,3,1,0,0,0,0.9,0.6,43.31,Moderate
STU-2502,at_risk,2.3,5.7,3.2,54.7,31.0,60,5,1,0,1,1,0.0,7.2,88.77,Critical
STU-2503,high_achiever,6.7,5.4,5.8,100.0,98.3,49,3,0,1,0,0,1.1,1.5,36.88,Moderate
STU-2504,high_achiever,7.1,7.5,9.2,86.5,84.5,29,5,1,0,0,0,0.8,1.2,38.83,Moderate
STU-2505,high_achiever,6.8,6.8,7.9,90.3,90.4,29,4,0,1,0,0,1.1,2.0,32.89,Moderate
STU-2506,balanced,6.9,6.9,2.3,73.3,68.5,65,1,0,0,0,0,1.6,1.4,22.25,Low
STU-2507,high_achiever,8.5,5.4,4.5,89.2,76.3,54,5,1,1,0,0,0.4,1.7,45.34,Moderate
STU-2508,at_risk,3.3,4.6,3.9,16.1,43.4,33,6,1,0,1,1,0.0,4.7,95.37,Critical
STU-2509,balanced,5.5,5.6,6.3,85.9,76.1,60,3,0,0,0,0,0.8,2.2,36.18,Moderate
STU-2510,overworked,5.6,3.8,8.9,86.4,83.3,85,5,0,1,0,0,0.3,2.0,51.99,Moderate
STU-2511,balanced,7.5,6.5,2.0,91.5,89.4,84,4,0,1,0,0,1.0,1.2,33.08,Moderate
STU-2512,at_risk,2.3,4.5,2.1,36.1,22.2,75,8,0,0,1,1,0.3,7.4,97.04,Critical
STU-2513,struggling,2.5,6.7,0.9,70.5,29.1,40,7,1,0,0,1,0.1,7.1,78.76,Critical
STU-2514,struggling,3.2,3.9,3.7,68.2,67.0,17,4,1,0,1,0,0.2,2.4,63.37,High
STU-2515,overworked,4.8,3.7,9.9,75.9,73.1,48,4,1,1,0,0,0.1,2.6,61.99,High
STU-2516,balanced,6.4,6.8,7.6,88.3,83.6,57,2,1,0,0,0,1.8,4.0,36.42,Moderate
STU-2517,struggling,6.1,5.7,5.0,83.3,47.0,82,8,1,0,1,1,0.2,5.3,67.42,High
STU-2518,overworked,6.0,6.6,8.8,75.0,71.7,22,8,1,0,0,0,0.3,0.7,45.23,Moderate
STU-2519,at_risk,3.2,4.9,0.3,30.6,38.4,18,1,0,0,1,1,0.0,5.3,77.61,Critical
STU-2520,balanced,8.6,6.4,7.5,90.9,69.8,8,8,1,1,0,1,0.8,1.7,56.66,High
STU-2521,overworked,6.0,4.2,10.6,80.7,66.6,80,8,1,1,0,0,0.2,2.1,61.53,High
STU-2522,at_risk,2.6,3.6,2.4,70.0,36.4,37,3,1,0,1,1,0.3,6.7,84.75,Critical
STU-2523,overworked,5.3,4.9,9.9,68.4,55.3,70,4,0,1,0,0,0.6,2.9,56.39,High
STU-2524,at_risk,2.7,4.3,3.1,59.8,27.7,6,7,1,0,1,1,0.0,5.4,100.0,Critical
STU-2525,overworked,5.1,3.1,12.1,75.3,71.7,40,4,0,0,0,1,0.8,0.3,57.95,High
STU-2526,overworked,4.9,4.7,9.2,92.5,76.7,0,3,0,1,0,1,0.7,2.2,70.51,High
STU-2527,high_achiever,6.1,5.4,7.4,91.2,83.7,0,5,0,1,0,0,0.9,2.4,54.35,Moderate
STU-2528,high_achiever,8.5,6.5,6.9,96.9,93.8,9,5,1,1,0,0,0.9,1.8,45.14,Moderate
STU-2529,balanced,7.2,7.2,4.7,79.6,70.4,54,4,0,0,0,0,1.6,1.7,22.18,Low
STU-2530,balanced,6.5,4.4,4.9,82.3,73.9,11,1,1,0,0,0,2.0,2.1,44.42,Moderate
STU-2531,high_achiever,6.5,6.2,6.4,87.1,80.2,57,8,0,0,0,1,0.3,0.8,44.13,Moderate
STU-2532,overworked,5.3,4.5,9.5,89.7,70.0,79,7,1,0,0,0,0.6,1.5,52.98,Moderate
STU-2533,balanced,7.6,8.5,7.2,86.7,76.2,53,8,0,0,0,0,1.8,2.3,19.32,Low
STU-2534,balanced,6.1,7.3,3.4,74.8,69.4,51,2,0,0,0,0,1.1,1.6,25.65,Low
STU-2535,overworked,6.7,4.7,8.9,64.5,80.2,71,8,1,1,1,0,0.2,1.3,64.61,High
STU-2536,at_risk,1.7,3.0,2.4,43.1,60.0,62,1,1,0,0,1,0.1,7.4,84.14,Critical
STU-2537,overworked,4.2,3.9,8.1,82.2,80.4,9,7,1,1,1,0,0.5,2.0,76.14,Critical
STU-2538,at_risk,3.6,5.6,2.2,62.1,42.1,16,6,1,0,1,0,0.3,3.9,67.66,High
STU-2539,at_risk,2.9,4.7,0.8,17.5,32.0,73,8,0,0,0,1,0.3,3.0,82.21,Critical
STU-2540,high_achiever,7.9,6.4,7.7,84.9,83.1,0,5,1,1,0,0,1.5,0.8,54.13,Moderate
STU-2541,at_risk,1.4,4.3,1.4,30.8,32.0,15,7,0,0,1,1,0.2,6.2,96.03,Critical
STU-2542,overworked,7.7,3.8,7.6,65.0,61.0,49,2,1,1,0,0,0.7,2.6,52.69,Moderate
STU-2543,high_achiever,7.8,7.5,9.3,92.3,70.0,35,1,1,0,0,0,1.1,1.9,31.04,Moderate
STU-2544,struggling,5.1,4.9,1.6,51.4,48.1,18,7,1,0,1,1,0.6,3.7,75.06,Critical
STU-2545,overworked,6.0,6.6,9.4,60.5,76.5,33,5,0,1,0,0,1.0,2.8,45.79,Moderate
STU-2546,overworked,3.9,4.0,12.5,74.7,63.4,62,0,1,0,0,0,0.4,1.9,60.55,High
STU-2547,overworked,4.0,6.2,9.7,90.1,85.8,46,7,0,1,0,1,0.4,1.9,58.07,High
STU-2548,high_achiever,7.7,5.3,8.9,92.2,78.0,51,3,0,1,0,0,0.2,0.2,41.88,Moderate
STU-2549,at_risk,1.9,3.0,2.7,40.3,44.6,27,2,0,0,0,1,0.1,6.0,80.08,Critical
STU-2550,overworked,4.3,5.6,8.5,90.1,93.5,78,5,0,0,0,0,0.6,3.4,46.06,Moderate
STU-2551,at_risk,2.0,3.7,5.0,40.1,25.5,83,8,0,0,1,1,0.0,5.8,93.19,Critical
STU-2552,balanced,8.9,7.2,6.7,79.6,65.9,53,1,0,0,0,0,0.7,1.3,20.4,Low
STU-2553,overworked,6.3,5.6,7.3,78.0,59.7,61,1,0,0,0,0,0.5,2.6,32.87,Moderate
STU-2554,balanced,8.2,8.9,6.5,80.7,72.5,11,1,0,0,0,0,1.1,1.3,17.51,Low
STU-2555,struggling,2.3,2.2,3.8,62.3,45.1,13,1,0,0,0,0,0.0,5.2,77.62,Critical
STU-2556,overworked,5.3,6.8,10.5,64.3,57.3,56,0,1,0,1,0,0.4,1.1,48.79,Moderate
STU-2557,high_achiever,8.2,6.7,7.5,92.3,84.6,75,5,1,1,0,0,0.7,1.7,42.47,Moderate
STU-2558,struggling,3.2,3.3,1.8,51.6,54.4,83,1,1,0,0,0,0.0,5.5,72.3,High
STU-2559,at_risk,1.0,2.5,2.1,45.8,44.2,29,2,1,0,0,1,0.1,8.7,96.24,Critical
STU-2560,high_achiever,7.0,5.8,7.9,91.1,88.8,52,5,0,1,0,0,1.2,0.4,36.58,Moderate
STU-2561,balanced,6.2,6.3,5.0,90.0,84.6,11,8,1,0,0,0,1.1,1.6,46.49,Moderate
STU-2562,at_risk,2.6,3.7,3.2,60.0,15.0,27,1,0,0,1,1,0.1,9.0,88.41,Critical
STU-2563,balanced,8.3,6.8,5.7,72.9,66.2,51,3,0,1,0,0,1.5,2.3,29.18,Low
STU-2564,struggling,2.2,4.6,5.4,82.9,48.2,46,7,1,0,1,0,0.0,6.1,75.08,Critical
STU-2565,overworked,6.9,5.3,8.2,78.6,83.1,53,8,0,0,0,0,0.4,1.4,37.48,Moderate
STU-2566,balanced,6.4,6.7,6.5,73.0,87.4,57,3,0,0,0,0,0.7,3.2,34.77,Moderate
STU-2567,struggling,4.2,2.5,3.4,57.4,36.7,69,8,1,0,1,1,0.4,3.6,85.7,Critical
STU-2568,balanced,7.0,6.5,8.0,77.7,78.5,80,4,0,1,0,0,1.3,2.0,35.71,Moderate
STU-2569,overworked,6.8,5.3,9.8,78.6,68.6,56,4,1,1,0,0,0.1,2.2,53.35,Moderate
STU-2570,high_achiever,8.1,6.6,6.7,90.7,81.7,50,2,1,1,0,0,1.1,1.3,36.34,Moderate
STU-2571,balanced,8.2,6.4,6.2,82.3,91.2,42,5,1,0,0,0,1.1,2.2,33.64,Moderate
STU-2572,balanced,5.8,6.6,6.6,78.5,57.2,76,1,0,0,0,0,1.2,1.1,30.03,Moderate
STU-2573,at_risk,4.1,4.3,4.3,39.6,36.3,49,1,1,1,1,1,0.0,4.8,88.77,Critical
STU-2574,struggling,2.0,6.1,0.4,78.4,67.0,56,6,0,1,0,0,0.4,3.1,51.11,Moderate
STU-2575,balanced,6.7,7.5,5.5,73.7,84.2,47,3,0,1,1,0,1.9,1.7,33.67,Moderate
STU-2576,overworked,3.2,4.6,10.3,81.5,64.9,0,1,0,1,0,0,0.3,1.8,70.11,High
STU-2577,struggling,4.6,2.1,3.4,66.2,45.2,45,0,1,0,0,0,0.2,4.1,64.96,High
STU-2578,balanced,7.2,7.1,3.0,87.2,72.7,40,1,0,0,0,1,2.0,1.1,25.58,Low
STU-2579,overworked,5.2,5.4,6.6,69.7,75.9,83,4,0,0,0,0,0.1,3.3,42.33,Moderate
STU-2580,overworked,4.2,5.6,11.9,82.2,82.6,63,1,0,1,0,1,0.9,1.5,57.29,High
STU-2581,high_achiever,6.6,6.8,6.9,97.2,92.0,45,5,0,0,0,0,1.2,1.5,29.52,Low
STU-2582,struggling,4.1,4.4,5.7,80.8,50.3,50,4,0,0,0,1,0.4,4.9,57.26,High
STU-2583,at_risk,2.2,5.1,0.9,70.0,52.1,88,1,1,0,0,1,0.2,7.3,71.22,High
STU-2584,balanced,6.9,8.2,4.8,90.5,64.0,64,4,0,0,0,0,0.7,2.9,26.09,Low
STU-2585,balanced,6.7,8.1,7.0,89.4,70.4,83,5,0,0,0,0,1.1,2.0,25.89,Low
STU-2586,at_risk,2.0,3.7,2.4,67.3,47.1,31,5,1,1,1,1,0.0,5.8,90.12,Critical
STU-2587,struggling,4.9,5.6,3.7,58.8,52.8,52,7,1,1,1,1,0.4,3.8,74.68,High
STU-2588,struggling,1.0,6.0,4.2,66.4,67.2,70,0,1,0,1,0,0.0,2.2,59.41,High
STU-2589,balanced,7.5,5.6,5.9,78.8,68.5,30,7,0,0,0,0,1.1,0.3,31.66,Moderate
STU-2590,struggling,2.9,5.2,3.3,69.7,25.0,24,4,0,1,0,1,0.0,5.6,75.88,Critical
STU-2591,overworked,6.8,3.2,10.6,71.6,62.6,50,7,0,0,0,1,0.7,3.1,60.3,High
STU-2592,overworked,8.6,6.3,8.3,79.4,66.4,20,5,0,0,0,1,1.0,3.1,36.3,Moderate
STU-2593,high_achiever,8.5,5.6,7.3,86.3,74.9,50,2,1,1,0,0,1.3,1.9,38.85,Moderate
STU-2594,overworked,5.2,3.7,7.8,68.3,67.7,84,2,1,1,0,0,0.7,3.0,56.33,High
STU-2595,balanced,6.5,6.4,2.5,86.5,73.0,4,0,1,0,1,1,1.2,2.6,58.58,High
STU-2596,struggling,3.4,5.2,5.1,65.6,60.3,81,8,0,0,1,1,0.3,4.7,67.6,High
STU-2597,struggling,2.9,3.8,5.6,85.0,71.1,14,1,1,1,1,0,0.0,2.7,64.58,High
STU-2598,overworked,5.7,2.2,8.6,92.1,79.8,86,5,1,0,0,1,0.2,1.9,65.42,High
STU-2599,at_risk,3.4,3.0,1.6,39.5,22.0,71,8,0,0,0,0,0.1,5.6,81.09,Critical
STU-2600,overworked,6.5,5.5,10.5,70.3,50.2,75,6,0,0,1,0,0.5,1.7,49.8,Moderate
STU-2601,overworked,3.6,4.7,11.9,72.9,59.1,22,0,1,1,0,0,0.6,2.3,60.03,High
STU-2602,at_risk,3.2,5.6,0.0,29.5,15.0,59,7,1,0,1,1,0.1,8.2,100.0,Critical
STU-2603,at_risk,3.9,4.3,4.6,65.4,33.2,44,2,1,1,0,1,0.1,4.5,78.45,Critical
STU-2604,balanced,7.3,6.9,7.1,79.4,67.5,21,1,0,1,0,0,0.9,2.2,28.57,Low
STU-2605,struggling,3.7,6.1,3.9,61.1,51.6,67,1,0,0,1,0,0.0,3.5,52.77,Moderate
STU-2606,struggling,4.4,5.6,3.6,78.2,71.3,55,1,0,0,0,0,0.5,6.6,43.24,Moderate
STU-2607,high_achiever,6.9,6.9,5.4,89.5,89.6,10,5,0,1,0,0,1.6,1.3,36.74,Moderate
STU-2608,struggling,4.5,3.2,3.2,61.9,51.7,48,8,1,0,1,0,0.3,3.5,71.35,High
STU-2609,struggling,2.9,2.6,4.0,72.7,61.6,61,8,0,0,0,0,0.2,3.6,62.82,High
STU-2610,high_achiever,8.3,6.7,9.1,90.9,83.5,77,2,0,0,1,0,0.8,0.6,32.0,Moderate
STU-2611,struggling,3.8,5.1,6.3,57.3,25.0,39,0,1,0,0,1,0.4,5.1,72.05,High
STU-2612,struggling,4.6,5.4,2.1,58.4,69.7,0,0,0,1,0,0,0.1,4.9,65.22,High
STU-2613,balanced,5.7,7.1,7.0,71.1,75.6,29,2,1,0,1,0,1.0,2.4,39.21,Moderate
STU-2614,struggling,4.6,3.7,3.8,62.8,49.0,35,3,1,1,1,0,0.4,4.9,74.13,High
STU-2615,high_achiever,7.5,6.6,7.3,86.1,82.9,46,3,0,0,0,0,0.6,1.4,26.87,Low
STU-2616,high_achiever,8.4,7.0,5.9,91.0,88.8,81,3,0,0,0,0,0.9,1.0,21.07,Low
STU-2617,at_risk,3.4,4.4,1.7,59.5,15.0,16,7,1,0,1,0,0.4,5.9,84.74,Critical
STU-2618,overworked,5.0,6.4,7.9,92.7,74.0,24,0,0,1,0,0,0.6,1.9,36.78,Moderate
STU-2619,at_risk,3.4,3.8,4.0,45.1,33.0,52,4,0,0,1,0,0.4,10.0,83.74,Critical
STU-2620,overworked,4.4,5.8,9.1,84.0,67.4,76,3,1,0,1,0,0.9,1.6,52.12,Moderate
STU-2621,at_risk,2.0,3.2,1.4,59.1,49.0,78,8,1,0,1,1,0.2,6.0,91.54,Critical
STU-2622,balanced,8.1,7.7,2.3,79.8,73.2,11,6,0,0,0,0,1.5,1.8,26.52,Low
STU-2623,struggling,2.4,4.8,4.9,44.3,75.0,77,0,0,0,1,1,0.7,4.8,66.83,High
STU-2624,at_risk,2.3,3.6,2.7,70.0,32.3,3,4,1,0,1,1,0.2,3.6,100.0,Critical
STU-2625,balanced,7.6,7.6,4.6,78.5,86.7,50,2,0,0,0,0,1.7,1.9,16.49,Low
STU-2626,balanced,9.7,7.0,5.1,77.8,78.0,1,8,1,0,0,0,1.4,2.4,38.03,Moderate
STU-2627,balanced,6.9,8.6,5.8,80.6,67.5,50,7,0,0,0,0,1.4,2.4,25.49,Low
STU-2628,at_risk,2.2,3.9,4.5,64.1,28.6,19,1,0,1,1,1,0.0,6.8,88.3,Critical
STU-2629,struggling,2.4,4.5,3.1,63.3,45.5,32,4,0,0,1,0,0.7,5.0,64.44,High
STU-2630,struggling,5.4,3.0,5.4,73.9,68.7,77,3,1,0,0,0,0.3,4.1,56.27,High
STU-2631,high_achiever,7.7,6.0,6.3,89.2,78.0,21,7,0,1,0,0,1.3,1.4,35.5,Moderate
STU-2632,balanced,6.1,6.1,7.8,77.0,79.9,11,4,0,0,0,0,1.3,0.1,40.1,Moderate
STU-2633,at_risk,3.2,2.7,2.0,30.8,59.9,43,8,1,0,1,0,0.0,5.2,87.27,Critical
STU-2634,struggling,4.1,6.1,6.2,57.2,56.5,81,0,1,1,0,0,0.3,3.3,61.69,High
STU-2635,struggling,6.0,4.7,5.9,76.5,53.0,79,6,1,0,0,0,0.4,7.1,57.83,High
STU-2636,balanced,8.9,6.8,7.3,82.0,77.7,76,6,1,0,0,1,1.2,1.5,37.57,Moderate
STU-2637,overworked,7.6,2.7,7.6,70.7,59.2,36,7,1,1,1,1,0.9,3.2,73.12,High
STU-2638,at_risk,1.9,4.8,0.0,70.0,29.8,28,3,1,0,1,1,0.0,5.3,81.29,Critical
STU-2639,overworked,8.4,5.8,11.3,65.8,71.8,10,5,1,0,0,0,0.6,2.4,51.73,Moderate
STU-2640,high_achiever,8.7,6.6,5.9,81.7,88.6,47,7,0,1,0,0,2.0,0.9,30.04,Moderate
STU-2641,high_achiever,8.7,5.6,6.4,86.7,90.9,58,6,1,0,0,0,1.5,1.5,33.02,Moderate
STU-2642,struggling,3.3,3.7,2.0,60.8,58.9,81,5,0,0,1,0,0.4,4.8,64.39,High
STU-2643,at_risk,2.4,2.2,2.2,39.2,21.8,34,6,1,0,1,1,0.2,5.0,100.0,Critical
STU-2644,overworked,6.8,4.0,9.6,59.9,85.3,55,3,0,0,0,0,0.0,1.8,49.46,Moderate
STU-2645,at_risk,2.3,2.3,3.1,58.4,30.4,89,0,1,1,1,1,0.0,5.3,96.44,Critical
STU-2646,struggling,1.2,4.3,6.2,51.2,45.0,11,5,0,0,0,1,0.0,5.7,93.07,Critical
STU-2647,balanced,8.4,6.0,6.1,93.5,79.1,48,6,0,1,0,0,1.4,1.5,33.55,Moderate
STU-2648,overworked,7.4,5.3,7.6,73.4,82.1,35,2,1,1,0,1,0.5,2.3,51.63,Moderate
STU-2649,balanced,8.4,8.3,7.0,93.5,72.1,15,4,0,0,1,0,1.0,1.7,23.7,Low
STU-2650,balanced,8.6,7.9,6.1,70.6,61.5,20,6,0,0,0,0,1.3,2.3,23.38,Low
STU-2651,high_achiever,9.3,5.7,5.5,87.7,80.8,7,7,1,1,0,0,1.2,1.2,43.81,Moderate
STU-2652,struggling,5.3,2.4,1.9,42.5,54.5,87,0,1,0,1,0,0.4,7.7,79.55,Critical
STU-2653,balanced,8.6,7.2,4.3,83.0,79.7,45,2,0,0,0,0,1.5,1.5,19.5,Low
STU-2654,balanced,6.3,6.2,4.2,82.2,65.6,71,4,1,0,0,1,1.0,2.3,43.83,Moderate
STU-2655,overworked,4.7,5.1,9.9,73.0,77.9,22,6,1,0,0,0,0.6,3.1,55.51,High
STU-2656,at_risk,2.0,2.8,2.5,42.3,31.2,86,7,1,0,1,1,0.0,4.8,100.0,Critical
STU-2657,balanced,5.8,7.2,6.3,77.4,90.4,86,0,0,0,0,0,1.2,0.9,24.46,Low
STU-2658,struggling,4.1,5.0,3.1,49.9,38.9,56,7,1,0,0,1,0.1,4.0,75.19,Critical
STU-2659,overworked,4.4,5.7,12.0,85.6,83.1,59,0,0,1,0,1,0.7,2.9,55.97,High
STU-2660,balanced,7.3,6.7,5.2,82.5,80.7,89,5,0,0,1,0,1.4,1.7,31.45,Moderate
STU-2661,high_achiever,8.1,7.0,5.2,85.6,91.6,47,5,0,0,1,0,1.0,1.2,29.17,Low
STU-2662,struggling,3.6,5.2,1.8,62.3,55.0,87,2,0,1,1,1,0.4,5.1,70.88,High
STU-2663,high_achiever,7.3,5.8,9.9,89.5,83.9,24,1,1,1,0,0,1.3,2.2,43.15,Moderate
STU-2664,overworked,4.0,3.8,11.9,67.6,69.7,27,6,0,1,0,0,0.1,1.0,64.31,High
STU-2665,struggling,2.6,3.7,6.5,67.1,63.2,25,1,0,1,0,0,0.5,4.6,60.11,High
STU-2666,balanced,7.4,7.1,4.8,83.0,69.3,22,0,0,0,0,0,1.1,1.6,19.4,Low
STU-2667,struggling,1.0,3.4,6.2,58.3,61.3,44,2,1,0,0,0,0.0,3.3,67.88,High
STU-2668,high_achiever,7.6,8.2,7.6,99.5,83.5,27,3,0,1,0,0,1.5,2.4,26.34,Low
STU-2669,balanced,6.7,5.9,5.1,82.7,91.2,78,3,1,0,0,0,0.7,1.8,35.4,Moderate
STU-2670,at_risk,2.1,3.8,2.8,56.8,42.8,88,3,1,1,1,0,0.2,6.3,85.48,Critical
STU-2671,high_achiever,6.3,6.1,6.8,97.3,84.4,4,7,1,1,0,0,0.9,1.6,61.1,High
STU-2672,overworked,6.7,7.0,12.8,79.0,73.4,49,7,0,1,0,0,0.9,2.1,46.55,Moderate
STU-2673,high_achiever,6.9,6.3,8.4,87.4,84.2,48,0,1,0,0,0,0.4,2.4,39.41,Moderate
STU-2674,balanced,7.4,7.4,6.0,93.1,70.8,70,3,0,1,1,0,1.5,2.4,35.33,Moderate
STU-2675,at_risk,1.0,2.9,0.5,50.2,15.0,63,6,1,0,0,1,0.0,10.0,100.0,Critical
STU-2676,at_risk,2.6,3.9,2.2,63.0,30.4,25,5,0,0,1,1,0.1,6.7,81.39,Critical
STU-2677,overworked,7.4,4.6,11.0,79.1,86.3,88,2,1,1,0,0,0.1,1.3,52.26,Moderate
STU-2678,balanced,7.3,8.2,7.4,63.5,77.0,77,4,1,0,1,0,0.0,2.3,42.81,Moderate
STU-2679,overworked,5.4,5.1,9.6,70.2,74.3,19,2,1,1,0,0,0.3,2.9,56.99,High
STU-2680,balanced,6.3,5.8,3.3,92.5,71.3,79,5,0,0,0,0,1.3,2.9,33.05,Moderate
STU-2681,balanced,6.6,6.9,5.5,97.1,87.5,61,3,0,0,0,0,1.4,2.7,26.95,Low
STU-2682,balanced,7.5,6.8,4.0,91.6,79.3,62,4,0,0,0,0,1.2,1.8,23.49,Low
STU-2683,balanced,6.2,7.3,4.9,80.3,74.2,39,1,1,0,0,0,0.9,1.2,30.03,Moderate
STU-2684,struggling,3.8,5.2,1.0,61.7,55.4,49,2,1,1,0,1,0.0,6.9,75.91,Critical
STU-2685,overworked,5.3,4.8,6.8,88.1,60.4,60,5,1,0,0,0,0.3,2.7,52.36,Moderate
STU-2686,overworked,3.9,4.6,11.6,82.6,76.7,32,1,1,1,0,0,0.1,1.9,62.13,High
STU-2687,high_achiever,7.1,5.3,6.4,97.8,85.4,34,1,0,0,0,0,1.5,1.5,26.42,Low
STU-2688,balanced,8.5,7.2,6.7,73.5,83.3,72,1,0,0,0,0,1.6,2.0,17.28,Low
STU-2689,struggling,3.9,5.2,3.9,69.2,64.1,63,5,1,0,0,0,0.1,3.1,54.57,Moderate
STU-2690,high_achiever,7.5,7.1,5.7,96.1,93.1,21,6,1,0,0,1,1.0,1.4,39.5,Moderate
STU-2691,at_risk,2.0,3.1,4.2,46.9,22.1,17,1,1,1,0,1,0.2,7.9,100.0,Critical
STU-2692,balanced,8.7,7.6,4.2,77.6,76.8,79,6,1,0,0,0,0.5,2.0,28.25,Low
STU-2693,overworked,7.0,5.9,10.3,71.2,71.7,60,3,0,1,1,0,0.2,1.4,47.63,Moderate
STU-2694,balanced,7.9,7.0,7.2,88.1,80.3,23,2,0,0,0,0,0.6,1.6,22.79,Low
STU-2695,overworked,5.2,4.3,8.9,88.6,74.8,73,8,1,0,0,0,0.7,0.9,54.39,Moderate
STU-2696,struggling,5.5,6.3,1.2,57.8,64.4,26,4,1,0,1,0,0.2,3.4,52.28,Moderate
STU-2697,balanced,6.3,5.6,5.6,89.2,64.9,3,8,0,0,0,0,1.3,2.3,47.2,Moderate
STU-2698,struggling,1.6,5.0,3.4,60.1,45.4,5,2,0,0,1,1,0.3,5.6,99.66,Critical
STU-2699,balanced,7.3,8.2,5.9,81.2,76.2,48,4,1,0,0,0,0.7,2.0,27.08,Low
STU-2700,at_risk,1.6,3.6,3.8,69.5,35.2,6,0,1,0,0,1,0.1,8.2,100.0,Critical
STU-2701,balanced,7.6,6.3,5.3,78.3,78.5,55,7,0,0,0,0,1.4,2.3,30.02,Moderate
STU-2702,overworked,5.8,6.9,7.2,95.0,67.1,11,6,0,1,0,0,0.6,1.9,44.75,Moderate
STU-2703,high_achiever,8.2,7.2,7.6,88.3,100.0,42,0,1,1,0,1,1.5,1.9,37.93,Moderate
STU-2704,balanced,6.6,6.8,6.8,74.1,66.5,75,6,1,0,0,0,1.4,2.0,35.3,Moderate
STU-2705,at_risk,1.4,4.9,2.5,27.5,22.5,14,5,1,0,0,1,0.0,7.7,100.0,Critical
STU-2706,balanced,8.3,5.8,5.8,93.4,85.7,75,7,0,0,0,0,1.3,3.2,32.1,Moderate
STU-2707,high_achiever,8.6,6.5,6.1,86.6,86.1,52,3,1,1,0,0,0.9,0.5,35.08,Moderate
STU-2708,overworked,5.0,5.7,9.5,77.3,60.1,67,8,1,1,0,0,0.4,3.3,61.67,High
STU-2709,high_achiever,6.6,5.6,7.7,89.9,84.6,84,6,0,0,0,0,0.8,1.7,35.41,Moderate
STU-2710,balanced,7.0,6.3,6.6,80.2,79.9,37,3,0,0,0,0,0.7,2.8,32.36,Moderate
STU-2711,overworked,2.6,4.2,10.2,64.8,68.7,50,3,1,1,0,0,0.5,2.1,69.03,High
STU-2712,high_achiever,7.2,5.0,8.2,95.9,100.0,57,4,1,0,0,0,0.1,1.8,41.1,Moderate
STU-2713,balanced,9.0,7.4,4.4,88.2,70.6,86,8,0,0,0,0,1.3,1.9,25.97,Low
STU-2714,balanced,9.0,6.5,6.8,84.8,63.7,61,3,1,0,0,0,0.9,3.2,32.7,Moderate
STU-2715,at_risk,3.5,3.3,1.2,48.4,34.8,34,1,1,0,0,1,0.0,4.2,81.81,Critical
STU-2716,balanced,6.8,7.0,5.8,84.5,84.2,16,0,1,1,0,0,0.8,2.1,38.74,Moderate
STU-2717,struggling,5.5,2.8,3.9,82.6,50.8,66,5,1,0,1,1,0.4,6.0,73.8,High
STU-2718,balanced,9.0,7.4,6.1,68.7,81.4,74,2,0,0,0,0,1.4,2.8,20.3,Low
STU-2719,at_risk,1.5,2.8,1.2,31.2,53.5,55,4,1,0,1,1,0.4,5.8,96.14,Critical
STU-2720,overworked,2.8,5.7,12.0,71.6,68.8,3,2,1,0,1,1,0.5,3.6,91.97,Critical
STU-2721,at_risk,2.7,3.7,0.0,26.3,28.3,59,5,0,1,0,1,0.3,5.5,93.07,Critical
STU-2722,at_risk,2.0,3.4,4.6,45.7,28.6,74,5,0,0,1,1,0.1,9.7,96.71,Critical
STU-2723,struggling,2.2,3.9,3.7,70.3,64.1,10,3,0,0,0,0,0.0,3.4,62.68,High
STU-2724,at_risk,3.2,2.2,1.1,39.1,49.3,41,6,1,0,1,1,0.2,8.0,100.0,Critical
STU-2725,overworked,5.0,3.8,7.7,59.6,65.4,26,4,1,1,0,0,0.3,2.8,64.32,High
STU-2726,at_risk,2.0,3.4,0.4,63.4,28.6,4,3,1,0,0,1,0.0,7.8,100.0,Critical
STU-2727,balanced,5.5,7.7,4.6,79.0,76.5,2,4,0,1,0,0,1.4,2.1,43.2,Moderate
STU-2728,balanced,6.8,7.3,5.4,96.4,79.7,84,6,0,0,0,0,0.8,1.5,28.74,Low
STU-2729,high_achiever,8.8,7.5,6.5,86.3,78.6,83,5,0,1,0,0,1.1,2.6,29.09,Low
STU-2730,high_achiever,6.5,6.0,6.3,86.9,82.7,6,2,0,0,0,0,1.1,1.7,39.36,Moderate
STU-2731,at_risk,3.0,1.5,0.4,45.6,39.8,36,1,1,0,0,1,0.3,6.3,90.14,Critical
STU-2732,overworked,5.9,4.7,9.6,89.3,69.2,19,3,1,1,1,0,0.4,2.2,61.56,High
STU-2733,struggling,2.3,6.6,1.7,54.1,60.9,71,4,0,0,1,1,0.6,2.7,58.74,High
STU-2734,overworked,5.9,7.0,11.4,75.5,45.8,20,3,1,1,0,0,0.4,2.5,55.04,High
STU-2735,balanced,6.3,7.1,4.4,97.0,87.1,2,2,0,1,0,1,1.5,1.9,47.6,Moderate
STU-2736,overworked,5.5,6.6,10.8,80.0,79.2,2,3,0,1,1,1,0.6,2.5,74.11,High
STU-2737,balanced,7.7,7.7,5.7,80.0,70.6,54,7,0,0,0,0,0.9,0.8,24.39,Low
STU-2738,overworked,4.1,4.5,11.8,76.4,72.4,78,5,0,1,0,0,0.5,3.5,59.65,High
STU-2739,high_achiever,7.6,6.4,8.4,97.7,87.8,47,3,1,0,1,0,1.5,1.5,38.04,Moderate
STU-2740,balanced,8.4,7.4,4.6,90.0,73.3,33,7,0,1,0,0,1.1,2.3,31.12,Moderate
STU-2741,balanced,7.6,7.5,4.6,85.1,85.8,5,2,1,0,0,0,0.8,2.1,37.18,Moderate
STU-2742,struggling,5.5,5.7,3.0,85.0,65.3,2,1,1,0,0,0,0.5,5.8,62.83,High
STU-2743,overworked,4.0,5.2,10.1,74.0,74.6,47,0,1,1,0,0,0.8,1.9,55.03,High
STU-2744,overworked,4.3,3.2,10.7,77.7,70.5,69,7,0,1,0,0,0.1,2.1,64.42,High
STU-2745,high_achiever,7.8,6.5,7.2,84.8,88.7,63,5,0,0,0,0,0.5,0.9,27.59,Low
STU-2746,high_achiever,7.7,6.3,7.0,86.5,91.0,23,4,0,0,0,0,1.3,1.3,25.87,Low
STU-2747,balanced,6.6,6.8,3.8,74.3,81.9,19,7,0,0,0,0,1.3,2.8,31.49,Moderate
STU-2748,struggling,3.5,4.0,3.0,54.1,55.3,76,0,1,0,1,1,0.3,4.0,76.0,Critical
STU-2749,high_achiever,9.3,7.3,7.7,94.8,96.1,36,4,0,0,0,0,1.3,1.1,20.72,Low
STU-2750,at_risk,3.1,2.5,1.6,64.5,16.1,24,7,0,1,1,1,0.0,5.8,96.44,Critical
STU-2751,struggling,2.0,4.3,5.2,62.8,63.3,6,1,0,0,1,1,0.1,3.6,86.81,Critical
STU-2752,struggling,4.6,3.1,2.3,80.8,40.9,70,6,0,1,0,0,0.6,4.1,64.34,High
STU-2753,high_achiever,8.0,5.0,5.2,91.4,80.7,9,7,0,1,0,0,1.4,0.6,44.63,Moderate
STU-2754,at_risk,1.1,3.1,0.4,70.0,21.9,28,2,0,0,1,1,0.1,2.7,81.85,Critical
STU-2755,overworked,6.1,5.1,11.7,79.5,72.2,76,5,0,0,1,0,0.4,2.7,49.64,Moderate
STU-2756,high_achiever,7.6,7.1,7.3,90.4,76.6,63,6,0,1,0,0,1.6,1.1,33.05,Moderate
STU-2757,high_achiever,7.9,5.6,8.5,92.3,93.0,37,2,1,0,0,1,0.9,1.8,40.53,Moderate
STU-2758,balanced,6.7,6.0,5.1,85.8,70.2,75,6,0,0,0,0,1.5,1.3,32.35,Moderate
STU-2759,high_achiever,8.8,7.2,6.6,80.4,88.5,25,3,1,1,0,0,0.9,0.9,32.98,Moderate
STU-2760,at_risk,3.9,2.4,2.7,51.3,33.7,64,8,1,0,0,1,0.2,9.5,96.7,Critical
STU-2761,overworked,5.1,5.6,10.9,76.7,66.9,21,0,0,0,1,0,0.0,1.6,43.93,Moderate
STU-2762,at_risk,3.2,3.3,1.6,47.9,27.6,78,5,1,0,1,1,0.4,8.8,100.0,Critical
STU-2763,balanced,7.9,7.0,7.4,76.6,68.0,50,6,0,0,0,0,1.0,2.1,26.36,Low
STU-2764,struggling,3.8,2.6,4.2,43.8,40.8,29,4,1,0,0,1,0.7,6.6,87.78,Critical
STU-2765,balanced,7.5,6.6,4.6,79.1,62.9,45,2,0,0,0,0,1.3,1.8,23.44,Low
STU-2766,balanced,8.8,7.5,6.3,78.1,75.0,77,2,1,0,0,0,1.5,1.9,27.12,Low
STU-2767,balanced,7.0,6.6,6.3,71.9,82.4,14,1,0,0,0,0,0.7,2.2,26.7,Low
STU-2768,overworked,6.2,5.9,9.7,66.0,61.0,75,5,0,0,0,1,0.2,0.7,51.64,Moderate
STU-2769,overworked,5.7,3.9,11.7,71.0,72.5,85,2,0,1,1,0,0.2,0.6,57.65,High
STU-2770,struggling,3.3,5.6,4.0,63.7,27.9,23,0,1,0,1,0,0.7,5.1,67.58,High
STU-2771,overworked,7.2,6.2,11.2,75.5,60.0,85,8,1,0,0,1,0.7,1.1,57.3,High
STU-2772,overworked,5.5,3.9,7.7,65.2,71.4,5,0,1,0,1,0,0.4,1.2,69.54,High
STU-2773,overworked,3.4,5.6,9.4,74.2,57.1,82,1,0,0,0,1,0.3,1.9,52.42,Moderate
STU-2774,balanced,7.4,7.6,4.9,67.1,82.9,37,8,1,0,0,1,0.8,1.1,43.83,Moderate
STU-2775,struggling,4.5,3.9,2.7,57.3,69.0,69,6,0,0,0,0,0.3,3.3,53.45,Moderate
STU-2776,struggling,3.6,4.8,4.2,63.5,41.9,14,8,0,1,1,0,0.2,5.9,73.49,High
STU-2777,overworked,4.8,5.6,10.8,76.1,65.9,17,0,0,1,0,0,0.0,2.6,51.04,Moderate
STU-2778,balanced,9.8,7.3,5.4,74.6,60.0,56,8,0,0,0,0,1.3,3.2,27.19,Low
STU-2779,overworked,7.2,5.2,10.0,55.0,77.6,81,6,0,1,0,0,0.2,1.6,52.22,Moderate
STU-2780,overworked,5.0,4.3,9.5,72.4,71.0,55,2,0,0,0,1,0.0,2.0,51.3,Moderate
STU-2781,balanced,6.6,7.1,3.6,75.4,79.6,18,2,0,1,1,0,0.6,2.9,40.75,Moderate
STU-2782,balanced,6.7,6.4,5.7,70.4,59.0,78,4,1,0,1,0,1.0,1.7,44.07,Moderate
STU-2783,struggling,3.1,6.0,1.3,48.3,57.8,72,1,0,1,0,0,0.0,3.0,57.84,High
STU-2784,balanced,6.1,6.9,4.7,75.1,58.2,78,4,0,0,0,0,1.3,1.1,30.01,Moderate
STU-2785,struggling,3.2,4.3,3.3,64.3,43.3,70,0,1,0,0,1,0.7,2.0,64.29,High
STU-2786,balanced,8.0,7.4,4.3,75.5,66.9,21,0,0,0,1,0,1.4,1.4,23.0,Low
STU-2787,balanced,7.5,8.9,5.9,75.5,63.3,69,6,0,1,0,0,1.1,1.7,24.26,Low
STU-2788,balanced,6.5,7.2,4.9,89.7,62.5,34,3,1,0,1,0,1.5,2.3,39.24,Moderate
STU-2789,at_risk,1.0,3.8,1.0,26.9,33.0,88,2,0,0,1,1,0.0,8.0,98.31,Critical
STU-2790,at_risk,1.3,2.8,1.4,46.9,50.1,78,0,0,0,1,1,0.2,6.3,83.69,Critical
STU-2791,balanced,5.4,8.0,5.0,94.4,76.6,55,3,0,0,0,0,2.0,2.2,21.69,Low
STU-2792,at_risk,1.9,3.3,0.7,42.3,21.6,64,6,1,0,0,0,0.1,6.7,90.43,Critical
STU-2793,struggling,6.9,4.6,2.3,42.4,52.7,10,8,0,1,0,0,0.2,6.0,76.55,Critical
STU-2794,overworked,3.7,6.7,10.2,75.5,71.6,51,2,1,0,0,0,0.5,1.1,47.67,Moderate
STU-2795,overworked,4.8,5.5,8.4,72.0,86.6,0,1,1,1,0,0,0.8,0.0,68.11,High
STU-2796,balanced,7.1,6.4,4.3,74.4,69.6,77,2,0,0,0,0,0.7,1.0,25.92,Low
STU-2797,balanced,7.5,7.0,6.2,81.5,64.5,23,7,0,0,0,0,1.4,1.2,28.0,Low
STU-2798,high_achiever,6.9,6.0,6.6,94.4,86.1,89,0,0,1,0,0,1.0,2.3,30.56,Moderate
STU-2799,overworked,3.9,3.9,6.8,70.8,76.9,80,5,0,1,1,1,0.2,1.9,63.26,High
STU-2800,high_achiever,7.2,6.2,7.8,82.6,82.3,83,4,1,0,0,0,1.4,1.2,32.76,Moderate
STU-2801,balanced,8.5,7.6,6.5,68.0,87.1,14,7,1,1,0,0,0.9,1.5,38.33,Moderate
STU-2802,at_risk,3.4,3.3,2.7,49.1,36.9,68,3,1,0,1,1,0.0,9.8,94.29,Critical
STU-2803,struggling,4.6,5.0,5.2,78.7,50.4,19,6,1,0,1,0,0.5,7.4,67.65,High
STU-2804,overworked,3.9,4.6,7.5,81.7,80.6,78,5,0,0,0,0,0.4,0.9,47.39,Moderate
STU-2805,struggling,1.3,2.6,3.2,65.0,57.1,75,2,1,0,1,0,0.3,7.4,81.67,Critical
STU-2806,overworked,7.1,5.8,7.6,76.3,91.2,56,4,1,1,0,0,0.2,1.7,46.95,Moderate
STU-2807,at_risk,2.0,2.7,1.3,69.5,36.4,18,6,1,0,1,1,0.0,3.2,90.05,Critical
STU-2808,overworked,5.2,5.4,8.3,81.2,84.6,50,7,0,1,0,0,0.2,2.6,48.46,Moderate
STU-2809,balanced,9.2,7.2,5.0,79.6,70.9,63,4,1,0,0,0,1.0,0.3,27.41,Low
STU-2810,struggling,3.8,5.1,2.7,52.7,51.9,65,3,0,0,1,1,0.0,5.0,66.68,High
STU-2811,high_achiever,8.7,7.0,5.9,94.3,85.7,36,7,0,0,0,0,0.6,0.4,27.06,Low
STU-2812,struggling,2.8,5.8,3.5,53.6,73.6,68,1,0,1,0,0,0.5,0.0,51.69,Moderate
STU-2813,at_risk,1.1,2.7,1.8,53.3,41.1,1,2,1,0,1,1,0.3,7.5,100.0,Critical
STU-2814,struggling,4.3,6.0,3.0,58.5,29.1,15,0,1,0,1,0,0.6,4.7,68.85,High
STU-2815,balanced,6.8,7.1,6.2,73.2,77.9,77,0,1,0,0,0,1.2,1.6,32.2,Moderate
STU-2816,balanced,6.3,7.2,7.2,76.3,72.6,13,3,0,0,0,0,2.1,2.1,26.97,Low
STU-2817,balanced,8.0,6.5,3.6,93.0,66.2,5,5,0,0,0,0,2.2,1.5,33.3,Moderate
STU-2818,overworked,3.4,6.0,10.2,86.4,79.7,60,4,0,1,1,0,0.3,1.2,56.4,High
STU-2819,high_achiever,8.0,6.2,7.3,92.6,79.5,30,0,0,1,0,0,1.2,1.3,28.44,Low
STU-2820,balanced,8.0,6.4,5.0,82.6,86.0,27,0,0,0,0,1,1.3,2.1,28.2,Low
STU-2821,struggling,3.9,4.4,3.9,58.4,68.1,76,5,0,0,1,0,0.2,2.2,60.18,High
STU-2822,struggling,3.5,6.1,5.6,73.3,49.6,71,4,1,0,1,1,0.4,2.9,67.3,High
STU-2823,high_achiever,7.1,6.3,7.1,90.5,81.1,37,6,1,1,0,0,1.6,1.9,42.51,Moderate
STU-2824,overworked,4.9,6.1,8.8,93.7,71.1,83,1,1,0,0,0,0.8,2.1,43.09,Moderate
STU-2825,struggling,5.8,7.0,5.8,72.5,59.1,80,3,1,0,0,1,0.1,5.2,51.6,Moderate
STU-2826,overworked,6.1,5.4,6.6,78.4,74.1,38,4,0,1,1,0,0.4,2.5,45.42,Moderate
STU-2827,balanced,6.4,7.8,5.5,84.7,70.6,54,8,0,1,0,0,1.2,0.4,35.89,Moderate
STU-2828,at_risk,4.3,2.4,0.6,54.6,55.7,48,2,1,0,1,0,0.1,3.7,71.86,High
STU-2829,high_achiever,7.0,6.0,6.6,86.4,80.3,61,2,1,1,0,0,1.0,1.5,38.98,Moderate
STU-2830,overworked,6.1,4.6,10.6,85.8,64.6,77,0,1,1,0,1,0.6,1.5,61.35,High
STU-2831,overworked,4.3,5.4,9.2,67.8,79.0,3,4,1,0,0,0,0.2,0.8,65.49,High
STU-2832,overworked,4.2,6.4,11.4,70.8,66.3,41,5,1,1,0,0,0.3,1.1,58.41,High
STU-2833,struggling,5.5,5.1,3.9,46.0,53.2,29,8,0,0,1,0,0.0,6.1,67.19,High
STU-2834,balanced,5.9,8.3,3.3,86.2,79.4,44,3,1,0,0,0,0.7,1.8,30.11,Moderate
STU-2835,balanced,4.4,6.1,4.8,87.2,75.5,31,6,0,0,0,1,1.2,1.2,42.99,Moderate
STU-2836,balanced,6.3,6.0,4.8,82.6,70.4,60,3,1,1,0,0,1.1,2.2,43.34,Moderate
STU-2837,at_risk,1.2,4.1,2.4,52.9,45.5,34,8,1,0,1,1,0.2,6.3,97.6,Critical
STU-2838,struggling,2.1,3.8,5.0,63.7,61.1,41,8,0,0,0,0,0.4,6.9,66.57,High
STU-2839,overworked,7.5,6.2,7.7,84.3,69.6,17,5,1,0,1,0,0.2,0.7,42.48,Moderate
STU-2840,balanced,7.9,7.7,5.2,88.5,82.6,57,1,1,0,0,0,1.3,1.4,26.67,Low
STU-2841,balanced,7.7,7.5,6.5,71.1,70.9,76,1,0,0,0,0,0.4,2.2,23.68,Low
STU-2842,overworked,6.1,3.5,11.6,66.1,77.7,27,5,1,1,1,0,0.4,2.0,69.47,High
STU-2843,high_achiever,7.3,7.4,7.0,84.7,82.7,37,1,1,0,0,0,1.1,1.8,28.09,Low
STU-2844,high_achiever,7.4,6.5,8.0,84.2,88.0,73,7,0,1,0,0,0.8,1.2,41.3,Moderate
STU-2845,balanced,7.0,7.6,6.4,72.6,60.2,62,8,1,0,0,0,1.5,1.1,33.35,Moderate
STU-2846,struggling,5.5,3.3,2.3,85.0,32.1,8,3,1,1,1,1,0.0,4.1,92.27,Critical
STU-2847,balanced,6.3,6.1,7.3,84.1,79.7,4,8,0,0,0,0,1.1,2.0,47.14,Moderate
STU-2848,overworked,4.0,5.3,10.5,93.4,89.5,22,7,0,1,0,1,0.4,3.1,60.14,High
STU-2849,struggling,6.3,3.6,3.1,67.3,50.2,87,1,1,1,0,1,0.4,7.2,72.81,High
STU-2850,overworked,3.9,6.8,10.3,97.2,78.6,27,5,1,0,0,0,0.0,2.7,50.91,Moderate
STU-2851,high_achiever,7.8,6.4,5.1,86.9,98.2,72,1,0,0,0,0,1.1,1.3,26.34,Low
STU-2852,overworked,4.9,4.9,11.0,74.0,62.5,11,7,0,1,1,0,0.0,1.5,69.74,High
STU-2853,overworked,5.7,4.4,12.7,67.4,84.0,8,4,1,1,0,0,0.5,2.8,76.28,Critical
STU-2854,balanced,5.0,7.0,5.2,72.9,78.7,48,6,0,1,0,0,1.9,0.2,36.88,Moderate
STU-2855,overworked,3.6,5.1,9.0,71.9,76.9,3,0,0,1,0,0,0.9,4.3,66.88,High
STU-2856,balanced,5.4,7.4,7.4,88.5,87.9,68,3,0,0,0,0,1.1,1.4,29.06,Low
STU-2857,high_achiever,7.5,7.0,8.2,96.2,88.1,76,6,0,1,1,0,1.1,1.8,36.43,Moderate
STU-2858,struggling,4.3,4.6,3.8,60.9,57.2,65,8,1,1,0,1,0.1,6.5,82.05,Critical
STU-2859,overworked,5.7,4.3,10.7,80.1,62.4,74,5,0,0,0,0,0.4,2.7,49.73,Moderate
STU-2860,overworked,6.2,5.1,11.0,90.4,77.4,42,5,0,0,0,0,0.2,1.4,43.35,Moderate
STU-2861,high_achiever,9.4,6.7,9.6,90.4,83.4,22,2,1,0,0,0,1.0,1.4,29.87,Low
STU-2862,balanced,6.1,7.4,6.8,100.0,71.5,84,1,0,0,0,0,1.1,1.3,26.75,Low
STU-2863,high_achiever,8.5,5.9,5.9,95.8,87.3,57,1,1,0,0,0,1.3,1.0,27.36,Low
STU-2864,overworked,4.2,5.7,12.7,73.7,92.8,33,5,0,0,0,0,0.6,1.1,49.24,Moderate
STU-2865,high_achiever,8.5,5.0,7.8,96.9,87.4,20,8,0,0,0,0,1.0,1.3,34.01,Moderate
STU-2866,at_risk,1.3,2.8,1.4,49.7,31.3,3,3,0,1,1,1,0.0,7.7,100.0,Critical
STU-2867,struggling,3.2,5.1,2.8,62.8,63.7,73,3,1,0,0,0,0.1,3.0,56.83,High
STU-2868,struggling,2.0,4.2,3.1,32.4,58.4,43,0,0,0,1,0,0.2,6.6,74.67,High
STU-2869,at_risk,3.2,4.7,1.8,48.0,19.1,73,2,1,0,1,0,0.3,5.9,80.41,Critical
STU-2870,high_achiever,8.4,5.0,6.5,95.5,82.4,54,6,0,0,0,0,0.7,1.2,29.42,Low
STU-2871,struggling,5.1,4.4,3.1,58.8,52.2,40,8,1,0,1,0,0.5,4.7,67.68,High
STU-2872,struggling,4.9,5.1,3.8,74.9,52.4,85,5,1,0,0,1,0.6,6.9,66.68,High
STU-2873,balanced,6.5,6.9,7.0,70.0,71.9,30,1,0,1,0,0,1.1,1.3,34.47,Moderate
STU-2874,balanced,7.6,6.4,6.2,80.7,67.9,39,2,0,0,0,0,0.9,2.1,27.2,Low
STU-2875,struggling,3.3,5.2,5.9,46.9,56.3,7,8,1,1,0,1,0.5,4.7,96.08,Critical
STU-2876,overworked,8.8,5.3,9.1,87.8,78.4,36,5,0,1,0,1,0.0,2.2,47.04,Moderate
STU-2877,balanced,7.6,6.8,5.4,75.1,80.9,43,8,1,0,0,0,1.9,1.3,31.77,Moderate
STU-2878,overworked,5.5,5.0,11.3,65.7,64.6,88,5,1,1,0,1,0.0,3.3,72.4,High
STU-2879,struggling,3.3,2.9,1.7,67.0,38.7,79,0,1,0,1,1,0.3,7.9,84.59,Critical
STU-2880,high_achiever,7.0,6.8,5.5,99.6,93.4,55,1,0,0,0,0,0.9,1.0,24.38,Low
STU-2881,overworked,5.1,5.4,11.1,67.6,80.1,49,6,0,1,1,0,0.6,1.8,57.09,High
STU-2882,balanced,7.3,6.2,6.7,73.0,79.4,12,6,0,1,0,0,1.2,1.5,42.01,Moderate
STU-2883,overworked,7.1,3.8,8.9,70.5,69.6,65,3,1,0,1,1,0.2,0.8,58.88,High
STU-2884,overworked,8.0,5.2,9.8,75.2,69.5,83,6,1,1,1,0,0.3,2.6,57.05,High
STU-2885,overworked,3.7,5.3,6.0,82.1,55.9,32,4,1,1,1,1,0.4,1.2,68.74,High
STU-2886,balanced,7.8,8.2,3.7,89.8,76.0,89,7,0,0,1,0,1.0,2.3,28.3,Low
STU-2887,at_risk,3.2,2.5,1.1,62.2,55.8,81,4,1,0,1,0,0.1,1.0,70.75,High
STU-2888,overworked,5.5,4.8,10.0,73.2,78.4,85,8,1,0,0,1,0.0,3.2,67.08,High
STU-2889,struggling,2.6,3.4,4.1,47.8,46.1,53,3,1,0,1,1,0.6,5.9,90.39,Critical
STU-2890,overworked,5.8,4.4,9.6,76.5,68.6,86,4,0,1,1,0,0.4,1.5,54.92,Moderate
STU-2891,overworked,3.4,4.3,9.3,55.4,77.7,2,6,0,1,0,0,0.0,2.7,83.94,Critical
STU-2892,struggling,3.4,5.1,6.8,63.4,28.2,84,0,1,0,1,0,0.6,4.5,68.21,High
STU-2893,struggling,4.8,2.0,3.5,57.1,66.7,65,7,1,0,0,0,0.5,2.4,67.32,High
STU-2894,high_achiever,8.2,5.4,7.1,96.2,77.7,30,5,0,0,0,0,1.6,0.6,27.18,Low
STU-2895,struggling,2.6,6.2,2.8,48.0,57.3,25,0,0,1,1,0,0.5,5.8,65.44,High
STU-2896,struggling,4.4,3.7,6.0,75.7,65.0,13,6,1,0,0,1,0.5,5.6,75.21,Critical
STU-2897,high_achiever,8.3,6.6,8.5,95.0,88.3,39,3,0,0,0,1,0.3,1.4,33.99,Moderate
STU-2898,struggling,4.4,4.0,3.1,67.5,46.8,60,7,0,0,0,1,0.3,2.5,60.67,High
STU-2899,struggling,5.0,3.0,5.4,73.7,48.8,36,7,1,0,0,1,1.0,6.7,72.23,High
STU-2900,overworked,6.6,5.1,8.3,67.3,79.9,79,1,0,1,0,0,0.2,2.1,42.77,Moderate
STU-2901,at_risk,1.8,3.4,2.6,10.0,38.2,2,2,1,0,1,1,0.0,9.0,100.0,Critical
STU-2902,struggling,3.5,2.4,3.7,59.5,75.0,33,1,1,0,0,0,0.8,6.1,66.35,High
STU-2903,struggling,5.0,4.8,3.9,43.3,64.7,83,5,1,0,0,0,0.3,4.6,62.14,High
STU-2904,overworked,4.3,5.3,6.9,85.9,59.5,90,7,1,1,1,1,0.0,3.7,71.74,High
STU-2905,struggling,2.9,5.9,6.3,43.6,40.5,47,3,0,1,0,1,0.0,6.2,80.76,Critical
STU-2906,high_achiever,6.9,7.5,6.1,92.7,77.4,12,2,0,1,0,0,1.0,1.3,33.78,Moderate
STU-2907,balanced,7.6,6.2,4.4,85.5,85.7,71,7,1,0,1,0,1.2,2.1,42.91,Moderate
STU-2908,balanced,8.0,6.2,4.6,76.5,90.4,23,2,0,0,0,0,1.4,2.1,24.39,Low
STU-2909,overworked,3.5,6.9,10.2,85.2,52.3,1,4,0,0,0,1,0.6,1.9,64.76,High
STU-2910,high_achiever,7.0,5.6,5.5,91.3,82.7,68,0,0,0,0,0,1.1,2.2,27.42,Low
STU-2911,balanced,5.0,6.8,6.9,81.3,87.2,6,7,0,0,1,0,1.4,0.7,50.39,Moderate
STU-2912,balanced,7.5,7.9,7.7,89.3,78.5,19,0,0,0,0,1,1.5,1.7,23.16,Low
STU-2913,balanced,7.2,7.3,4.1,92.6,83.0,17,1,0,0,0,0,0.7,2.6,24.31,Low
STU-2914,struggling,2.8,5.8,3.4,84.8,41.8,59,7,1,0,0,1,0.0,4.4,71.6,High
STU-2915,struggling,2.6,2.9,3.8,44.4,55.7,72,0,1,1,1,1,0.2,5.5,89.54,Critical
STU-2916,balanced,8.5,6.9,6.4,89.7,65.7,4,7,0,0,1,0,1.6,0.9,35.79,Moderate
STU-2917,balanced,9.2,7.9,8.0,79.0,75.8,65,7,1,0,0,0,1.4,1.8,27.42,Low
STU-2918,at_risk,1.6,3.7,0.4,31.6,42.7,32,5,1,0,1,1,0.1,8.1,100.0,Critical
STU-2919,at_risk,1.9,3.9,0.8,38.1,30.6,63,1,0,0,1,1,0.1,9.7,92.07,Critical
STU-2920,struggling,5.9,5.4,5.9,85.0,69.2,58,4,1,0,1,0,0.6,2.8,47.14,Moderate
STU-2921,overworked,6.0,3.3,10.4,56.7,81.5,38,4,1,0,1,0,0.3,2.3,64.73,High
STU-2922,at_risk,1.0,4.7,4.0,42.7,45.9,50,0,0,1,1,1,0.0,6.8,89.62,Critical
STU-2923,balanced,7.8,8.1,6.1,82.2,68.9,85,0,1,0,0,1,1.0,2.3,29.67,Low
STU-2924,struggling,5.7,4.2,2.3,48.8,60.1,23,6,1,0,0,0,0.3,7.2,66.71,High
STU-2925,struggling,3.1,4.4,2.4,62.1,55.8,12,3,1,1,0,1,0.4,7.1,90.52,Critical
STU-2926,at_risk,2.8,2.9,2.6,54.5,26.2,71,0,1,1,1,0,0.0,7.2,92.73,Critical
STU-2927,at_risk,2.3,4.2,3.1,40.1,27.8,74,8,1,0,1,1,0.0,6.3,97.68,Critical
STU-2928,overworked,5.6,6.2,9.0,72.6,90.0,40,8,1,1,1,0,0.9,1.6,58.15,High
STU-2929,struggling,4.5,4.7,6.2,63.0,54.8,89,4,0,1,1,0,0.5,6.6,68.1,High
STU-2930,high_achiever,8.2,5.4,6.4,95.1,86.5,65,6,0,0,0,0,1.3,2.3,28.53,Low
STU-2931,balanced,8.3,6.7,6.6,81.7,92.0,34,4,0,0,0,0,1.3,1.4,24.22,Low
STU-2932,overworked,6.0,6.1,10.2,100.0,68.9,11,1,1,0,0,0,0.4,1.7,49.68,Moderate
STU-2933,struggling,4.3,4.8,3.6,54.7,41.4,38,0,1,0,0,1,0.2,6.5,74.89,High
STU-2934,balanced,7.1,6.2,5.4,98.7,83.0,25,6,0,0,0,0,1.4,2.4,32.48,Moderate
STU-2935,struggling,2.3,4.0,2.7,69.0,53.9,29,4,0,1,1,1,0.5,4.0,76.88,Critical
STU-2936,struggling,3.9,5.3,5.3,75.4,56.3,20,1,1,1,0,1,0.5,7.4,70.79,High
STU-2937,balanced,6.5,7.5,5.5,63.2,78.7,1,2,0,0,0,0,1.2,2.5,36.01,Moderate
STU-2938,balanced,5.7,7.1,6.0,82.8,75.2,18,0,1,0,0,0,0.8,1.7,33.24,Moderate
STU-2939,overworked,7.1,5.4,9.1,95.2,67.3,2,0,1,0,0,1,0.6,2.1,62.51,High
STU-2940,struggling,4.1,4.6,3.3,64.4,66.4,58,3,1,0,0,0,0.6,4.8,59.88,High
STU-2941,struggling,5.3,4.0,1.4,57.0,57.0,72,1,0,1,0,0,0.5,6.8,60.09,High
STU-2942,balanced,6.8,6.1,3.9,77.0,77.9,11,6,1,0,1,0,1.5,1.2,47.36,Moderate
STU-2943,struggling,1.3,4.8,2.4,82.0,56.9,25,7,0,1,1,0,0.2,3.8,66.74,High
STU-2944,high_achiever,6.7,6.1,6.2,86.0,87.3,79,0,0,0,0,0,1.2,1.2,29.26,Low
STU-2945,overworked,2.9,5.1,9.2,72.5,63.0,10,8,0,0,0,0,0.4,2.0,60.72,High
STU-2946,overworked,3.6,3.4,9.1,74.0,68.0,76,8,0,1,1,1,0.4,1.8,72.63,High
STU-2947,overworked,4.2,6.5,8.3,74.3,62.8,31,7,1,1,0,0,0.2,2.2,56.46,High
STU-2948,balanced,6.7,6.8,4.6,85.2,91.4,71,5,1,0,0,0,0.9,2.0,36.71,Moderate
STU-2949,struggling,5.0,5.3,3.8,61.5,46.8,19,0,1,1,0,0,0.1,4.7,60.8,High
STU-2950,balanced,6.6,7.9,5.6,89.1,86.8,41,3,1,0,1,0,1.1,1.9,34.76,Moderate
STU-2951,overworked,4.3,4.0,10.8,80.1,88.5,76,4,1,1,0,0,0.7,1.6,63.93,High
STU-2952,overworked,5.0,6.2,8.8,67.5,62.0,6,1,0,1,0,0,0.2,1.5,58.52,High
STU-2953,balanced,8.1,8.4,3.9,92.1,71.2,90,8,1,0,0,0,1.3,0.8,29.98,Low
STU-2954,at_risk,1.0,3.8,2.4,50.9,29.2,57,4,1,1,1,1,0.2,7.0,100.0,Critical
STU-2955,at_risk,3.2,3.4,2.8,46.1,40.6,64,1,1,0,1,1,0.2,5.4,84.62,Critical
STU-2956,overworked,5.9,6.2,9.9,81.2,69.6,45,3,0,0,0,0,0.6,2.1,36.23,Moderate
STU-2957,overworked,7.2,4.5,10.8,89.1,75.7,1,4,1,0,0,0,0.0,2.2,65.51,High
STU-2958,balanced,6.7,7.1,6.4,78.3,73.6,89,5,0,0,0,0,1.1,2.5,28.33,Low
STU-2959,balanced,6.0,5.7,5.9,75.9,80.3,80,5,1,0,1,0,0.7,1.5,44.87,Moderate
STU-2960,overworked,6.2,5.6,10.0,67.1,62.5,4,0,1,0,0,1,0.5,0.8,67.59,High
STU-2961,overworked,7.8,4.8,7.3,71.9,63.7,10,2,1,1,0,1,1.0,3.5,63.05,High
STU-2962,struggling,3.5,5.9,1.8,74.9,63.1,22,3,1,0,1,0,0.3,6.5,59.8,High
STU-2963,at_risk,1.2,4.5,1.9,57.0,59.9,44,1,1,0,0,1,0.0,5.9,79.21,Critical
STU-2964,balanced,7.9,6.4,4.4,77.8,69.1,63,6,0,0,0,0,1.3,1.8,27.8,Low
STU-2965,overworked,4.2,4.9,6.4,79.5,81.8,33,4,1,0,0,0,0.0,2.6,50.52,Moderate
STU-2966,overworked,6.7,5.2,10.1,78.6,83.3,56,6,1,0,0,0,0.5,1.6,48.58,Moderate
STU-2967,at_risk,2.1,3.7,1.4,37.8,40.4,79,1,0,0,0,1,0.1,8.3,84.23,Critical
STU-2968,overworked,2.5,4.6,7.1,82.2,53.3,26,4,1,1,0,0,0.1,1.9,66.62,High
STU-2969,overworked,3.9,5.0,10.4,92.8,77.8,62,6,1,1,0,0,0.7,2.9,61.44,High
STU-2970,struggling,4.5,5.5,2.1,55.0,42.4,58,2,1,0,1,0,0.5,4.7,64.87,High
STU-2971,overworked,3.6,4.9,8.6,80.4,58.6,49,5,0,1,0,0,0.5,1.8,52.77,Moderate
STU-2972,at_risk,1.2,2.3,1.7,49.8,41.2,9,7,0,0,0,1,0.2,4.7,100.0,Critical
STU-2973,at_risk,2.1,4.0,1.8,53.6,35.4,79,4,1,0,1,0,0.2,6.2,85.49,Critical
STU-2974,overworked,4.3,3.2,8.0,88.7,68.5,46,0,0,0,0,0,0.4,1.4,45.51,Moderate
STU-2975,balanced,6.2,6.3,5.0,85.6,79.4,61,4,0,1,0,0,1.4,0.8,35.84,Moderate
STU-2976,at_risk,2.3,2.0,2.0,44.2,44.1,6,4,1,0,1,1,0.1,5.1,100.0,Critical
STU-2977,high_achiever,6.0,6.5,4.9,86.4,88.1,19,1,0,0,0,0,0.5,0.7,33.44,Moderate
STU-2978,overworked,3.5,6.7,9.2,72.8,75.7,20,5,0,0,0,0,0.8,1.3,41.58,Moderate
STU-2979,overworked,6.8,5.3,11.2,83.2,88.1,36,1,0,1,0,0,0.5,2.4,45.23,Moderate
STU-2980,high_achiever,7.7,7.1,7.3,94.9,90.7,70,1,1,0,0,0,1.2,1.7,27.53,Low
STU-2981,struggling,3.2,5.5,5.6,38.7,45.2,28,5,1,1,0,1,0.3,3.5,80.93,Critical
STU-2982,struggling,4.7,6.4,0.5,60.0,57.6,8,8,0,0,0,0,0.5,5.3,62.18,High
STU-2983,struggling,4.0,6.1,2.5,62.7,37.4,33,0,1,0,1,0,0.6,4.6,62.22,High
STU-2984,overworked,5.0,5.6,10.1,68.1,60.6,47,4,1,1,1,1,0.4,2.7,74.05,High
STU-2985,balanced,7.5,7.8,3.6,98.1,79.8,3,1,0,1,0,0,1.2,1.7,31.84,Moderate
STU-2986,high_achiever,7.1,7.8,5.8,86.0,80.8,30,7,1,0,0,0,0.5,1.4,36.58,Moderate
STU-2987,balanced,6.6,5.9,5.9,81.6,83.0,7,3,0,0,0,1,1.0,1.6,42.25,Moderate
STU-2988,balanced,7.3,6.7,4.8,67.2,70.5,75,0,0,0,0,0,1.5,2.3,24.27,Low
STU-2989,balanced,8.5,7.0,3.9,68.8,84.7,60,1,0,1,1,0,1.1,1.1,29.3,Low
STU-2990,balanced,6.8,7.3,4.7,73.6,70.6,83,8,0,0,1,0,1.7,1.0,31.78,Moderate
STU-2991,overworked,7.3,5.5,9.8,71.5,70.3,19,5,0,1,0,0,0.2,1.5,43.64,Moderate
STU-2992,struggling,5.2,4.4,4.0,63.8,57.3,12,4,0,0,1,0,0.2,4.1,62.59,High
STU-2993,high_achiever,6.7,5.7,6.6,83.0,76.7,1,1,0,0,0,0,1.4,1.5,35.52,Moderate
STU-2994,balanced,9.5,5.7,6.7,81.1,81.3,15,0,0,0,0,0,1.2,0.7,20.7,Low
STU-2995,overworked,6.0,2.8,12.4,81.1,76.7,0,7,1,1,0,0,0.1,2.8,93.65,Critical
STU-2996,balanced,7.5,7.0,4.4,80.3,70.9,53,1,0,0,0,0,1.4,1.3,22.6,Low
STU-2997,overworked,4.2,4.7,10.4,71.0,76.5,19,2,0,1,0,0,0.6,2.0,54.58,Moderate
STU-2998,at_risk,2.6,4.6,4.7,44.4,45.7,32,7,1,0,1,0,0.0,4.1,80.33,Critical
STU-2999,overworked,3.5,4.1,10.4,72.9,77.1,57,6,1,1,0,0,0.5,3.7,70.97,High
STU-3000,struggling,5.7,5.0,4.0,76.0,60.0,1,8,1,0,1,1,0.4,5.1,87.88,Critical
STU-3001,overworked,4.5,4.3,11.6,96.6,60.7,83,4,1,0,0,1,0.2,3.1,68.54,High
STU-3002,struggling,5.0,5.6,3.1,66.0,55.0,23,2,1,0,1,0,0.0,5.3,61.9,High
STU-3003,at_risk,2.2,3.7,2.3,43.7,46.1,85,6,1,0,0,1,0.0,8.9,95.34,Critical
STU-3004,struggling,2.6,6.5,3.8,53.3,65.3,56,5,0,1,0,1,0.4,2.1,60.37,High
STU-3005,balanced,7.5,5.3,5.6,83.3,65.5,46,2,0,1,0,0,1.3,1.8,32.67,Moderate
STU-3006,balanced,8.1,7.7,5.2,80.4,80.8,18,6,1,1,0,0,1.1,0.6,37.08,Moderate
STU-3007,balanced,6.4,6.7,7.2,80.9,75.0,83,8,0,1,0,1,1.4,2.1,43.45,Moderate
STU-3008,high_achiever,7.8,6.5,7.3,92.4,100.0,88,1,0,1,0,0,0.5,1.9,33.47,Moderate
STU-3009,struggling,4.7,3.7,6.0,35.7,43.8,64,1,0,0,1,0,0.7,4.2,69.37,High
STU-3010,balanced,5.7,6.1,4.9,85.3,73.2,9,0,1,0,0,0,1.0,2.7,45.44,Moderate
STU-3011,overworked,4.9,3.3,6.3,80.4,76.6,60,5,1,1,0,1,0.4,2.1,65.22,High
STU-3012,high_achiever,8.3,7.7,4.3,90.6,79.2,31,3,0,0,0,0,0.4,0.8,22.84,Low
STU-3013,struggling,4.6,6.3,3.5,40.9,49.1,11,0,0,0,1,0,0.0,3.0,64.24,High
STU-3014,overworked,5.8,5.6,9.0,85.9,65.9,33,2,0,0,1,0,0.7,2.5,41.38,Moderate
STU-3015,overworked,5.8,5.0,11.9,80.5,70.0,40,7,0,1,0,0,0.3,2.9,56.95,High
STU-3016,balanced,6.9,6.1,4.4,80.5,85.8,69,1,0,0,0,0,1.1,1.4,24.35,Low
STU-3017,at_risk,4.0,4.1,3.2,62.4,36.0,47,7,0,0,1,1,0.1,9.2,84.25,Critical
STU-3018,struggling,4.9,5.5,4.5,60.5,51.6,5,7,1,1,1,0,0.5,6.0,96.98,Critical
STU-3019,balanced,7.8,7.5,5.0,77.4,81.2,47,4,0,1,0,0,1.0,1.8,31.6,Moderate
STU-3020,overworked,7.3,5.3,9.1,76.8,78.7,3,7,1,1,0,0,0.4,1.8,69.52,High
STU-3021,balanced,7.4,6.5,6.1,89.8,66.9,83,7,0,0,0,0,1.1,1.7,30.39,Moderate
STU-3022,struggling,4.9,3.8,1.3,74.4,38.6,12,7,0,1,0,1,0.4,4.6,81.47,Critical
STU-3023,overworked,8.0,7.0,7.0,87.8,68.4,37,1,0,1,0,0,0.7,3.0,32.49,Moderate
STU-3024,high_achiever,8.0,5.9,8.1,91.6,83.6,6,2,0,1,0,0,0.8,1.9,47.01,Moderate
STU-3025,struggling,2.2,5.2,2.9,44.4,53.8,18,7,1,0,1,0,0.1,2.4,73.09,High
STU-3026,balanced,6.2,6.5,3.9,78.8,69.3,32,2,0,0,1,0,1.4,2.2,32.9,Moderate
STU-3027,balanced,7.0,6.8,4.5,75.5,80.6,8,3,0,0,0,0,0.5,1.8,31.97,Moderate
STU-3028,at_risk,3.1,2.1,2.0,53.1,15.1,88,2,1,0,0,1,0.0,6.0,94.08,Critical
STU-3029,overworked,5.8,5.6,7.9,62.1,70.8,60,0,1,0,0,0,0.0,1.5,47.41,Moderate
STU-3030,overworked,5.8,4.4,8.5,84.2,72.1,66,6,0,1,1,0,0.0,0.6,58.3,High
STU-3031,struggling,2.2,5.1,5.8,63.8,44.8,30,4,1,1,1,1,0.0,2.6,82.04,Critical
STU-3032,balanced,8.7,6.7,4.8,87.6,69.5,18,7,0,0,0,0,1.3,1.8,24.89,Low
STU-3033,balanced,7.2,8.4,6.2,90.7,67.7,57,6,0,1,0,0,1.6,2.2,25.84,Low
STU-3034,at_risk,3.0,3.0,0.0,49.9,44.5,52,7,0,0,1,1,0.1,6.0,85.22,Critical
STU-3035,balanced,9.7,6.1,6.5,82.1,68.2,44,4,0,0,0,0,1.2,1.0,21.78,Low
STU-3036,balanced,7.2,5.8,6.1,74.3,63.4,67,4,0,0,0,0,0.8,3.1,30.77,Moderate
STU-3037,balanced,7.6,6.4,5.1,86.8,79.4,58,3,1,0,0,0,0.9,1.0,34.43,Moderate
STU-3038,balanced,7.8,6.8,6.0,78.4,68.4,13,1,0,1,0,0,1.2,2.1,33.35,Moderate
STU-3039,high_achiever,8.2,6.0,8.9,89.3,84.3,62,1,0,0,0,0,0.5,1.3,29.66,Low
STU-3040,overworked,6.6,6.6,10.3,80.8,65.5,14,4,1,1,0,0,0.2,3.0,52.64,Moderate
STU-3041,overworked,3.9,5.7,10.5,66.9,75.4,13,6,0,1,1,0,0.1,0.3,70.4,High
STU-3042,at_risk,2.8,3.4,6.0,53.7,39.8,23,6,1,0,0,1,0.2,5.3,86.84,Critical
STU-3043,at_risk,2.9,3.8,1.1,24.5,32.0,34,2,0,0,1,0,0.2,5.3,82.41,Critical
STU-3044,struggling,3.7,5.0,2.0,64.3,44.3,9,7,1,0,1,0,0.0,4.6,84.81,Critical
STU-3045,overworked,3.3,5.1,10.7,100.0,65.1,51,3,0,1,1,0,0.2,1.3,61.31,High
STU-3046,overworked,4.2,4.6,6.7,86.8,81.6,37,3,0,0,0,0,0.7,0.9,42.49,Moderate
STU-3047,balanced,5.5,7.0,5.7,84.5,79.3,73,3,0,0,0,0,1.2,0.6,29.7,Low
STU-3048,at_risk,2.6,2.6,0.0,70.0,52.8,55,3,0,0,1,1,0.2,4.8,70.23,High
STU-3049,at_risk,3.3,3.9,1.4,64.9,48.2,41,4,1,0,1,1,0.1,6.3,81.82,Critical
STU-3050,balanced,7.9,6.3,6.0,74.6,85.7,41,1,0,0,0,0,1.4,1.4,23.14,Low
STU-3051,struggling,2.7,6.3,5.9,70.4,70.7,63,2,1,0,1,0,0.3,5.9,61.77,High
STU-3052,struggling,4.0,4.6,4.9,69.8,42.9,44,0,1,0,1,1,0.0,4.5,68.01,High
STU-3053,overworked,4.0,4.1,8.6,86.2,80.4,53,7,0,0,1,0,0.6,2.7,56.78,High
STU-3054,overworked,1.8,5.0,6.8,83.1,49.1,38,5,1,1,0,0,0.3,2.6,65.65,High
STU-3055,at_risk,3.5,4.0,2.6,58.5,33.7,2,7,1,0,0,1,0.1,6.2,100.0,Critical
STU-3056,high_achiever,7.3,5.6,6.6,89.0,80.6,63,5,0,0,0,1,1.3,0.8,36.7,Moderate
STU-3057,high_achiever,8.7,7.1,8.5,88.0,89.7,13,2,0,1,1,1,0.6,1.3,46.58,Moderate
STU-3058,struggling,3.1,4.1,2.8,50.2,62.3,38,3,1,0,0,0,0.2,5.1,68.21,High
STU-3059,struggling,4.1,4.6,3.0,79.0,61.1,22,2,1,0,0,0,0.3,4.1,53.69,Moderate
STU-3060,overworked,6.1,6.5,7.4,84.6,81.3,45,1,1,1,1,1,0.0,2.1,54.1,Moderate
STU-3061,balanced,7.6,6.7,5.3,78.7,80.8,7,1,0,0,0,0,1.3,1.9,26.25,Low
STU-3062,struggling,4.9,4.2,6.1,47.2,31.3,87,0,0,0,1,0,0.0,1.7,62.89,High
STU-3063,balanced,7.8,8.0,4.2,88.0,75.5,88,3,0,0,0,0,1.3,2.2,19.36,Low
STU-3064,struggling,7.9,6.1,2.7,48.9,50.9,31,6,0,1,0,1,0.4,6.4,61.27,High
STU-3065,at_risk,2.8,2.0,2.7,46.4,60.0,72,8,1,1,0,1,0.0,8.9,99.35,Critical
STU-3066,at_risk,1.2,1.8,2.4,30.4,21.8,34,1,1,1,0,1,0.1,7.1,100.0,Critical
STU-3067,balanced,7.0,8.5,5.7,88.4,76.1,40,2,0,0,0,0,0.8,2.1,20.24,Low
STU-3068,at_risk,2.4,3.8,0.0,23.9,48.9,61,7,1,0,1,1,0.0,5.0,97.21,Critical
STU-3069,overworked,4.9,5.4,9.4,80.0,63.0,76,4,1,1,0,0,0.5,3.1,56.98,High
STU-3070,struggling,5.4,4.4,4.6,63.5,51.6,12,2,1,0,1,0,0.4,6.6,75.91,Critical
STU-3071,balanced,7.7,6.7,7.4,87.1,75.6,51,2,0,0,1,0,1.2,2.4,28.71,Low
STU-3072,at_risk,1.0,3.6,3.8,70.0,36.7,65,6,0,0,1,1,0.1,7.2,85.9,Critical
STU-3073,overworked,6.3,4.9,11.0,85.2,78.1,54,1,1,0,0,0,0.3,3.7,51.51,Moderate
STU-3074,overworked,5.9,4.2,9.4,79.1,62.1,68,4,0,1,0,1,0.3,2.1,57.53,High
STU-3075,overworked,2.9,4.9,8.9,77.8,80.4,45,3,1,1,1,1,1.0,2.7,69.48,High
STU-3076,at_risk,2.2,4.1,2.7,62.8,36.8,17,1,1,0,1,1,0.0,9.7,91.13,Critical
STU-3077,struggling,2.5,6.3,1.3,30.0,61.2,56,7,1,1,0,0,0.6,5.4,76.12,Critical
STU-3078,at_risk,2.4,3.2,1.2,69.2,25.4,47,4,1,1,1,0,0.2,8.6,94.41,Critical
STU-3079,at_risk,3.7,4.1,2.6,53.5,45.4,32,5,1,1,1,1,0.0,3.6,87.89,Critical
STU-3080,high_achiever,8.7,6.7,6.3,83.2,85.5,0,4,0,1,0,0,0.5,0.7,40.5,Moderate
STU-3081,high_achiever,7.2,6.7,6.8,88.0,74.8,73,3,0,1,0,0,0.7,1.0,31.49,Moderate
STU-3082,at_risk,2.2,2.4,1.8,51.6,28.1,55,5,0,0,1,0,0.2,3.5,78.88,Critical
STU-3083,balanced,7.1,7.5,6.5,94.9,72.0,69,4,0,0,0,0,1.1,1.2,22.55,Low
STU-3084,at_risk,2.7,2.7,3.8,26.1,43.8,45,8,1,0,1,1,0.0,4.6,100.0,Critical
STU-3085,struggling,3.0,3.9,2.3,83.4,44.6,55,7,0,0,0,1,0.3,4.5,68.05,High
STU-3086,balanced,6.6,6.8,6.0,75.1,83.7,16,2,0,1,0,0,1.7,2.2,30.98,Moderate
STU-3087,overworked,1.0,5.4,8.9,75.5,51.0,47,1,0,0,0,0,0.5,1.0,52.05,Moderate
STU-3088,high_achiever,8.5,6.2,8.5,87.3,88.6,1,1,1,0,0,0,0.5,1.9,45.18,Moderate
STU-3089,struggling,4.7,4.0,1.4,57.3,65.3,38,7,1,0,0,0,0.3,2.5,58.25,High
STU-3090,balanced,8.5,7.4,4.0,67.9,70.0,1,1,0,0,0,0,0.5,1.7,33.61,Moderate
STU-3091,at_risk,1.0,3.3,4.0,59.2,36.2,72,2,1,1,0,1,0.1,3.9,89.06,Critical
STU-3092,struggling,4.4,5.8,2.6,59.7,40.6,88,7,0,0,0,1,0.4,6.0,67.07,High
STU-3093,balanced,6.0,7.1,4.7,90.1,73.7,6,5,0,1,0,0,0.6,1.7,48.82,Moderate
STU-3094,overworked,5.9,4.5,8.6,68.1,66.1,29,1,1,1,1,1,0.1,3.0,66.49,High
STU-3095,balanced,7.3,7.0,6.6,90.7,80.6,68,2,0,0,0,0,1.3,1.2,21.48,Low
STU-3096,balanced,6.4,7.6,5.6,88.9,83.0,48,0,1,0,1,0,0.9,1.8,34.69,Moderate
STU-3097,struggling,3.5,3.9,5.3,62.6,52.2,84,0,1,1,0,0,0.1,5.8,70.13,High
STU-3098,overworked,6.2,5.5,8.9,81.2,71.9,7,7,1,1,0,0,0.4,2.2,62.75,High
STU-3099,at_risk,2.6,3.6,0.3,45.7,41.2,45,0,0,0,1,1,0.1,8.1,85.49,Critical
STU-3100,balanced,6.3,6.9,5.1,82.0,75.0,56,6,0,0,0,0,1.4,1.9,31.26,Moderate
STU-3101,struggling,4.4,3.5,2.8,69.2,32.6,25,6,0,0,1,0,0.0,4.8,70.25,High
STU-3102,balanced,8.5,6.8,6.8,82.6,62.7,55,4,0,0,0,0,1.2,1.4,24.99,Low
STU-3103,balanced,7.2,6.0,3.7,81.8,55.6,36,1,1,1,0,0,1.0,1.9,40.76,Moderate
STU-3104,at_risk,3.5,4.7,0.5,43.5,49.9,66,5,1,1,1,0,0.1,3.4,79.64,Critical
STU-3105,overworked,4.2,6.1,10.4,74.9,71.4,26,4,1,0,1,0,0.0,1.6,58.61,High
STU-3106,struggling,4.1,5.6,3.8,77.8,28.0,8,7,1,0,0,0,0.2,7.3,81.1,Critical
STU-3107,overworked,7.5,5.0,8.7,67.7,59.0,63,3,1,1,0,0,0.6,2.6,52.44,Moderate
STU-3108,balanced,7.7,7.1,6.7,89.6,66.5,56,4,0,1,0,0,1.3,0.8,29.99,Low
STU-3109,overworked,6.4,3.7,8.9,78.1,72.3,54,5,1,0,1,0,0.3,1.3,56.12,High
STU-3110,high_achiever,6.5,6.3,6.5,90.3,81.6,1,2,0,1,0,0,0.4,1.2,48.57,Moderate
STU-3111,overworked,7.4,7.0,12.0,66.0,65.9,17,6,1,1,0,0,0.4,2.1,53.08,Moderate
STU-3112,struggling,7.6,3.2,2.4,81.7,44.6,90,4,1,0,1,0,0.4,6.4,64.38,High
STU-3113,balanced,7.4,7.8,4.4,78.0,79.3,43,5,1,0,0,0,0.4,2.6,34.88,Moderate
STU-3114,overworked,5.7,3.4,7.6,74.0,78.1,41,0,0,1,0,0,0.0,2.8,49.15,Moderate
STU-3115,high_achiever,7.6,6.7,7.3,87.4,88.7,86,6,1,0,0,0,0.1,1.2,38.63,Moderate
STU-3116,balanced,6.9,5.5,6.4,72.0,74.5,28,7,0,0,0,1,1.3,1.8,42.96,Moderate
STU-3117,struggling,3.9,5.0,3.4,69.4,68.7,48,1,0,1,1,1,0.3,6.0,68.21,High
STU-3118,struggling,6.0,4.0,5.1,65.0,65.4,32,6,1,0,0,0,0.5,5.2,58.57,High
STU-3119,high_achiever,8.0,6.7,6.8,89.7,95.6,8,5,1,0,0,0,1.2,1.1,37.08,Moderate
STU-3120,struggling,5.6,3.6,1.3,45.1,31.3,77,0,0,1,1,0,0.0,3.0,72.45,High
STU-3121,at_risk,2.5,3.1,0.0,45.9,17.2,14,0,1,0,1,1,0.0,10.0,100.0,Critical
STU-3122,high_achiever,7.6,7.0,6.4,87.0,95.2,71,6,1,1,0,0,0.5,1.2,41.94,Moderate
STU-3123,balanced,6.3,7.5,5.1,87.3,79.7,43,0,0,0,0,0,1.1,2.8,23.61,Low
STU-3124,balanced,8.5,7.9,7.6,83.4,68.7,27,0,1,0,0,0,2.0,1.6,20.0,Low
STU-3125,overworked,5.2,4.0,10.3,71.9,67.1,89,1,0,0,1,0,0.7,2.7,50.71,Moderate
STU-3126,struggling,4.3,4.5,2.9,62.0,57.9,60,4,1,0,1,0,0.3,5.4,65.98,High
STU-3127,high_achiever,7.3,6.0,6.3,97.4,89.4,55,5,0,0,0,0,0.6,1.6,30.91,Moderate
STU-3128,balanced,6.5,5.8,6.7,71.1,74.6,60,3,0,0,0,1,0.8,2.3,39.14,Moderate
STU-3129,struggling,3.8,4.4,4.0,62.2,51.5,79,8,1,0,1,0,0.1,2.4,67.25,High
STU-3130,high_achiever,8.4,6.3,6.2,84.0,74.7,81,5,0,1,0,0,0.7,1.8,32.61,Moderate
STU-3131,high_achiever,8.1,6.1,7.8,89.2,77.6,15,7,0,0,0,0,0.9,2.3,34.43,Moderate
STU-3132,balanced,7.7,6.9,5.9,84.5,74.7,69,6,0,0,0,0,1.4,1.9,25.68,Low
STU-3133,struggling,2.2,3.9,4.7,61.6,55.6,8,6,1,0,1,0,0.2,3.2,83.36,Critical
STU-3134,high_achiever,7.0,5.7,8.4,88.9,80.6,24,2,0,0,0,1,1.6,1.8,35.3,Moderate
STU-3135,high_achiever,8.1,6.3,6.2,93.4,83.1,68,2,0,0,0,0,1.0,1.9,25.6,Low
STU-3136,overworked,4.7,5.5,7.8,82.5,71.5,26,3,0,1,0,0,0.5,2.0,48.4,Moderate
STU-3137,overworked,4.1,6.0,8.0,83.0,75.8,39,4,1,0,1,0,0.4,1.8,52.16,Moderate
STU-3138,balanced,7.5,8.4,4.5,77.6,77.3,68,3,0,1,0,0,1.1,1.7,27.51,Low
STU-3139,at_risk,1.0,2.9,0.0,30.1,60.0,81,0,1,0,0,1,0.2,8.1,92.8,Critical
STU-3140,balanced,8.0,5.6,6.7,75.4,70.7,48,2,0,0,0,0,1.4,2.0,26.1,Low
STU-3141,balanced,5.8,7.1,6.7,77.7,85.5,77,8,0,0,0,0,0.9,1.8,35.85,Moderate
STU-3142,balanced,6.5,7.8,7.9,83.4,70.8,35,3,0,0,0,0,0.9,2.6,29.05,Low
STU-3143,high_achiever,9.0,6.5,8.2,90.8,79.7,9,7,0,0,0,0,1.4,2.2,29.79,Low
STU-3144,high_achiever,7.0,6.5,8.1,85.3,86.4,81,6,1,1,0,1,0.8,1.8,50.97,Moderate
STU-3145,at_risk,3.3,3.3,0.6,49.0,15.0,67,0,1,0,1,0,0.0,6.9,85.21,Critical
STU-3146,balanced,4.6,5.1,7.1,81.4,70.7,84,2,0,0,0,0,1.6,1.6,35.77,Moderate
STU-3147,at_risk,2.5,3.0,2.4,59.6,35.8,5,1,1,1,1,0,0.0,5.5,100.0,Critical
STU-3148,overworked,5.9,3.8,10.4,77.1,71.1,57,0,0,0,0,0,0.6,1.5,43.1,Moderate
STU-3149,balanced,7.5,6.9,4.4,86.8,80.6,8,7,0,0,0,0,1.2,1.2,31.54,Moderate
STU-3150,balanced,7.1,7.6,3.6,77.5,71.8,83,4,1,1,0,0,1.2,1.0,36.91,Moderate
STU-3151,high_achiever,7.6,5.8,6.9,88.3,88.0,2,7,0,1,0,0,0.6,1.4,49.69,Moderate
STU-3152,balanced,6.6,7.2,5.8,78.7,72.8,82,7,0,0,0,0,0.6,2.6,33.12,Moderate
STU-3153,struggling,5.0,2.6,2.6,58.0,28.8,87,1,1,0,1,0,0.6,7.0,82.34,Critical
STU-3154,high_achiever,7.0,6.6,8.6,89.7,81.6,51,6,0,1,0,0,0.3,2.0,40.67,Moderate
STU-3155,balanced,6.5,7.2,5.7,83.3,73.3,15,7,0,0,0,0,1.8,1.7,30.03,Moderate
STU-3156,balanced,7.8,7.3,5.4,89.8,75.9,33,4,0,1,0,0,0.8,1.2,31.19,Moderate
STU-3157,overworked,4.1,4.9,11.1,81.0,62.8,32,5,1,1,0,1,0.8,2.6,70.89,High
STU-3158,at_risk,1.0,3.8,3.3,70.0,20.4,1,4,1,0,0,1,0.3,9.5,100.0,Critical
STU-3159,high_achiever,8.2,6.9,6.6,88.5,89.0,27,6,0,1,0,0,0.8,1.3,33.87,Moderate
STU-3160,struggling,6.6,5.1,3.7,55.8,39.9,46,3,1,0,1,1,0.6,4.6,70.3,High
STU-3161,balanced,6.9,6.5,6.0,81.4,65.4,90,0,0,0,0,0,1.9,1.4,23.85,Low
STU-3162,balanced,8.0,6.0,4.3,79.6,68.1,37,3,0,0,1,0,1.9,1.7,29.73,Low
STU-3163,overworked,6.3,5.3,9.6,90.4,61.7,45,3,1,0,0,1,0.9,1.2,52.9,Moderate
STU-3164,struggling,1.9,4.1,3.6,56.2,49.8,56,5,1,0,1,0,0.0,3.3,76.8,Critical
STU-3165,high_achiever,7.8,6.0,8.6,84.9,82.8,89,4,1,1,0,0,0.8,1.7,44.0,Moderate
STU-3166,high_achiever,7.7,5.2,8.0,89.9,85.7,72,7,0,0,0,0,0.7,0.9,38.2,Moderate
STU-3167,at_risk,1.0,2.4,4.2,57.6,34.1,19,3,1,0,0,1,0.3,7.1,93.44,Critical
STU-3168,at_risk,2.7,4.0,2.8,70.0,35.7,79,8,1,1,1,1,0.1,3.7,89.51,Critical
STU-3169,overworked,8.3,6.0,8.7,78.3,57.0,62,2,0,1,0,0,0.1,2.3,38.09,Moderate
STU-3170,balanced,6.2,7.4,5.4,69.5,58.4,21,6,1,0,0,0,1.0,0.8,37.1,Moderate
STU-3171,struggling,5.7,4.4,3.1,59.7,38.3,72,6,1,0,1,0,0.4,4.6,68.31,High
STU-3172,balanced,6.6,6.0,5.0,80.1,71.5,76,2,0,0,0,0,1.2,1.8,28.89,Low
STU-3173,struggling,5.4,5.2,4.9,51.8,45.9,41,8,0,0,0,1,0.5,5.8,65.71,High
STU-3174,high_achiever,8.3,5.8,7.6,90.9,76.7,57,2,0,1,0,0,0.8,2.5,34.12,Moderate
STU-3175,overworked,9.0,3.6,10.6,55.0,70.0,22,0,0,1,1,0,0.6,2.9,52.93,Moderate
STU-3176,struggling,5.6,3.9,3.3,56.8,38.4,41,3,0,1,0,1,0.8,4.9,71.71,High
STU-3177,struggling,5.6,3.3,5.3,68.0,39.5,16,6,0,0,0,1,0.4,3.3,65.29,High
STU-3178,balanced,8.0,6.9,7.0,69.3,69.0,84,7,1,1,0,0,1.1,3.1,42.07,Moderate
STU-3179,at_risk,1.0,2.1,3.4,39.1,36.1,39,3,1,0,0,1,0.3,5.9,97.81,Critical
STU-3180,at_risk,3.0,3.1,1.8,51.6,48.4,15,0,0,0,1,1,0.0,1.0,71.92,High
STU-3181,balanced,8.1,7.2,5.8,77.5,79.0,69,7,0,0,0,0,1.5,1.8,28.33,Low
STU-3182,balanced,5.6,7.1,4.1,89.0,62.3,49,4,0,0,0,0,0.7,1.4,31.9,Moderate
STU-3183,balanced,6.6,6.5,5.3,80.1,86.9,42,2,0,0,1,0,1.5,1.6,33.76,Moderate
STU-3184,balanced,7.7,6.2,5.8,86.3,69.5,62,6,1,0,0,0,0.8,1.9,36.52,Moderate
STU-3185,overworked,7.7,5.7,8.5,82.3,82.7,79,6,0,1,0,0,0.0,1.4,42.17,Moderate
STU-3186,balanced,7.2,7.0,5.1,79.4,78.1,4,5,0,0,0,0,1.7,1.5,36.59,Moderate
STU-3187,overworked,8.4,6.3,10.4,98.1,67.1,80,0,1,1,0,0,0.2,1.8,40.99,Moderate
STU-3188,overworked,5.7,5.3,9.8,77.9,71.3,61,2,1,1,0,0,0.9,2.7,53.86,Moderate
STU-3189,high_achiever,8.0,5.4,4.8,100.0,81.8,0,4,0,0,0,0,0.8,1.5,40.38,Moderate
STU-3190,balanced,7.9,8.4,7.3,75.5,82.7,28,1,0,0,1,0,1.0,1.7,20.59,Low
STU-3191,struggling,1.5,4.5,2.1,73.1,48.6,6,7,1,0,0,1,0.4,6.9,100.0,Critical
STU-3192,overworked,4.4,5.2,10.0,89.0,78.7,7,3,1,1,0,0,0.4,2.4,67.43,High
STU-3193,overworked,3.3,4.8,9.9,82.6,60.8,88,5,0,0,1,1,0.0,2.0,66.2,High
STU-3194,high_achiever,7.1,7.3,8.9,91.2,80.9,66,7,0,0,0,0,1.2,1.5,29.11,Low
STU-3195,balanced,6.5,7.4,6.6,79.4,74.4,39,4,0,1,0,0,1.5,1.7,30.98,Moderate
STU-3196,high_achiever,7.2,6.0,10.2,90.0,93.2,3,7,1,0,0,0,1.7,1.3,55.38,High
STU-3197,high_achiever,7.9,5.4,5.1,91.2,82.5,8,0,0,0,0,0,1.8,1.3,30.51,Moderate
STU-3198,struggling,3.3,6.8,4.3,68.8,45.9,60,0,1,0,0,0,0.5,7.3,57.82,High
STU-3199,at_risk,2.2,3.3,4.4,60.8,55.4,88,3,1,0,0,1,0.2,6.3,81.05,Critical
STU-3200,at_risk,3.6,3.3,4.1,53.5,15.0,49,3,1,0,1,1,0.3,3.7,89.91,Critical
STU-3201,at_risk,3.4,3.8,2.8,64.5,32.1,0,5,1,0,1,1,0.3,8.5,100.0,Critical
STU-3202,overworked,3.8,5.4,8.1,68.0,73.6,57,4,0,0,0,0,0.4,3.1,46.76,Moderate
STU-3203,overworked,5.3,5.2,8.2,70.8,81.2,14,6,0,1,0,0,0.2,3.1,52.97,Moderate
STU-3204,balanced,5.7,7.4,6.1,85.4,73.9,31,0,0,0,1,1,0.8,2.6,37.73,Moderate
STU-3205,high_achiever,7.1,6.8,6.1,86.3,82.7,31,8,1,1,0,0,0.7,0.9,45.8,Moderate
STU-3206,balanced,7.1,8.0,4.5,68.2,76.2,50,2,1,0,0,0,1.9,2.1,32.88,Moderate
STU-3207,high_achiever,8.1,6.7,4.4,93.1,86.0,69,8,0,1,0,0,0.8,1.3,35.24,Moderate
STU-3208,overworked,5.2,7.0,8.9,79.7,66.0,56,8,0,0,0,1,0.6,2.3,45.58,Moderate
STU-3209,struggling,1.1,4.8,3.0,61.3,37.8,48,4,1,0,0,1,0.7,6.1,83.36,Critical
STU-3210,struggling,5.7,5.2,1.8,84.1,40.9,53,2,0,1,1,1,0.2,5.9,67.43,High
STU-3211,balanced,7.8,6.7,4.8,100.0,74.7,2,8,0,0,0,0,1.1,1.4,38.25,Moderate
STU-3212,at_risk,2.7,3.5,2.6,70.0,30.9,64,8,0,0,0,1,0.1,4.9,77.34,Critical
STU-3213,overworked,4.6,4.5,7.3,79.0,74.3,15,1,0,1,1,0,1.0,2.6,49.57,Moderate
STU-3214,struggling,2.0,3.0,1.6,84.5,55.5,28,1,0,0,0,1,0.1,3.4,62.11,High
STU-3215,balanced,6.6,8.1,5.5,70.4,93.5,12,5,0,0,0,0,0.7,1.4,33.64,Moderate
STU-3216,struggling,4.6,3.9,1.7,50.4,41.1,30,2,1,0,1,0,0.3,5.1,73.07,High
STU-3217,struggling,3.9,3.2,3.9,77.4,50.0,87,2,1,0,1,0,0.2,4.9,69.18,High
STU-3218,balanced,6.3,8.2,6.0,82.2,84.7,61,4,0,0,0,1,0.7,2.1,33.04,Moderate
STU-3219,overworked,4.1,5.5,9.9,76.2,78.6,68,2,1,1,0,0,0.2,2.4,57.49,High
STU-3220,at_risk,1.9,4.0,1.7,25.9,16.4,9,5,0,1,0,1,0.3,3.8,100.0,Critical
STU-3221,high_achiever,7.8,6.2,9.3,91.9,89.5,52,2,0,1,0,0,1.1,1.3,34.52,Moderate
STU-3222,at_risk,4.0,4.6,4.9,51.3,27.5,0,5,1,0,0,1,0.0,3.8,100.0,Critical
STU-3223,balanced,6.6,4.6,8.5,77.4,70.4,2,2,1,0,1,0,1.9,1.1,60.09,High
STU-3224,overworked,4.6,3.7,12.1,87.2,79.2,66,6,0,0,1,0,0.5,2.7,58.17,High
STU-3225,balanced,7.3,6.3,3.8,85.3,84.3,30,6,0,1,0,0,1.0,1.7,34.4,Moderate
STU-3226,high_achiever,7.8,7.0,7.9,93.7,81.3,82,6,1,1,0,0,0.7,1.8,42.96,Moderate
STU-3227,overworked,5.2,4.6,11.3,74.4,77.5,75,0,1,1,1,0,0.4,1.4,63.81,High
STU-3228,struggling,4.2,3.6,1.4,46.5,47.5,18,5,0,1,0,0,0.9,3.9,70.44,High
STU-3229,balanced,7.1,6.1,4.9,71.8,68.2,58,5,0,0,0,0,0.8,0.7,34.31,Moderate
STU-3230,struggling,4.3,3.7,3.8,52.0,25.0,23,6,0,0,0,0,1.0,5.1,67.57,High
STU-3231,balanced,5.3,5.8,7.5,94.0,81.0,59,5,0,0,1,0,0.8,2.7,43.82,Moderate
STU-3232,at_risk,3.2,3.9,0.0,30.0,31.9,34,2,0,0,1,1,0.2,3.4,81.85,Critical
STU-3233,balanced,7.0,7.6,6.3,73.9,86.6,42,3,1,0,0,0,0.7,2.5,31.98,Moderate
STU-3234,struggling,4.2,4.8,3.8,70.1,56.7,76,6,1,1,0,0,0.5,5.5,65.01,High
STU-3235,overworked,5.9,4.4,7.8,75.1,71.8,42,6,1,1,0,0,0.5,3.0,59.26,High
STU-3236,at_risk,2.8,4.0,2.1,59.5,43.8,15,7,1,1,0,1,0.1,10.0,95.25,Critical
STU-3237,struggling,6.2,2.9,4.7,79.2,29.1,52,1,1,0,1,1,0.3,5.9,75.69,Critical
STU-3238,high_achiever,8.1,6.6,5.7,100.0,82.0,37,7,0,1,0,0,1.2,1.1,30.15,Moderate
STU-3239,at_risk,1.6,2.1,3.6,38.9,31.8,25,5,1,0,0,1,0.0,6.4,99.59,Critical
STU-3240,high_achiever,8.6,6.7,6.3,95.3,85.0,25,0,1,0,1,0,1.0,0.7,31.56,Moderate
STU-3241,balanced,7.5,8.1,4.6,100.0,79.5,12,5,1,0,0,0,0.6,1.3,38.08,Moderate
STU-3242,overworked,7.4,5.0,9.7,66.4,83.2,32,4,1,1,1,1,0.1,2.9,69.25,High
STU-3243,balanced,7.2,7.8,7.7,84.1,73.6,90,6,1,0,0,0,1.2,1.4,31.96,Moderate
STU-3244,at_risk,2.9,3.3,2.5,25.7,36.9,88,7,0,0,1,0,0.3,4.0,83.39,Critical
STU-3245,struggling,1.2,2.9,4.7,58.3,73.9,82,8,1,0,0,0,0.4,5.6,76.5,Critical
STU-3246,struggling,3.4,3.6,1.9,70.0,62.4,51,3,1,0,0,1,0.4,3.6,66.42,High
STU-3247,overworked,2.6,6.3,7.6,66.8,71.2,77,7,1,1,1,0,0.5,2.1,63.64,High
STU-3248,overworked,7.2,3.3,7.3,76.9,57.4,87,7,0,1,0,1,0.8,1.3,58.7,High
STU-3249,balanced,8.2,8.0,7.8,82.6,66.9,60,1,1,0,0,0,1.2,1.5,24.51,Low
STU-3250,struggling,4.2,4.1,2.4,59.1,58.6,20,0,1,1,0,0,0.6,2.4,60.26,High
STU-3251,struggling,3.8,3.1,3.3,63.8,58.2,88,7,1,1,1,0,0.3,3.5,80.39,Critical
STU-3252,balanced,8.0,7.4,6.7,84.0,85.3,33,0,0,0,0,0,1.2,1.8,19.55,Low
STU-3253,balanced,8.8,8.2,6.2,86.1,80.6,50,7,0,1,0,0,1.6,2.6,26.14,Low
STU-3254,overworked,7.5,5.3,10.5,91.8,77.5,30,2,0,0,1,0,0.7,1.9,42.1,Moderate
STU-3255,balanced,7.9,7.1,6.8,100.0,65.6,87,2,0,0,1,0,0.9,3.4,30.53,Moderate
STU-3256,balanced,7.4,6.9,7.0,100.0,69.7,24,3,1,0,1,0,1.2,1.6,37.38,Moderate
STU-3257,high_achiever,8.8,7.6,7.9,100.0,81.6,63,1,1,1,0,0,0.7,2.1,33.48,Moderate
STU-3258,struggling,1.9,4.1,3.9,54.2,39.8,42,5,1,0,1,0,0.2,3.2,79.05,Critical
STU-3259,at_risk,1.0,3.6,2.8,46.6,51.1,7,7,1,0,1,0,0.0,4.8,99.53,Critical
STU-3260,overworked,6.6,5.2,12.7,69.9,56.1,28,1,0,0,1,0,0.9,1.1,48.97,Moderate
STU-3261,balanced,6.2,5.3,5.1,89.2,65.2,86,2,0,0,0,0,1.4,2.3,29.56,Low
STU-3262,balanced,7.0,8.3,6.3,79.9,78.3,16,7,0,0,0,0,0.9,2.5,28.32,Low
STU-3263,overworked,5.7,5.2,8.0,64.5,66.2,64,0,1,1,1,0,0.4,3.1,59.52,High
STU-3264,at_risk,2.7,4.7,0.6,64.2,28.5,56,0,1,0,1,0,0.3,6.2,71.77,High
STU-3265,balanced,7.9,7.6,5.0,79.0,73.7,40,2,0,0,0,0,0.4,0.4,24.31,Low
STU-3266,struggling,2.8,6.7,5.6,80.8,44.2,4,7,0,1,1,0,0.0,3.2,79.7,Critical
STU-3267,high_achiever,5.9,6.2,6.8,84.5,78.8,86,6,1,1,0,0,0.9,1.6,45.99,Moderate
STU-3268,overworked,5.9,5.1,9.6,71.5,56.7,47,0,0,1,0,0,0.9,2.7,47.91,Moderate
STU-3269,high_achiever,7.7,6.4,7.6,81.8,78.3,51,3,0,1,0,0,0.7,1.2,32.61,Moderate
STU-3270,high_achiever,8.1,6.6,8.7,100.0,77.4,51,4,0,1,0,0,1.1,1.5,33.91,Moderate
STU-3271,at_risk,1.4,2.6,2.4,33.8,39.9,62,3,0,0,1,1,0.1,6.5,93.16,Critical
STU-3272,balanced,7.4,6.3,5.7,92.7,77.1,62,8,0,0,0,0,1.3,2.3,29.24,Low
STU-3273,high_achiever,9.2,5.8,8.1,94.7,79.6,90,8,0,0,1,0,1.4,1.6,36.68,Moderate
STU-3274,overworked,5.8,4.9,8.7,60.6,66.8,36,3,0,0,0,0,0.3,2.4,43.3,Moderate
STU-3275,balanced,7.0,7.5,6.3,67.1,80.7,28,4,0,0,0,0,1.1,1.7,23.98,Low
STU-3276,at_risk,4.0,3.7,0.0,53.6,42.1,68,1,1,1,0,1,0.3,5.6,82.36,Critical
STU-3277,struggling,3.0,5.2,2.3,51.3,51.2,29,4,0,0,1,0,0.0,7.2,72.79,High
STU-3278,balanced,6.7,5.9,5.9,78.1,84.4,20,2,0,1,0,0,0.9,2.1,35.98,Moderate
STU-3279,at_risk,1.8,3.7,3.3,49.3,39.2,63,4,0,0,0,1,0.0,8.5,87.14,Critical
STU-3280,balanced,6.8,6.9,7.2,72.9,79.8,64,7,0,0,0,0,1.0,2.9,33.04,Moderate
STU-3281,balanced,8.5,6.4,4.0,80.1,77.1,26,7,0,0,1,0,1.0,2.3,32.5,Moderate
STU-3282,struggling,1.0,5.2,2.2,57.7,70.6,37,1,1,0,1,0,0.8,3.9,66.59,High
STU-3283,overworked,4.7,4.7,8.6,60.8,71.0,32,5,1,0,0,1,0.5,1.7,64.22,High
STU-3284,overworked,4.8,4.4,10.3,62.6,79.1,34,6,1,0,0,0,0.3,3.0,64.02,High
STU-3285,balanced,7.8,6.4,4.0,70.5,83.8,72,6,0,0,0,0,1.1,1.4,29.33,Low
STU-3286,balanced,8.3,7.6,6.0,87.1,76.4,56,2,0,0,1,0,1.3,1.9,23.39,Low
STU-3287,balanced,8.0,7.3,4.4,86.2,77.0,18,6,0,1,0,0,1.4,1.7,31.23,Moderate
STU-3288,balanced,7.1,7.6,5.0,78.9,79.8,40,7,0,1,0,0,1.1,3.1,36.02,Moderate
STU-3289,struggling,4.0,5.5,2.8,73.1,62.7,51,5,1,1,1,0,0.7,4.1,61.64,High
STU-3290,overworked,4.6,4.7,12.0,100.0,73.4,22,4,0,0,0,0,0.4,1.9,50.72,Moderate
STU-3291,overworked,8.8,6.8,11.2,89.2,78.3,66,6,1,1,0,0,0.4,1.6,46.0,Moderate
STU-3292,high_achiever,8.1,5.5,6.8,86.9,91.1,48,5,0,1,1,0,0.8,1.6,39.87,Moderate
STU-3293,overworked,7.9,3.3,10.2,65.2,64.9,8,8,1,1,1,0,0.5,2.4,78.16,Critical
STU-3294,struggling,4.2,3.7,3.3,62.4,54.3,25,3,1,1,1,0,0.3,5.9,76.6,Critical
STU-3295,struggling,4.3,4.0,1.9,63.8,66.5,40,7,0,0,1,0,0.4,3.6,59.37,High
STU-3296,at_risk,2.2,4.2,1.4,53.3,31.8,5,4,0,0,0,1,0.0,3.1,97.08,Critical
STU-3297,high_achiever,8.1,6.8,7.3,87.2,90.8,22,0,1,0,0,0,1.4,1.0,28.26,Low
STU-3298,high_achiever,8.5,6.2,6.6,93.7,75.9,3,4,1,1,0,0,0.6,0.9,49.38,Moderate
STU-3299,high_achiever,8.7,5.1,7.4,95.1,83.2,81,1,1,0,1,0,0.7,1.5,38.96,Moderate
STU-3300,high_achiever,8.6,5.0,5.9,93.8,85.3,73,7,0,1,0,0,1.3,1.5,36.84,Moderate
STU-3301,balanced,6.9,8.9,7.3,86.0,75.6,46,6,1,0,0,0,1.4,2.3,30.38,Moderate
STU-3302,struggling,2.9,6.6,3.9,85.0,54.2,45,6,1,1,0,0,0.2,6.9,67.35,High
STU-3303,high_achiever,7.9,5.7,7.8,88.5,82.3,41,7,0,0,0,1,0.8,1.6,37.55,Moderate
STU-3304,struggling,3.7,5.7,1.6,64.1,44.4,74,8,0,0,0,0,0.2,7.3,60.89,High
STU-3305,balanced,8.0,6.6,4.9,73.1,81.0,34,2,0,0,0,0,1.1,1.6,24.22,Low
STU-3306,struggling,3.7,2.1,2.8,72.7,33.9,67,2,0,1,1,1,0.0,4.2,80.12,Critical
STU-3307,overworked,5.5,3.9,8.9,77.5,76.5,39,2,1,0,1,1,0.8,2.0,63.19,High
STU-3308,balanced,7.0,7.7,7.8,83.1,64.0,68,6,1,0,0,0,1.2,1.4,33.84,Moderate
STU-3309,overworked,8.5,3.8,10.0,69.2,66.9,65,6,0,0,1,0,0.6,2.5,47.54,Moderate
STU-3310,high_achiever,7.3,6.7,9.0,86.5,96.5,64,8,0,0,0,0,1.5,2.1,32.89,Moderate
STU-3311,high_achiever,8.7,5.8,6.2,94.8,86.8,50,8,1,0,0,0,0.9,0.1,36.49,Moderate
STU-3312,high_achiever,6.9,6.8,6.8,87.9,100.0,28,2,1,0,0,0,1.4,1.9,34.95,Moderate
STU-3313,at_risk,3.3,2.7,0.7,62.5,15.0,79,4,1,0,1,1,0.1,1.9,86.91,Critical
STU-3314,balanced,8.1,7.2,6.6,97.7,73.9,56,3,0,0,0,0,2.3,1.9,20.05,Low
STU-3315,struggling,3.1,6.4,5.1,79.7,52.7,82,1,1,1,0,0,0.0,5.5,58.55,High
STU-3316,overworked,5.0,5.2,13.1,81.2,71.4,59,8,0,1,0,0,0.4,1.1,58.33,High
STU-3317,struggling,4.2,3.3,1.7,56.2,52.8,43,4,1,1,1,1,0.2,3.2,83.52,Critical
STU-3318,overworked,6.3,5.1,8.7,83.9,68.1,30,2,0,0,0,0,0.0,3.0,40.53,Moderate
STU-3319,overworked,5.3,3.4,8.4,98.2,54.9,74,0,1,0,1,0,0.3,2.2,57.81,High
STU-3320,at_risk,1.0,3.7,0.0,49.5,30.2,4,6,0,0,1,1,0.0,7.9,100.0,Critical
STU-3321,overworked,6.2,5.5,11.4,65.9,79.2,7,8,1,0,0,0,0.4,1.9,61.89,High
STU-3322,overworked,6.4,4.1,10.3,97.3,79.8,80,7,1,1,0,0,0.8,1.6,59.98,High
STU-3323,overworked,3.8,4.8,12.1,71.9,81.1,69,8,1,1,0,0,0.7,3.1,68.12,High
STU-3324,struggling,4.8,4.3,5.1,42.1,56.4,45,1,1,0,1,0,0.4,1.8,62.35,High
STU-3325,overworked,2.8,4.3,10.3,80.0,71.7,77,6,0,1,0,0,0.1,3.1,63.65,High
STU-3326,balanced,7.2,7.8,4.3,83.8,78.4,52,3,0,0,0,0,1.0,2.2,24.07,Low
STU-3327,struggling,3.8,4.3,4.3,71.5,52.8,19,3,0,0,0,1,0.6,5.8,58.19,High
STU-3328,struggling,1.9,5.9,3.1,64.0,65.7,77,0,0,1,0,0,0.3,4.9,54.73,Moderate
STU-3329,struggling,4.6,5.2,2.6,50.9,75.0,19,8,1,1,0,0,0.3,3.8,68.97,High
STU-3330,struggling,3.9,3.2,4.2,51.8,70.9,17,0,1,0,0,0,0.4,4.4,63.19,High
STU-3331,struggling,5.4,4.7,6.7,75.6,57.9,76,0,1,0,1,0,0.0,4.6,56.24,High
STU-3332,at_risk,1.7,4.8,0.5,38.4,31.3,75,8,1,0,1,1,0.2,4.6,92.44,Critical
STU-3333,balanced,8.3,6.6,4.2,76.0,88.7,65,6,0,0,0,0,0.9,1.7,26.09,Low
STU-3334,struggling,2.2,3.6,1.5,73.5,53.2,5,6,0,0,1,0,1.0,3.7,80.17,Critical
STU-3335,overworked,7.8,6.1,10.1,66.9,87.4,28,3,1,0,0,0,0.4,1.9,44.6,Moderate
STU-3336,overworked,5.5,3.8,9.6,70.2,45.0,12,2,0,1,0,0,0.1,1.8,64.84,High
STU-3337,high_achiever,8.3,6.0,7.6,84.8,90.5,80,0,0,0,0,0,0.5,0.2,27.69,Low
STU-3338,struggling,2.7,6.6,4.3,71.5,64.5,82,1,0,0,0,1,0.3,5.0,53.08,Moderate
STU-3339,struggling,4.2,3.6,4.4,36.6,67.8,90,4,0,0,0,0,0.7,6.6,67.15,High
STU-3340,overworked,5.4,4.9,7.7,95.5,65.1,9,4,1,0,0,1,0.5,2.4,60.5,High
STU-3341,balanced,5.5,7.0,5.0,81.3,83.5,19,3,0,0,0,0,1.3,2.3,30.05,Moderate
STU-3342,at_risk,2.2,2.5,2.4,49.3,49.0,56,1,0,0,1,1,0.1,5.6,82.26,Critical
STU-3343,overworked,4.1,6.4,11.2,65.9,78.0,4,7,0,0,0,0,0.0,3.0,67.01,High
STU-3344,at_risk,2.9,1.6,0.2,55.0,29.6,29,4,1,0,1,0,0.0,9.0,99.82,Critical
STU-3345,high_achiever,8.5,5.7,9.1,83.2,83.2,60,4,0,1,0,0,1.0,2.4,38.15,Moderate
STU-3346,balanced,6.7,6.2,6.7,77.7,76.7,54,4,0,0,0,0,0.7,2.1,31.96,Moderate
STU-3347,high_achiever,6.8,7.2,7.7,94.7,82.7,27,7,1,1,0,0,1.1,1.4,42.88,Moderate
STU-3348,struggling,4.3,6.0,5.1,47.8,63.8,57,2,1,1,0,0,0.7,4.6,62.96,High
STU-3349,struggling,4.7,3.5,2.9,71.0,46.1,50,8,0,1,1,1,0.6,6.8,81.8,Critical
STU-3350,high_achiever,9.4,6.4,7.2,92.6,84.6,71,5,1,1,0,0,1.2,0.5,36.57,Moderate
STU-3351,at_risk,1.1,2.5,3.1,45.0,46.4,22,4,1,0,0,1,0.1,8.4,96.99,Critical
STU-3352,balanced,5.2,7.2,2.9,70.4,67.9,32,8,0,0,1,0,0.8,1.5,39.19,Moderate
STU-3353,balanced,5.8,8.2,4.7,64.2,72.1,38,4,0,0,0,0,0.8,1.3,30.99,Moderate
STU-3354,high_achiever,7.4,5.7,7.5,96.7,88.2,44,5,0,0,0,0,0.0,0.8,34.65,Moderate
STU-3355,struggling,3.6,4.1,2.0,45.1,75.0,78,1,0,0,1,0,0.3,5.8,64.14,High
STU-3356,overworked,5.6,4.9,7.8,62.9,73.9,9,8,1,1,0,0,0.5,3.0,72.22,High
STU-3357,struggling,2.8,5.9,4.6,70.3,75.0,12,3,1,0,0,0,0.9,5.8,64.91,High
STU-3358,high_achiever,8.7,6.1,6.3,94.4,79.9,7,4,1,1,0,0,1.2,1.5,42.28,Moderate
STU-3359,high_achiever,7.8,7.4,7.1,91.4,87.0,16,2,1,1,0,1,1.2,1.2,41.3,Moderate
STU-3360,struggling,2.4,3.5,2.5,67.6,53.9,3,2,1,0,1,1,0.3,5.8,100.0,Critical
STU-3361,overworked,5.1,4.0,8.3,63.3,71.4,82,6,0,1,0,1,0.1,1.8,63.49,High
STU-3362,high_achiever,8.6,7.2,6.9,97.3,72.9,58,1,1,0,0,0,1.8,1.7,24.48,Low
STU-3363,struggling,2.7,4.0,4.4,69.6,60.0,17,5,1,0,1,1,0.1,3.4,74.72,High
STU-3364,high_achiever,8.4,6.5,8.8,91.2,85.0,17,2,0,1,0,0,1.3,2.0,28.96,Low
STU-3365,balanced,6.1,6.7,9.3,79.9,74.0,9,3,0,0,0,0,1.4,2.4,36.87,Moderate
STU-3366,high_achiever,8.7,5.7,6.1,96.8,85.1,79,0,0,0,0,0,0.5,0.7,23.49,Low
STU-3367,balanced,7.2,7.4,5.1,85.1,71.5,35,6,0,0,0,0,1.7,3.3,26.69,Low
STU-3368,balanced,7.7,7.3,5.7,87.2,78.8,44,1,1,0,0,0,1.0,2.6,29.76,Low
STU-3369,overworked,4.9,7.0,9.3,80.5,71.8,48,0,0,0,0,0,0.4,2.6,33.59,Moderate
STU-3370,balanced,7.8,5.6,3.9,96.6,65.0,72,5,0,0,1,0,0.4,1.1,39.13,Moderate
STU-3371,high_achiever,6.4,5.8,5.3,89.6,82.4,20,2,0,0,0,0,0.8,2.3,29.74,Low
STU-3372,overworked,5.3,5.3,8.0,82.9,66.0,77,0,1,0,1,1,0.5,2.1,50.84,Moderate
STU-3373,balanced,8.5,8.7,5.3,74.8,87.0,0,2,0,0,0,0,2.0,1.7,16.79,Low
STU-3374,high_achiever,7.7,5.3,6.7,99.6,84.0,34,4,1,1,0,0,0.6,1.6,43.61,Moderate
STU-3375,at_risk,2.4,2.2,0.4,59.1,39.4,68,3,1,0,1,1,0.0,6.4,91.89,Critical
STU-3376,struggling,2.8,5.9,4.7,61.7,53.7,46,4,1,0,0,1,0.3,5.5,68.38,High
STU-3377,overworked,6.8,5.4,9.1,73.1,78.4,25,2,0,1,0,0,0.4,1.6,41.91,Moderate
STU-3378,overworked,6.7,3.4,9.0,88.7,68.3,59,5,1,0,0,0,0.5,3.1,54.94,Moderate
STU-3379,balanced,6.8,6.9,6.6,89.5,74.3,36,3,1,0,0,0,1.2,2.0,35.4,Moderate
STU-3380,overworked,7.1,5.7,7.9,75.3,67.8,67,5,0,1,0,1,0.8,2.0,47.92,Moderate
STU-3381,struggling,3.1,3.9,4.2,80.8,49.5,10,4,1,0,0,0,0.0,2.5,70.69,High
STU-3382,balanced,5.7,6.3,5.5,62.4,72.0,61,8,1,1,1,0,0.7,0.9,56.73,High
STU-3383,overworked,3.9,5.5,11.3,74.4,64.0,9,8,0,0,1,0,0.3,1.3,63.22,High
STU-3384,overworked,3.0,3.7,11.9,71.1,45.0,38,2,1,0,0,0,0.2,0.9,68.64,High
STU-3385,overworked,5.4,5.1,9.4,74.3,55.4,0,2,1,1,0,0,0.4,3.0,78.33,Critical
STU-3386,at_risk,2.3,3.4,2.8,70.0,32.2,9,5,0,0,1,0,0.2,4.6,83.64,Critical
STU-3387,at_risk,3.5,2.2,1.2,62.3,45.4,23,3,1,0,1,1,0.3,7.9,88.99,Critical
STU-3388,balanced,9.4,7.1,2.0,79.7,71.2,42,0,0,0,0,0,1.5,1.5,17.0,Low
STU-3389,struggling,4.8,3.3,3.3,52.7,54.2,37,2,0,1,1,1,0.1,4.9,76.32,Critical
STU-3390,balanced,7.0,8.6,5.1,66.5,83.1,75,2,0,1,0,0,1.6,0.6,25.36,Low
STU-3391,balanced,7.6,7.4,5.5,82.1,67.5,66,2,0,0,0,0,0.2,3.0,24.8,Low
STU-3392,balanced,7.4,6.9,6.6,82.9,76.2,75,2,0,0,1,0,0.1,1.3,32.69,Moderate
STU-3393,balanced,7.9,6.2,3.6,83.0,51.7,84,0,1,0,1,1,0.7,2.9,49.35,Moderate
STU-3394,at_risk,3.0,3.8,0.0,36.9,34.5,73,1,1,0,1,1,0.0,5.5,92.71,Critical
STU-3395,balanced,6.7,6.7,6.4,70.6,68.3,14,3,0,0,0,0,0.9,1.8,28.75,Low
STU-3396,balanced,6.9,6.5,4.2,86.9,72.3,36,5,0,0,0,0,1.4,1.1,27.39,Low
STU-3397,balanced,7.0,6.9,6.4,78.6,81.0,78,7,0,0,0,0,1.3,1.7,27.45,Low
STU-3398,overworked,6.6,4.1,9.5,77.5,67.9,34,2,1,1,0,0,0.3,1.5,51.75,Moderate
STU-3399,high_achiever,8.9,6.2,6.8,90.3,91.6,58,7,0,0,0,0,1.8,1.5,24.89,Low
STU-3400,struggling,2.3,2.8,0.8,52.4,26.9,80,5,0,1,0,0,0.6,5.4,82.23,Critical
STU-3401,balanced,8.3,6.1,4.5,66.5,81.2,42,2,0,0,0,0,0.9,1.8,28.94,Low
STU-3402,at_risk,3.9,3.5,2.6,34.4,58.2,8,4,0,0,0,1,0.1,6.4,87.92,Critical
STU-3403,overworked,7.3,5.2,10.6,81.5,67.8,81,8,0,0,0,0,0.7,2.5,41.31,Moderate
STU-3404,balanced,6.2,7.1,6.6,95.1,60.8,47,3,0,0,1,0,1.2,2.1,33.08,Moderate
STU-3405,balanced,8.2,7.5,4.3,73.9,77.5,34,6,0,0,0,0,1.6,1.9,20.13,Low
STU-3406,overworked,3.9,5.7,9.0,79.2,80.7,88,6,1,1,1,0,0.0,1.9,63.08,High
STU-3407,balanced,7.6,7.6,3.7,82.0,82.0,31,2,0,0,0,0,0.5,1.8,21.48,Low
STU-3408,overworked,4.5,2.5,11.6,74.4,61.9,75,2,0,0,0,0,0.5,1.4,53.24,Moderate
STU-3409,overworked,7.8,6.8,8.6,88.7,73.6,89,6,1,1,0,0,0.0,1.5,48.09,Moderate
STU-3410,at_risk,1.1,5.8,1.1,70.0,34.3,84,4,0,0,1,1,0.3,9.0,82.62,Critical
STU-3411,overworked,4.6,4.1,9.4,65.0,72.4,52,1,1,0,1,0,0.2,3.1,60.91,High
STU-3412,overworked,2.9,6.4,9.8,78.3,80.9,78,8,0,1,0,0,0.7,1.6,53.15,Moderate
STU-3413,high_achiever,6.9,5.5,7.7,93.0,89.6,64,1,1,1,0,0,1.5,1.8,43.06,Moderate
STU-3414,balanced,5.1,6.8,6.7,72.7,75.7,3,3,0,0,0,0,1.4,2.1,40.89,Moderate
STU-3415,balanced,7.8,7.1,3.7,86.1,77.3,21,0,0,0,0,0,0.6,2.6,23.86,Low
STU-3416,at_risk,1.1,2.7,1.2,39.5,41.5,2,8,1,0,0,0,0.0,8.5,100.0,Critical
STU-3417,at_risk,3.1,3.5,3.4,43.9,29.3,15,4,1,0,1,1,0.3,6.8,93.54,Critical
STU-3418,overworked,4.9,4.3,12.5,78.0,71.6,23,5,1,0,0,0,0.6,1.2,59.92,High
STU-3419,struggling,3.1,6.7,3.0,74.5,25.0,49,4,0,0,0,0,0.0,4.4,51.97,Moderate
STU-3420,overworked,6.4,5.3,8.0,77.8,78.1,17,4,1,0,1,1,0.0,1.2,55.76,High
STU-3421,balanced,7.2,7.0,6.6,85.8,80.6,85,1,0,0,0,0,0.6,1.9,24.35,Low
STU-3422,balanced,8.7,7.1,4.7,88.8,79.5,11,6,0,0,0,0,0.9,1.6,27.6,Low
STU-3423,overworked,7.3,5.2,10.6,73.1,73.3,42,3,0,1,0,0,0.8,1.9,43.61,Moderate
STU-3424,struggling,2.0,3.6,3.0,49.3,67.9,73,0,1,0,1,1,0.0,6.0,82.82,Critical
STU-3425,balanced,7.2,8.2,2.8,80.4,66.4,4,1,0,0,0,0,0.4,1.1,28.0,Low
STU-3426,balanced,6.5,7.7,5.2,79.4,72.4,53,7,1,0,0,0,1.2,1.5,33.81,Moderate
STU-3427,struggling,5.5,3.8,2.9,67.2,55.8,5,8,1,0,0,1,0.0,5.9,95.4,Critical
STU-3428,high_achiever,7.9,6.2,6.5,90.0,77.6,63,3,1,0,0,0,1.0,1.8,34.52,Moderate
STU-3429,balanced,6.8,7.9,7.8,79.5,80.5,36,1,0,0,1,0,0.3,1.0,29.81,Low
STU-3430,high_achiever,7.0,7.9,7.7,95.8,84.8,4,2,1,1,0,0,0.6,1.1,48.97,Moderate
STU-3431,struggling,3.0,5.3,4.6,62.1,30.1,69,0,0,0,1,1,0.8,4.5,71.26,High
STU-3432,high_achiever,8.3,6.4,7.5,80.9,91.2,15,3,1,0,1,0,2.0,0.4,33.51,Moderate
STU-3433,overworked,5.3,5.9,12.7,81.8,91.4,19,0,0,0,0,0,0.5,2.6,42.63,Moderate
STU-3434,balanced,8.4,6.7,6.5,72.2,72.7,85,1,1,0,0,0,0.9,1.9,29.22,Low
STU-3435,overworked,7.2,4.1,6.9,64.4,79.9,7,1,0,1,1,0,0.1,2.5,57.22,High
STU-3436,overworked,6.7,4.8,13.6,97.0,66.8,14,3,1,0,0,0,0.3,4.7,56.18,High
STU-3437,at_risk,2.4,3.5,2.0,21.9,44.0,2,2,0,1,1,0,0.0,9.1,100.0,Critical
STU-3438,overworked,5.6,2.8,6.3,69.6,63.0,71,1,1,0,1,0,0.8,2.2,57.5,High
STU-3439,overworked,4.9,5.6,8.4,70.1,51.8,40,2,1,0,0,0,0.5,2.4,51.99,Moderate
STU-3440,at_risk,2.7,5.5,2.3,62.9,34.1,55,7,0,1,0,1,0.0,7.6,81.85,Critical
STU-3441,high_achiever,8.5,6.7,6.0,96.4,79.8,9,3,1,1,0,0,1.3,2.0,40.15,Moderate
STU-3442,struggling,5.7,5.0,4.8,52.0,54.6,14,6,0,1,0,1,0.0,7.4,69.95,High
STU-3443,balanced,6.8,6.3,6.3,97.4,80.2,44,4,0,0,0,0,2.4,1.0,23.52,Low
STU-3444,at_risk,1.6,3.6,0.5,36.7,45.4,6,6,1,0,0,1,0.0,3.9,100.0,Critical
STU-3445,struggling,3.5,5.7,2.1,53.4,59.0,32,5,1,0,1,0,0.5,6.9,70.99,High
STU-3446,overworked,5.7,5.6,9.1,75.3,52.3,9,0,0,1,0,0,0.7,2.4,52.99,Moderate
STU-3447,balanced,4.4,7.0,4.5,94.0,79.9,59,8,0,0,0,0,1.3,1.5,36.82,Moderate
STU-3448,struggling,2.6,4.4,2.6,85.0,69.6,49,4,0,0,0,1,0.6,2.6,56.17,High
STU-3449,struggling,4.3,6.0,4.0,61.9,54.8,13,5,0,0,0,1,0.0,3.6,65.87,High
STU-3450,overworked,7.2,4.4,9.4,62.0,84.6,64,4,1,0,0,0,0.7,2.7,51.76,Moderate
STU-3451,at_risk,4.1,2.7,0.6,63.9,49.9,19,6,0,1,1,1,0.0,5.1,85.07,Critical
STU-3452,overworked,6.1,5.8,7.8,84.6,55.8,1,7,0,1,0,0,0.0,2.8,66.48,High
STU-3453,balanced,6.9,6.6,7.6,80.4,74.5,14,3,1,0,0,0,1.9,1.6,31.7,Moderate
STU-3454,balanced,8.0,6.4,5.3,71.4,76.5,23,4,0,0,0,0,1.2,2.4,28.49,Low
STU-3455,balanced,7.8,7.3,5.4,86.9,66.1,0,6,0,0,0,0,0.3,2.5,38.55,Moderate
STU-3456,overworked,5.3,6.1,8.4,70.9,61.6,12,7,0,0,0,0,0.6,0.9,47.39,Moderate
STU-3457,balanced,7.5,6.0,4.7,64.3,79.8,14,1,1,0,0,0,0.9,1.1,34.5,Moderate
STU-3458,overworked,4.9,3.4,12.4,55.0,65.5,23,2,0,1,1,0,0.4,1.6,68.47,High
STU-3459,struggling,2.8,6.3,1.8,33.8,36.4,67,3,1,0,1,0,0.4,4.6,77.18,Critical
STU-3460,overworked,6.3,4.4,8.8,74.1,88.8,4,8,0,1,1,0,0.6,3.7,77.21,Critical
STU-3461,overworked,5.4,4.0,9.8,77.4,69.1,90,1,0,1,0,0,0.3,0.6,51.88,Moderate
STU-3462,at_risk,2.4,2.1,2.7,35.2,44.7,24,5,1,1,0,1,0.3,8.2,100.0,Critical
STU-3463,at_risk,2.1,2.9,0.9,47.7,35.5,75,2,0,0,1,1,0.0,3.9,83.37,Critical
STU-3464,at_risk,2.1,2.4,3.2,70.0,49.6,85,5,1,0,1,1,0.0,6.1,90.99,Critical
STU-3465,at_risk,1.3,4.3,0.0,70.0,32.8,3,2,1,1,0,1,0.5,9.7,100.0,Critical
STU-3466,at_risk,1.8,3.7,1.7,42.0,18.1,36,5,1,1,0,1,0.0,4.0,99.9,Critical
STU-3467,balanced,8.2,7.6,5.9,75.2,76.6,65,1,1,0,0,0,1.5,1.4,24.9,Low
STU-3468,at_risk,2.4,5.2,3.3,57.1,17.4,80,2,1,0,1,1,0.1,5.9,87.16,Critical
STU-3469,struggling,1.7,3.2,3.4,75.4,44.9,28,0,1,0,0,0,0.2,7.5,72.68,High
STU-3470,overworked,5.3,4.9,7.5,83.7,63.5,3,3,0,1,0,0,0.4,2.6,63.86,High
STU-3471,overworked,3.5,5.9,10.8,71.6,76.0,84,7,0,1,1,0,0.9,1.6,59.78,High
STU-3472,overworked,6.1,5.5,10.7,79.7,75.1,1,5,0,1,0,0,0.1,2.3,63.47,High
STU-3473,high_achiever,6.8,6.1,7.3,93.2,77.4,75,4,0,0,0,0,0.6,1.8,32.42,Moderate
STU-3474,struggling,5.3,6.1,4.3,57.0,53.4,0,6,1,0,1,0,0.8,8.9,89.72,Critical
STU-3475,struggling,4.8,5.4,3.5,76.0,64.1,19,8,1,0,0,1,0.4,4.3,58.56,High
STU-3476,struggling,5.1,4.8,2.4,48.4,59.9,42,6,1,1,1,1,0.0,5.2,83.93,Critical
STU-3477,overworked,6.3,4.6,7.6,83.9,82.0,10,6,1,0,0,0,0.2,2.6,59.1,High
STU-3478,overworked,6.0,4.6,11.1,70.6,57.0,8,4,1,1,1,0,0.6,1.9,74.24,High
STU-3479,struggling,3.1,3.9,5.6,81.9,73.5,35,3,1,1,1,1,0.6,5.5,74.89,High
STU-3480,overworked,5.2,7.0,8.8,93.1,70.6,37,4,1,0,0,0,0.0,2.7,47.25,Moderate
STU-3481,overworked,5.4,6.2,7.0,64.1,72.0,1,8,0,1,0,0,0.5,3.3,65.67,High
STU-3482,overworked,3.7,5.2,10.4,59.3,69.6,38,8,1,0,0,1,0.3,1.7,70.57,High
STU-3483,balanced,6.1,7.3,6.2,90.7,66.0,42,5,1,1,0,0,0.6,2.0,42.83,Moderate
STU-3484,balanced,10.0,7.4,5.6,80.6,65.3,58,4,0,0,0,0,1.4,1.8,16.78,Low
STU-3485,high_achiever,7.9,6.7,4.9,95.2,79.9,48,0,0,1,0,0,0.9,2.0,31.08,Moderate
STU-3486,balanced,5.5,7.0,5.8,69.9,81.4,28,2,1,0,0,0,1.2,1.9,35.13,Moderate
STU-3487,struggling,4.6,5.5,3.7,55.8,46.8,10,5,1,0,1,0,0.4,4.9,78.83,Critical
STU-3488,struggling,3.3,3.0,4.0,56.3,61.4,2,2,0,1,1,1,0.3,5.8,100.0,Critical
STU-3489,struggling,4.2,3.7,1.7,51.7,45.5,56,2,1,0,0,0,0.7,3.9,64.15,High
STU-3490,balanced,7.3,7.0,4.9,80.7,82.8,38,1,1,1,1,0,1.5,2.2,37.84,Moderate
STU-3491,overworked,9.8,6.1,10.3,66.4,79.5,30,2,0,0,0,0,0.2,2.0,28.33,Low
STU-3492,at_risk,1.3,3.9,3.5,58.3,45.8,50,3,1,0,0,0,0.1,5.4,76.18,Critical
STU-3493,at_risk,3.3,3.5,3.8,44.8,26.2,29,2,0,0,0,1,0.1,6.4,81.21,Critical
STU-3494,struggling,5.9,5.5,1.4,80.4,25.0,19,0,1,0,0,1,0.9,4.4,58.5,High
STU-3495,overworked,5.4,5.4,9.5,76.7,83.1,27,5,0,1,0,0,0.6,1.4,49.04,Moderate
STU-3496,struggling,4.8,3.8,4.7,60.1,49.3,82,0,1,0,0,1,0.2,1.2,62.29,High
STU-3497,balanced,7.9,7.0,4.0,89.7,72.6,43,6,0,0,1,0,0.7,3.1,32.23,Moderate
STU-3498,high_achiever,8.5,6.0,7.2,86.5,77.6,45,4,0,0,1,0,1.2,1.6,32.25,Moderate
STU-3499,balanced,7.2,8.8,5.8,86.5,64.1,0,4,0,0,0,0,1.0,2.1,27.57,Low
STU-3500,high_achiever,8.0,5.9,7.1,91.6,77.9,10,6,1,0,0,0,1.3,0.5,41.85,Moderate
STU-3501,struggling,6.6,5.3,4.5,51.2,73.2,42,6,1,0,0,1,0.7,3.5,58.46,High
STU-3502,overworked,7.4,6.8,7.6,68.0,68.6,15,4,0,0,0,0,0.0,2.2,34.73,Moderate
STU-3503,at_risk,1.1,3.6,1.1,70.0,31.2,10,7,1,0,1,1,0.4,5.0,100.0,Critical
STU-3504,at_risk,2.8,3.4,0.8,52.8,32.7,22,7,1,0,1,1,0.0,9.1,100.0,Critical
STU-3505,struggling,5.0,4.0,3.2,59.0,56.0,70,1,0,1,1,0,0.5,4.8,61.56,High
STU-3506,high_achiever,8.4,6.5,5.3,80.3,86.8,79,0,0,1,1,0,0.7,1.6,31.59,Moderate
STU-3507,balanced,7.3,6.7,7.6,89.6,85.8,87,7,1,0,0,0,1.2,2.3,37.63,Moderate
STU-3508,balanced,8.7,6.9,3.8,66.0,88.3,17,2,0,0,0,0,1.4,2.1,25.05,Low
STU-3509,balanced,5.5,6.7,5.2,87.9,69.5,17,6,0,0,0,1,0.7,1.1,42.26,Moderate
STU-3510,high_achiever,7.2,6.1,7.8,87.5,74.8,63,1,0,1,0,0,0.4,1.4,36.26,Moderate
STU-3511,balanced,7.0,7.3,3.6,69.6,93.0,31,7,0,0,0,1,1.7,2.3,33.96,Moderate
STU-3512,high_achiever,7.6,6.5,8.6,93.0,88.2,89,2,0,1,0,0,0.9,1.8,34.15,Moderate
STU-3513,at_risk,2.5,2.8,1.8,31.8,37.5,76,8,0,1,1,1,0.1,1.4,94.3,Critical
STU-3514,at_risk,1.3,4.0,3.0,41.6,44.6,68,4,1,0,0,1,0.2,5.7,90.65,Critical
STU-3515,balanced,6.5,8.2,5.2,75.3,72.2,72,1,0,0,0,0,0.8,2.3,20.5,Low
STU-3516,at_risk,3.9,2.6,3.3,48.4,41.2,12,4,1,0,1,1,0.0,6.9,100.0,Critical
STU-3517,struggling,1.8,3.3,2.7,52.9,67.0,50,4,1,0,1,0,0.3,3.6,73.93,High
STU-3518,balanced,6.7,6.8,4.2,75.5,81.1,8,2,0,0,0,0,1.3,1.7,29.59,Low
STU-3519,overworked,5.4,4.8,10.3,82.4,54.3,31,7,0,1,0,0,0.4,1.0,57.0,High
STU-3520,at_risk,3.3,2.9,1.8,16.3,49.7,60,6,1,0,0,1,0.2,8.5,100.0,Critical
STU-3521,overworked,3.7,5.9,11.7,63.1,68.3,73,4,1,1,0,1,0.3,2.9,69.04,High
STU-3522,high_achiever,9.3,6.4,8.1,90.7,88.0,0,6,0,1,0,0,0.1,1.2,47.17,Moderate
STU-3523,struggling,4.4,2.5,3.6,52.2,41.1,14,2,0,0,1,0,0.0,5.7,74.45,High
STU-3524,high_achiever,9.5,5.5,7.9,95.2,81.5,53,7,1,1,0,0,0.6,0.9,42.9,Moderate
STU-3525,balanced,7.4,8.1,6.8,69.1,68.7,74,3,0,0,0,0,1.7,1.4,20.99,Low
STU-3526,overworked,2.9,6.2,6.6,61.6,80.5,38,6,0,0,1,0,1.0,2.0,50.04,Moderate
STU-3527,at_risk,3.4,3.8,1.4,40.7,19.2,37,7,1,0,1,1,0.1,6.0,97.67,Critical
STU-3528,overworked,4.0,4.1,10.4,86.8,66.7,89,0,0,0,0,0,0.3,1.5,48.77,Moderate
STU-3529,overworked,5.5,5.4,10.0,74.9,58.3,17,5,1,1,0,0,0.1,3.1,59.44,High
STU-3530,balanced,6.8,6.1,4.0,75.8,88.5,29,8,0,0,1,1,1.5,1.5,45.11,Moderate
STU-3531,balanced,7.0,8.1,8.2,90.2,75.8,18,3,1,0,0,0,1.5,1.8,26.9,Low
STU-3532,balanced,6.5,6.2,4.7,96.3,84.0,89,4,0,0,0,0,1.4,2.3,26.97,Low
STU-3533,overworked,6.6,5.9,6.1,85.7,55.8,1,6,0,1,0,0,0.0,3.3,59.12,High
STU-3534,balanced,6.5,7.8,5.1,80.6,73.4,66,6,0,0,0,0,1.3,1.7,26.56,Low
STU-3535,balanced,6.7,7.3,5.9,97.2,71.9,3,0,1,0,0,0,1.1,1.9,40.09,Moderate
STU-3536,at_risk,1.4,3.6,0.0,43.9,50.9,49,4,0,0,1,1,0.0,6.6,85.95,Critical
STU-3537,high_achiever,7.1,7.2,5.7,92.5,86.9,57,6,0,1,0,0,0.7,1.5,33.41,Moderate
STU-3538,balanced,7.7,5.9,5.1,80.0,83.9,51,7,0,1,0,0,1.3,2.4,37.85,Moderate
STU-3539,high_achiever,8.2,6.3,8.2,89.2,74.6,81,4,0,0,0,0,0.9,1.6,25.78,Low
STU-3540,struggling,2.7,3.0,4.7,82.1,49.5,71,5,1,0,0,1,0.5,5.6,79.03,Critical
STU-3541,at_risk,1.8,3.3,1.5,49.1,60.0,18,4,1,0,1,0,0.1,4.5,77.58,Critical
STU-3542,struggling,5.9,3.5,4.5,53.8,36.8,6,0,0,1,0,1,0.5,3.9,89.22,Critical
STU-3543,balanced,7.7,7.4,5.2,87.5,67.6,67,0,0,0,1,0,0.2,2.2,27.6,Low
STU-3544,struggling,3.1,2.7,0.4,62.6,71.8,4,4,1,0,0,0,0.3,4.3,87.44,Critical
STU-3545,overworked,8.8,5.8,8.1,78.3,73.3,51,6,1,1,1,1,0.1,2.8,56.85,High
STU-3546,at_risk,1.0,3.6,1.9,48.0,28.8,81,1,1,0,0,1,0.0,8.5,96.04,Critical
STU-3547,overworked,4.1,3.0,8.1,79.6,63.7,6,3,0,1,0,0,0.2,1.7,73.2,High
STU-3548,balanced,8.0,7.0,5.6,80.2,71.0,48,4,0,1,0,0,1.6,2.2,32.23,Moderate
STU-3549,overworked,6.4,4.5,8.1,87.5,61.9,77,0,1,0,0,1,0.6,1.6,50.3,Moderate
STU-3550,balanced,6.1,7.6,4.0,84.2,73.4,67,8,0,0,1,0,1.2,1.6,33.75,Moderate
STU-3551,struggling,4.2,3.3,2.0,57.7,47.2,66,6,1,0,1,1,0.0,6.2,85.08,Critical
STU-3552,overworked,5.2,3.7,12.6,100.0,62.2,60,6,0,0,1,0,0.8,2.1,60.84,High
STU-3553,overworked,6.0,5.1,6.0,69.2,70.2,52,1,0,0,1,1,0.5,1.2,45.98,Moderate
STU-3554,overworked,6.3,3.6,9.7,90.4,73.9,68,3,1,1,1,0,0.5,0.6,60.27,High
STU-3555,overworked,8.6,4.4,11.4,71.9,67.2,41,7,1,0,1,0,0.6,2.3,55.35,High
STU-3556,high_achiever,7.1,5.7,5.9,88.3,83.6,74,8,0,1,0,0,1.4,1.4,39.71,Moderate
STU-3557,balanced,7.3,6.1,5.5,83.0,81.1,89,7,1,0,1,0,0.8,0.6,44.0,Moderate
STU-3558,overworked,6.0,4.8,9.5,86.8,65.4,54,6,1,0,0,0,0.3,2.3,49.56,Moderate
STU-3559,struggling,3.8,4.4,6.0,58.4,54.4,0,2,0,1,0,0,0.6,3.5,78.82,Critical
STU-3560,high_achiever,9.2,6.5,6.4,99.1,89.8,49,6,1,1,0,0,1.0,2.1,39.87,Moderate
STU-3561,struggling,3.5,4.8,4.4,62.3,35.3,90,0,0,1,1,0,0.0,2.8,65.83,High
STU-3562,balanced,6.0,7.2,7.7,93.4,60.3,30,0,1,0,0,0,0.7,1.3,33.62,Moderate
STU-3563,high_achiever,6.5,6.5,7.8,95.8,82.2,72,7,0,1,0,0,0.9,1.6,39.91,Moderate
STU-3564,balanced,8.0,7.3,5.0,67.1,87.0,71,2,0,1,0,0,0.9,2.0,27.15,Low
STU-3565,at_risk,2.5,3.6,2.2,70.0,30.4,14,1,0,0,0,0,0.3,7.2,67.08,High
STU-3566,at_risk,3.3,3.3,3.3,70.0,39.8,83,8,1,1,1,1,0.0,8.3,99.52,Critical
STU-3567,at_risk,1.6,3.0,3.0,46.0,26.5,10,2,1,0,1,1,0.2,7.5,100.0,Critical
STU-3568,balanced,7.3,6.5,4.2,78.0,75.6,86,4,0,0,0,0,0.6,1.5,28.97,Low
STU-3569,overworked,7.3,4.7,7.6,75.9,64.3,88,7,0,0,0,0,0.6,1.9,34.57,Moderate
STU-3570,at_risk,5.0,3.6,2.1,24.9,20.4,54,1,1,0,0,1,0.1,6.9,92.15,Critical
STU-3571,struggling,4.4,3.1,0.0,60.8,45.6,55,5,1,0,1,0,0.0,6.0,75.44,Critical
STU-3572,high_achiever,8.3,5.5,7.2,95.7,83.0,87,6,0,1,0,0,1.7,2.4,35.39,Moderate
STU-3573,struggling,4.8,5.8,4.3,67.2,45.7,46,2,1,1,1,1,0.0,2.7,73.46,High
STU-3574,balanced,7.5,6.8,7.0,76.0,79.7,87,5,0,0,1,0,1.2,2.1,30.54,Moderate
STU-3575,balanced,6.2,6.3,4.6,82.0,62.6,11,1,0,0,0,0,0.7,1.9,33.94,Moderate
STU-3576,high_achiever,8.0,6.5,10.0,91.6,82.7,88,4,1,0,1,1,1.0,1.9,48.51,Moderate
STU-3577,overworked,6.5,5.4,9.1,79.1,86.0,81,1,1,1,1,0,0.5,1.4,52.16,Moderate
STU-3578,balanced,5.1,7.1,7.1,71.3,76.2,50,2,0,1,0,1,1.6,2.5,44.17,Moderate
STU-3579,overworked,2.7,5.5,7.2,68.0,78.2,26,4,1,1,0,0,0.4,2.8,59.52,High
STU-3580,high_achiever,9.0,7.0,8.1,85.6,92.0,26,3,0,0,0,0,0.9,1.1,23.98,Low
STU-3581,overworked,6.4,4.2,12.6,96.1,76.1,76,2,0,0,0,0,0.5,2.5,44.02,Moderate
STU-3582,balanced,7.3,7.1,4.8,79.5,55.9,31,8,0,0,1,0,0.8,2.4,40.12,Moderate
STU-3583,at_risk,1.6,3.7,3.6,40.2,46.1,19,0,0,0,1,0,0.1,8.6,79.78,Critical
STU-3584,at_risk,1.4,3.8,2.1,47.2,44.9,84,6,1,0,1,1,0.0,3.5,89.22,Critical
STU-3585,overworked,4.9,4.7,11.4,85.7,75.3,33,2,1,1,0,0,0.5,1.9,57.49,High
STU-3586,at_risk,1.3,2.8,1.9,30.7,40.0,88,2,1,1,1,0,0.1,5.4,100.0,Critical
STU-3587,balanced,4.7,6.7,2.7,83.9,81.1,2,5,0,1,0,0,0.7,1.1,51.28,Moderate
STU-3588,balanced,7.3,6.7,5.2,79.1,67.2,63,1,1,0,0,0,1.7,2.0,27.63,Low
STU-3589,overworked,4.4,4.1,11.6,85.1,68.7,25,3,0,0,0,0,0.9,3.4,50.8,Moderate
STU-3590,overworked,4.9,4.6,8.1,95.3,59.9,25,0,1,0,1,0,0.7,2.8,52.39,Moderate
STU-3591,balanced,9.0,5.8,5.4,78.1,82.7,76,3,1,0,0,0,1.3,0.8,32.75,Moderate
STU-3592,balanced,7.7,6.2,5.1,71.6,73.6,68,0,0,1,1,0,1.3,1.6,34.25,Moderate
STU-3593,balanced,5.6,7.3,3.2,82.2,60.6,8,5,0,0,0,0,1.2,1.8,36.09,Moderate
STU-3594,struggling,5.3,5.8,1.1,61.3,75.0,29,0,0,0,0,1,0.3,3.6,46.77,Moderate
STU-3595,at_risk,2.1,2.3,3.3,56.8,22.0,53,6,0,0,1,1,0.1,5.1,88.92,Critical
STU-3596,balanced,5.8,6.0,5.4,78.3,67.3,17,6,0,1,0,1,1.0,2.2,48.28,Moderate
STU-3597,struggling,5.5,4.2,5.9,66.2,46.1,58,4,1,0,0,1,0.3,2.9,63.56,High
STU-3598,high_achiever,8.1,6.9,6.5,100.0,84.0,11,0,0,0,0,0,0.3,2.0,26.95,Low
STU-3599,at_risk,2.7,3.0,2.6,70.0,40.4,1,6,1,0,1,1,0.0,1.0,100.0,Critical
STU-3600,overworked,4.0,4.9,8.3,69.2,62.3,12,8,1,1,0,0,0.2,2.8,76.57,Critical
STU-3601,struggling,2.2,3.2,4.1,74.6,64.4,60,6,1,0,0,0,0.0,6.3,68.09,High
STU-3602,high_achiever,7.6,6.8,4.5,100.0,93.0,62,6,1,1,0,0,1.3,0.9,39.69,Moderate
STU-3603,overworked,6.7,3.9,9.2,87.1,55.1,16,8,0,1,0,0,0.5,0.8,53.14,Moderate
STU-3604,struggling,3.2,5.1,2.4,63.5,43.8,85,5,0,0,1,0,0.1,6.7,65.7,High
STU-3605,balanced,8.0,7.0,4.8,72.3,65.8,58,6,0,0,0,0,0.9,1.7,28.27,Low
STU-3606,balanced,6.9,6.8,5.4,85.8,80.2,88,8,1,0,0,0,0.6,1.6,41.2,Moderate
STU-3607,balanced,5.9,7.1,5.3,77.5,87.7,50,5,0,1,0,1,1.2,2.7,43.49,Moderate
STU-3608,balanced,7.7,6.5,4.8,85.3,78.4,77,0,0,0,0,0,1.4,2.0,19.8,Low
STU-3609,overworked,4.3,5.8,6.6,80.9,68.9,17,5,0,1,0,0,0.7,2.5,45.2,Moderate
STU-3610,overworked,4.4,4.5,10.4,55.0,71.6,63,6,1,1,0,0,0.1,2.4,70.93,High
STU-3611,overworked,3.0,4.8,9.7,78.9,68.8,68,0,0,1,0,0,0.0,1.3,51.29,Moderate
STU-3612,overworked,6.3,4.9,9.4,60.9,69.7,56,1,0,0,0,0,0.6,0.7,40.87,Moderate
STU-3613,at_risk,1.0,3.1,0.6,53.7,40.0,8,2,0,0,1,1,0.4,6.1,98.85,Critical
STU-3614,struggling,3.2,3.2,4.8,76.9,60.5,68,8,0,0,1,0,0.3,3.3,64.01,High
STU-3615,overworked,6.4,7.0,7.8,86.6,75.5,7,5,0,0,0,0,0.3,3.3,40.75,Moderate
STU-3616,high_achiever,7.1,6.4,5.9,88.7,89.2,81,2,1,0,0,0,1.4,1.5,31.48,Moderate
STU-3617,struggling,4.6,5.4,0.5,63.4,49.7,6,3,1,0,1,0,0.6,5.4,83.1,Critical
STU-3618,struggling,3.3,4.5,4.9,61.2,54.1,19,5,0,0,1,1,0.0,4.7,67.75,High
STU-3619,struggling,3.2,4.6,4.7,50.0,56.5,35,2,1,0,0,1,0.7,3.8,67.14,High
STU-3620,struggling,4.4,3.1,2.3,73.1,74.5,23,2,0,0,0,1,0.0,3.7,56.51,High
STU-3621,balanced,6.7,8.5,4.9,78.9,87.9,2,6,1,0,0,0,1.4,2.4,38.92,Moderate
STU-3622,balanced,6.7,6.2,6.5,91.8,70.2,17,4,1,0,0,0,1.1,1.6,34.85,Moderate
STU-3623,high_achiever,7.3,7.0,5.9,91.5,77.2,73,7,0,0,0,0,0.9,1.1,27.11,Low
STU-3624,overworked,6.7,5.8,8.0,75.8,70.4,89,5,1,0,0,0,0.0,1.1,45.72,Moderate
STU-3625,overworked,3.9,6.3,7.5,84.6,66.9,50,5,0,1,0,0,0.3,3.7,47.7,Moderate
STU-3626,at_risk,3.1,4.1,6.0,31.8,30.5,69,7,1,0,1,1,0.3,5.8,96.67,Critical
STU-3627,high_achiever,8.6,6.3,5.9,94.6,87.3,42,1,1,1,0,0,0.9,1.2,34.44,Moderate
STU-3628,overworked,6.6,4.6,8.3,65.1,73.9,53,5,0,0,0,0,0.2,0.6,41.76,Moderate
STU-3629,at_risk,2.3,3.3,1.6,42.3,20.3,37,8,1,0,0,1,0.0,8.6,100.0,Critical
STU-3630,high_achiever,8.3,6.8,8.1,85.4,85.2,54,2,1,0,0,0,0.6,0.8,32.92,Moderate
STU-3631,at_risk,3.4,3.3,4.5,51.2,28.7,66,5,0,0,0,0,0.0,8.2,79.1,Critical
STU-3632,balanced,7.9,4.9,5.8,77.9,63.8,60,0,1,0,0,0,1.2,2.5,38.85,Moderate
STU-3633,at_risk,2.7,2.8,0.8,62.4,26.0,52,8,0,0,1,0,0.2,6.8,83.79,Critical
STU-3634,balanced,5.6,6.7,3.8,77.3,82.3,55,5,0,0,0,0,1.7,1.9,29.15,Low
STU-3635,at_risk,4.1,2.9,0.3,58.4,43.5,7,5,1,1,0,1,0.0,6.4,100.0,Critical
STU-3636,at_risk,2.7,4.0,1.2,55.9,38.2,1,0,1,1,1,1,0.0,5.7,100.0,Critical
STU-3637,overworked,3.3,4.4,9.6,64.5,63.8,72,0,1,0,0,0,1.1,1.3,54.28,Moderate
STU-3638,struggling,2.7,4.4,2.3,59.1,43.4,75,5,1,0,1,1,0.6,4.9,79.91,Critical
STU-3639,overworked,6.8,4.0,7.2,78.0,89.1,30,8,0,1,0,0,0.0,1.1,50.87,Moderate
STU-3640,at_risk,1.9,4.1,0.7,50.1,58.9,45,0,1,1,1,1,0.0,8.2,93.59,Critical
STU-3641,struggling,1.8,5.2,3.6,63.1,56.0,84,2,0,0,1,1,0.2,4.9,68.81,High
STU-3642,at_risk,3.2,2.0,3.9,30.7,47.1,59,4,1,0,1,1,0.1,3.6,94.48,Critical
STU-3643,high_achiever,7.0,7.2,6.1,83.5,94.2,79,5,0,0,0,0,1.1,1.8,25.35,Low
STU-3644,balanced,5.3,8.3,5.5,85.9,80.3,84,5,0,0,1,0,1.1,1.9,34.38,Moderate
STU-3645,struggling,4.0,5.6,0.5,75.5,33.7,58,4,1,0,1,1,0.6,5.4,71.81,High
STU-3646,balanced,7.1,6.8,4.5,80.4,92.7,44,1,0,0,0,0,1.7,1.3,22.78,Low
STU-3647,struggling,4.1,4.3,2.0,67.4,62.2,86,5,1,0,0,0,0.0,7.7,68.9,High
STU-3648,overworked,6.3,3.8,10.1,80.8,75.1,5,1,1,1,0,0,0.9,2.1,73.68,High
STU-3649,struggling,4.6,4.2,7.1,72.0,46.5,44,5,1,1,0,0,0.3,5.8,70.07,High
STU-3650,overworked,5.7,4.2,7.0,79.1,71.4,53,2,0,0,0,0,0.6,1.7,36.63,Moderate
STU-3651,overworked,4.1,6.1,8.5,73.6,66.9,32,6,0,1,0,0,0.2,1.6,48.77,Moderate
STU-3652,balanced,8.6,7.5,7.0,93.6,56.2,47,6,0,0,0,0,1.3,1.4,25.77,Low
STU-3653,high_achiever,7.2,5.8,5.3,89.5,90.5,12,2,0,0,0,0,1.1,0.8,35.64,Moderate
STU-3654,high_achiever,8.3,7.0,8.5,82.8,79.5,83,7,1,1,0,0,1.3,1.0,40.02,Moderate
STU-3655,overworked,5.4,3.7,9.0,87.1,77.3,10,6,1,0,1,0,0.7,3.0,69.87,High
STU-3656,balanced,7.5,7.2,4.7,73.8,69.5,9,6,0,0,0,0,1.1,1.4,31.5,Moderate
STU-3657,high_achiever,8.0,6.7,7.4,97.0,84.9,78,8,0,1,1,0,1.4,1.7,40.57,Moderate
STU-3658,balanced,8.8,7.5,5.6,82.8,71.2,29,1,0,0,0,0,1.0,2.3,17.31,Low
STU-3659,at_risk,4.1,3.3,6.0,37.6,41.0,67,8,0,0,0,0,0.0,4.6,75.78,Critical
STU-3660,struggling,2.3,3.7,4.4,70.9,35.3,37,2,1,0,0,1,0.5,5.0,75.02,Critical
STU-3661,balanced,6.4,5.4,7.6,90.1,64.7,86,2,0,0,0,0,1.5,1.5,32.46,Moderate
STU-3662,struggling,3.3,4.1,3.1,54.1,68.8,46,5,0,1,1,1,0.6,5.0,77.94,Critical
STU-3663,overworked,3.1,3.8,10.2,85.4,72.8,37,0,1,0,1,0,0.0,1.4,63.38,High
STU-3664,high_achiever,9.7,7.4,8.9,92.7,87.0,25,4,0,1,1,0,0.6,1.9,33.34,Moderate
STU-3665,balanced,7.9,7.0,5.8,81.3,76.8,4,2,0,0,0,1,1.6,1.0,33.43,Moderate
STU-3666,struggling,4.6,6.2,6.0,47.3,47.2,2,6,1,0,0,1,0.0,4.0,92.48,Critical
STU-3667,balanced,7.2,6.7,6.2,75.6,87.7,49,5,0,0,0,0,1.2,1.6,28.51,Low
STU-3668,high_achiever,8.6,7.6,6.7,96.4,85.6,54,2,0,1,0,0,0.8,1.0,24.28,Low
STU-3669,struggling,2.9,5.8,4.6,47.1,31.0,79,2,1,1,0,1,0.0,3.6,80.89,Critical
STU-3670,balanced,8.4,6.6,7.5,68.6,72.2,41,7,0,0,0,1,1.5,2.3,35.24,Moderate
STU-3671,balanced,8.2,7.6,4.7,84.5,80.6,17,8,0,0,1,1,1.0,2.8,36.72,Moderate
STU-3672,struggling,4.2,3.0,3.7,49.2,48.5,79,1,1,0,1,0,0.0,6.0,78.02,Critical
STU-3673,overworked,7.1,4.7,11.2,78.4,71.1,22,0,1,1,0,1,1.0,1.8,57.97,High
STU-3674,balanced,7.7,6.5,3.9,73.7,84.0,71,0,0,0,0,0,1.9,1.9,20.93,Low
STU-3675,at_risk,3.3,3.6,3.6,52.4,39.6,76,5,0,0,1,1,0.0,4.3,74.57,High
STU-3676,struggling,5.9,4.3,2.9,38.6,44.3,34,0,1,0,1,0,0.1,3.6,68.47,High
STU-3677,struggling,4.2,2.9,1.6,46.4,73.7,86,5,0,1,1,0,0.7,3.5,67.63,High
STU-3678,overworked,5.7,5.0,10.0,85.4,74.5,69,8,1,0,1,0,0.1,2.4,60.8,High
STU-3679,balanced,6.5,7.2,4.8,98.0,64.4,22,1,1,0,0,0,1.7,0.8,32.55,Moderate
STU-3680,balanced,6.1,7.2,3.5,71.2,82.2,12,8,0,1,0,0,1.6,1.9,44.38,Moderate
STU-3681,overworked,7.1,4.3,7.4,77.9,64.2,46,3,1,1,0,0,0.5,2.6,49.74,Moderate
STU-3682,balanced,7.9,7.5,6.4,78.7,81.2,86,6,0,0,0,1,1.4,2.2,32.84,Moderate
STU-3683,struggling,4.5,3.8,1.8,75.5,56.3,30,8,0,0,1,0,0.8,1.8,55.69,High
STU-3684,struggling,3.6,4.1,2.4,72.8,59.4,31,6,0,1,0,0,0.0,5.0,64.1,High
STU-3685,struggling,4.3,5.8,3.1,34.9,54.2,54,7,1,0,0,0,0.4,5.3,71.31,High
STU-3686,balanced,5.2,6.8,4.4,72.3,74.4,12,0,1,0,1,0,1.5,2.0,43.93,Moderate
STU-3687,at_risk,2.4,4.4,3.0,39.7,30.6,46,0,0,0,1,1,0.0,5.3,79.69,Critical
STU-3688,high_achiever,9.5,5.9,8.3,100.0,86.3,58,0,0,0,0,0,1.0,0.7,21.99,Low
STU-3689,struggling,6.4,4.9,3.5,77.7,60.4,79,4,1,1,0,0,0.3,5.1,55.85,High
STU-3690,high_achiever,7.4,6.4,7.7,84.8,85.5,18,6,1,1,0,0,0.8,0.9,43.73,Moderate
STU-3691,overworked,2.0,4.2,7.9,75.2,47.2,10,3,1,1,1,0,0.5,2.9,84.64,Critical
STU-3692,overworked,6.2,4.5,7.2,78.0,76.8,64,6,0,0,0,0,0.0,1.8,41.44,Moderate
STU-3693,high_achiever,10.0,6.7,4.7,80.2,89.4,51,6,0,1,0,0,2.0,1.3,24.76,Low
STU-3694,at_risk,2.9,2.7,0.0,63.6,30.6,26,7,1,0,1,1,0.3,4.7,90.57,Critical
STU-3695,balanced,8.1,7.9,5.8,83.5,80.0,5,2,0,0,0,0,1.4,1.0,22.16,Low
STU-3696,high_achiever,6.1,7.0,6.5,95.1,87.4,85,6,1,0,0,0,0.6,1.3,38.27,Moderate
STU-3697,at_risk,1.9,4.4,5.8,64.7,37.7,54,3,1,0,0,1,0.4,9.6,83.98,Critical
STU-3698,high_achiever,8.8,7.0,8.4,95.1,83.6,53,1,1,0,0,0,1.8,1.6,25.62,Low
STU-3699,struggling,4.8,5.7,3.6,66.7,53.1,29,1,1,0,1,1,0.1,3.6,60.9,High
STU-3700,struggling,6.3,4.2,0.0,66.8,56.5,33,7,0,0,1,0,0.0,3.6,53.79,Moderate
STU-3701,balanced,6.5,8.0,5.3,78.6,84.0,75,8,1,0,0,0,1.4,0.8,33.58,Moderate
STU-3702,at_risk,2.8,2.6,5.0,49.7,29.0,29,0,0,0,1,1,0.0,8.1,88.41,Critical
STU-3703,balanced,7.6,6.1,5.6,76.9,72.5,51,3,0,0,0,0,0.9,2.4,27.81,Low
STU-3704,struggling,3.8,4.4,5.9,72.7,61.5,18,1,1,0,0,0,0.0,3.8,57.18,High
STU-3705,struggling,2.2,4.6,1.9,50.4,72.2,35,1,1,0,1,0,0.5,6.3,72.91,High
STU-3706,balanced,7.1,6.4,5.0,80.5,89.2,12,1,1,0,0,0,0.7,1.5,37.47,Moderate
STU-3707,struggling,5.6,6.7,4.0,66.7,53.1,24,0,1,0,1,1,0.4,6.0,60.61,High
STU-3708,balanced,7.7,7.6,3.4,82.0,77.4,83,0,1,0,0,0,1.4,1.7,25.66,Low
STU-3709,high_achiever,7.2,5.3,8.2,85.3,84.0,66,4,0,0,0,0,0.7,2.2,34.76,Moderate
STU-3710,high_achiever,7.6,7.0,9.6,93.0,82.7,7,5,0,1,0,0,1.3,0.6,40.71,Moderate
STU-3711,balanced,9.2,7.1,5.6,82.2,71.8,52,5,0,1,1,0,1.3,2.3,31.36,Moderate
STU-3712,at_risk,1.0,4.0,5.2,42.4,20.3,13,0,1,0,1,1,0.2,9.7,100.0,Critical
STU-3713,overworked,8.1,5.8,10.6,72.8,72.9,90,5,1,0,0,0,0.4,2.1,43.6,Moderate
STU-3714,overworked,5.8,3.7,10.7,69.2,67.5,76,7,1,0,1,1,0.5,1.5,66.86,High
STU-3715,at_risk,2.1,2.1,3.1,30.7,55.8,53,1,1,0,0,1,0.1,6.3,88.73,Critical
STU-3716,overworked,5.7,4.9,7.6,78.9,66.0,9,1,1,1,0,0,0.3,2.2,57.06,High
STU-3717,struggling,4.4,4.4,4.2,55.7,39.2,74,0,0,0,0,0,0.1,7.0,63.51,High
STU-3718,overworked,7.3,6.3,8.8,81.0,70.8,82,0,0,1,1,0,0.6,2.0,39.29,Moderate
STU-3719,overworked,5.6,5.5,10.5,78.9,71.2,21,1,1,1,1,0,0.5,3.5,56.78,High
STU-3720,overworked,4.0,5.7,9.9,80.6,76.7,30,1,0,0,0,1,0.5,1.8,49.19,Moderate
STU-3721,overworked,5.5,4.6,10.5,84.5,72.1,5,4,0,1,0,0,0.9,3.3,69.34,High
STU-3722,struggling,7.8,4.3,2.8,72.3,49.0,37,5,0,1,0,0,0.3,3.3,50.38,Moderate
STU-3723,struggling,1.8,4.4,3.5,56.8,30.9,30,8,1,1,0,0,0.0,3.7,85.66,Critical
STU-3724,high_achiever,8.0,6.5,5.9,92.7,74.2,77,2,1,1,0,0,0.0,1.3,39.17,Moderate
STU-3725,balanced,8.2,7.1,7.5,77.6,78.9,34,1,0,0,0,0,1.1,2.6,21.96,Low
STU-3726,high_achiever,8.5,5.7,6.5,90.6,92.6,80,4,0,1,0,0,0.1,1.2,35.24,Moderate
STU-3727,high_achiever,6.1,6.2,5.2,80.0,83.4,90,2,0,0,0,0,0.9,1.3,30.58,Moderate
STU-3728,high_achiever,7.1,7.8,7.0,97.4,74.9,73,4,0,1,0,0,0.7,1.7,30.86,Moderate
STU-3729,overworked,3.9,3.2,10.6,84.5,72.4,29,1,1,1,0,0,0.3,1.3,64.77,High
STU-3730,overworked,3.5,4.2,11.4,59.5,76.8,60,6,1,1,1,0,0.8,2.9,77.47,Critical
STU-3731,struggling,3.3,3.7,0.1,62.4,47.2,54,4,0,0,0,0,0.1,4.8,62.6,High
STU-3732,overworked,4.5,6.6,10.6,87.0,69.0,4,8,0,1,1,0,0.6,1.5,72.57,High
STU-3733,at_risk,2.3,2.5,2.0,43.6,60.0,81,3,1,0,0,1,0.2,9.4,93.73,Critical
STU-3734,overworked,5.6,4.6,6.9,69.3,76.6,8,3,0,0,0,0,0.3,2.5,45.33,Moderate
STU-3735,balanced,7.7,7.9,3.4,85.0,85.7,88,2,0,1,0,1,1.9,1.5,31.66,Moderate
STU-3736,balanced,8.6,7.3,7.0,81.7,78.2,23,4,0,0,0,0,1.0,1.7,22.61,Low
STU-3737,balanced,6.5,6.8,6.4,98.4,58.6,88,8,1,1,0,0,2.0,1.6,45.34,Moderate
STU-3738,at_risk,3.7,5.1,0.9,44.6,37.4,31,2,0,0,0,1,0.0,8.8,77.22,Critical
STU-3739,high_achiever,6.5,6.1,5.1,89.9,89.0,12,4,0,1,1,0,0.7,1.2,48.34,Moderate
STU-3740,overworked,5.7,5.5,10.7,100.0,71.2,19,0,1,0,0,0,0.6,0.9,44.36,Moderate
STU-3741,balanced,6.9,6.2,4.9,81.1,71.0,76,4,1,0,0,1,2.2,2.1,42.6,Moderate
STU-3742,overworked,7.7,4.4,9.6,73.7,68.4,65,6,1,0,1,0,0.1,1.8,54.21,Moderate
STU-3743,struggling,4.5,4.8,3.4,72.3,48.9,73,4,0,0,1,0,0.7,2.0,51.33,Moderate
STU-3744,balanced,7.7,6.5,5.1,85.7,82.3,24,7,0,1,0,0,0.5,2.2,36.69,Moderate
STU-3745,balanced,8.3,5.5,8.4,74.9,86.4,11,0,0,0,0,0,1.2,1.3,30.65,Moderate
STU-3746,struggling,5.5,2.6,4.6,61.9,58.9,9,0,0,0,1,0,0.3,3.9,63.19,High
STU-3747,struggling,5.0,5.3,4.5,67.1,63.3,75,2,1,0,1,0,0.7,2.0,47.06,Moderate
STU-3748,balanced,8.9,5.9,4.2,79.7,61.8,74,6,0,0,0,0,1.0,1.2,27.6,Low
STU-3749,struggling,4.4,4.1,2.9,65.1,64.5,11,4,0,0,1,0,0.8,4.5,66.35,High
STU-3750,balanced,8.1,6.0,4.0,77.4,86.6,86,0,1,0,0,0,1.0,0.7,30.37,Moderate
STU-3751,high_achiever,6.2,5.8,6.3,91.7,91.1,80,2,0,0,0,0,1.3,0.8,29.58,Low
STU-3752,overworked,5.6,4.7,9.1,60.8,58.5,52,3,1,0,0,1,0.3,0.0,62.32,High
STU-3753,balanced,5.8,7.5,6.2,77.7,83.0,32,3,1,0,0,0,1.5,1.6,32.0,Moderate
STU-3754,overworked,7.1,5.2,11.1,55.0,71.0,78,4,1,0,0,0,0.0,2.2,55.64,High
STU-3755,high_achiever,9.2,5.8,6.4,90.5,79.2,36,3,0,0,0,0,1.4,1.4,23.18,Low
STU-3756,high_achiever,8.3,6.4,6.0,90.7,79.9,43,0,1,0,0,0,1.0,1.9,26.88,Low
STU-3757,overworked,3.2,5.0,8.3,78.3,73.2,20,8,1,0,1,0,0.0,2.8,62.31,High
STU-3758,struggling,4.0,3.7,2.7,82.3,55.8,61,0,0,0,0,0,0.6,5.0,51.32,Moderate
STU-3759,balanced,7.6,7.2,6.8,83.3,93.3,41,3,0,0,0,0,1.6,1.1,21.74,Low
STU-3760,overworked,6.1,5.0,10.5,86.0,56.4,58,1,1,0,0,1,0.8,1.8,53.37,Moderate
STU-3761,high_achiever,7.3,7.1,6.7,87.7,82.5,43,4,0,1,0,0,0.3,1.0,32.13,Moderate
STU-3762,balanced,6.9,7.5,6.2,92.1,83.3,78,6,0,0,0,0,1.0,1.8,27.11,Low
STU-3763,struggling,1.0,3.0,3.2,59.9,58.1,74,4,1,0,1,0,0.4,2.1,74.98,High
STU-3764,overworked,5.8,5.6,11.1,76.6,82.5,2,6,1,1,0,0,0.1,1.4,75.9,Critical
STU-3765,struggling,3.4,4.8,6.5,66.7,54.5,3,3,1,1,1,1,0.0,2.3,96.43,Critical
STU-3766,high_achiever,8.7,6.3,7.5,98.1,93.4,13,5,1,0,0,0,1.2,1.5,35.84,Moderate
STU-3767,overworked,4.6,4.7,8.2,80.5,89.1,43,1,0,1,0,1,0.9,2.4,54.21,Moderate
STU-3768,struggling,2.9,6.3,1.2,73.0,57.9,84,4,1,0,0,1,0.1,4.5,60.89,High
STU-3769,overworked,3.9,3.4,10.7,90.1,48.4,47,6,0,0,1,0,1.0,2.2,63.04,High
STU-3770,struggling,1.8,6.1,3.8,75.7,66.7,2,5,1,0,0,1,0.7,3.8,79.49,Critical
STU-3771,high_achiever,7.3,7.1,7.4,96.3,91.7,43,4,0,0,0,0,0.3,2.1,29.9,Low
STU-3772,balanced,6.8,7.3,5.4,86.9,72.0,71,6,0,0,0,0,1.4,1.8,26.35,Low
STU-3773,balanced,7.4,9.0,4.7,80.0,69.7,57,1,0,0,0,0,1.0,2.3,18.45,Low
STU-3774,overworked,5.5,6.0,10.7,76.4,54.7,30,8,1,1,1,0,0.6,2.3,64.65,High
STU-3775,overworked,4.8,5.7,10.0,75.6,57.7,38,8,0,1,0,0,0.7,2.7,54.77,Moderate
STU-3776,at_risk,1.0,3.5,1.6,38.7,47.1,36,3,1,0,0,1,0.2,7.1,94.1,Critical
STU-3777,high_achiever,7.0,6.2,7.1,87.9,89.4,41,8,0,0,1,0,0.8,2.0,37.06,Moderate
STU-3778,overworked,8.7,7.0,9.4,89.5,66.0,18,7,1,0,1,1,0.7,2.1,45.91,Moderate
STU-3779,struggling,1.0,4.2,3.9,78.0,52.4,26,0,1,0,0,0,0.6,4.1,61.93,High
STU-3780,high_achiever,8.6,5.0,7.0,89.0,93.2,90,7,0,0,0,0,0.8,1.7,33.88,Moderate
STU-3781,overworked,3.3,4.9,8.9,87.5,76.8,41,6,0,0,1,0,0.3,1.4,55.69,High
STU-3782,balanced,7.1,5.7,3.7,85.5,64.8,36,3,0,0,0,0,1.9,1.2,26.98,Low
STU-3783,struggling,4.2,3.6,0.1,64.3,43.0,31,3,1,0,0,0,0.3,4.6,66.48,High
STU-3784,balanced,8.8,6.6,4.9,68.7,73.4,86,6,1,0,0,0,1.4,1.5,34.07,Moderate
STU-3785,balanced,7.0,6.0,5.9,80.4,76.0,15,7,0,0,1,0,1.0,1.4,37.64,Moderate
STU-3786,overworked,5.2,6.7,10.7,83.5,68.2,52,2,0,1,0,1,0.0,1.6,50.62,Moderate
STU-3787,overworked,5.1,5.0,10.5,80.7,81.6,78,8,0,1,0,1,0.3,2.4,62.79,High
STU-3788,at_risk,2.7,4.8,3.2,28.2,36.6,47,4,1,0,1,1,0.1,10.0,100.0,Critical
STU-3789,struggling,2.5,5.0,4.2,61.1,49.4,17,5,0,0,0,0,0.6,3.5,56.8,High
STU-3790,high_achiever,7.4,7.3,7.3,85.7,79.2,3,3,0,1,0,0,1.7,1.9,38.2,Moderate
STU-3791,overworked,5.5,6.5,7.8,85.5,65.6,19,0,1,1,1,0,0.3,2.8,50.51,Moderate
STU-3792,at_risk,2.1,3.0,0.0,59.4,25.9,44,3,1,0,1,1,0.5,5.6,93.58,Critical
STU-3793,overworked,2.8,5.7,11.0,91.0,54.7,26,0,1,0,0,0,0.2,2.7,57.23,High
STU-3794,struggling,4.4,4.1,5.8,85.0,53.2,35,0,1,1,0,0,0.4,4.9,63.78,High
STU-3795,high_achiever,8.5,5.8,6.3,86.0,100.0,37,4,1,1,0,0,1.3,1.1,38.4,Moderate
STU-3796,overworked,6.7,5.9,10.7,73.7,73.1,46,3,0,0,0,0,0.4,1.5,36.42,Moderate
STU-3797,overworked,6.1,5.2,10.3,85.9,85.0,55,0,1,1,0,0,0.2,2.7,54.11,Moderate
STU-3798,struggling,3.5,4.6,3.1,85.0,53.3,33,7,0,0,1,0,0.4,4.4,58.49,High
STU-3799,balanced,5.9,7.9,6.4,79.6,67.8,39,5,0,0,1,0,1.3,1.5,31.04,Moderate
STU-3800,high_achiever,6.8,6.7,7.3,96.5,84.1,75,6,1,0,0,0,0.9,0.6,39.77,Moderate
STU-3801,high_achiever,8.5,6.5,5.4,84.9,81.7,64,3,0,1,0,0,1.4,1.5,26.3,Low
STU-3802,high_achiever,8.1,5.9,6.4,95.9,89.6,39,7,0,0,0,0,1.4,1.4,30.23,Moderate
STU-3803,overworked,4.6,4.7,9.0,78.2,57.1,62,0,0,1,0,0,0.3,3.4,50.22,Moderate
STU-3804,overworked,3.5,3.8,13.5,82.6,67.3,49,8,1,1,0,0,0.4,2.4,73.79,High
STU-3805,at_risk,2.0,3.3,0.9,42.0,42.2,51,5,0,1,1,1,0.0,10.0,100.0,Critical
STU-3806,at_risk,1.2,1.0,1.0,58.3,43.9,21,3,1,1,1,1,0.1,5.0,100.0,Critical
STU-3807,struggling,3.4,3.3,2.9,78.0,42.7,36,0,1,1,0,0,0.5,5.9,69.74,High
STU-3808,overworked,4.2,6.1,8.1,77.4,90.4,19,1,0,0,0,0,0.7,2.3,38.37,Moderate
STU-3809,overworked,5.4,6.0,6.4,76.6,49.1,4,4,1,1,1,0,0.4,2.0,76.26,Critical
STU-3810,overworked,6.6,4.5,8.9,81.8,64.3,32,7,1,1,0,0,0.4,3.3,57.57,High
STU-3811,high_achiever,7.4,6.3,10.8,94.0,91.8,16,0,0,1,0,0,1.3,1.8,35.91,Moderate
STU-3812,balanced,7.6,5.8,5.9,81.1,79.4,86,2,0,0,1,0,1.2,2.3,33.21,Moderate
STU-3813,at_risk,1.0,3.1,0.0,51.6,34.4,10,8,1,0,1,0,0.4,6.6,100.0,Critical
STU-3814,at_risk,3.4,3.2,1.3,53.9,57.4,63,7,1,0,1,1,0.3,7.3,92.83,Critical
STU-3815,overworked,4.4,4.2,9.7,93.2,60.6,86,3,1,0,0,1,0.9,1.0,59.98,High
STU-3816,balanced,7.4,6.3,4.8,88.4,86.5,53,5,0,0,0,0,0.4,1.9,30.84,Moderate
STU-3817,struggling,4.2,4.1,1.6,80.5,65.9,68,5,1,1,0,0,0.3,4.1,62.06,High
STU-3818,struggling,1.0,4.9,4.7,63.7,51.0,79,0,0,0,0,1,0.3,3.5,62.27,High
STU-3819,high_achiever,7.7,7.0,8.7,89.9,78.7,21,8,0,0,0,0,1.0,2.4,30.55,Moderate
STU-3820,at_risk,3.4,4.8,1.5,37.5,44.9,14,6,1,0,0,0,0.2,7.6,83.55,Critical
STU-3821,overworked,5.8,3.8,9.6,80.4,82.7,12,3,0,1,0,0,0.3,1.9,56.78,High
STU-3822,overworked,6.3,7.0,9.2,82.5,64.5,5,0,0,1,0,0,0.0,2.5,49.77,Moderate
STU-3823,at_risk,1.0,5.1,2.6,49.1,32.9,33,2,0,1,1,1,0.2,7.1,91.13,Critical
STU-3824,high_achiever,8.7,7.4,9.4,86.8,81.6,77,5,0,1,0,0,1.1,1.0,30.56,Moderate
STU-3825,struggling,4.7,5.6,5.4,59.7,57.6,75,1,0,1,0,1,0.4,4.8,59.11,High
STU-3826,balanced,6.3,7.5,4.5,67.8,74.7,11,4,0,1,0,0,1.8,0.1,37.31,Moderate
STU-3827,high_achiever,8.3,5.2,6.7,85.3,79.0,46,3,1,1,0,0,0.8,0.8,39.96,Moderate
STU-3828,high_achiever,7.8,8.1,7.9,96.1,89.8,39,4,0,1,1,0,0.7,1.6,35.93,Moderate
STU-3829,balanced,8.0,7.2,6.1,100.0,81.7,78,6,0,1,0,0,1.1,1.8,29.78,Low
STU-3830,overworked,9.0,6.6,9.6,99.8,76.3,90,6,0,0,0,0,0.3,2.9,33.25,Moderate
STU-3831,balanced,8.0,5.9,4.5,93.9,88.5,71,2,0,0,0,0,1.8,3.1,26.56,Low
STU-3832,struggling,4.8,3.4,2.6,38.1,48.1,34,5,1,0,0,0,0.0,6.4,78.67,Critical
STU-3833,balanced,5.2,6.8,7.9,81.0,67.0,13,0,0,0,0,0,0.5,0.7,36.61,Moderate
STU-3834,overworked,4.8,4.6,8.9,76.6,57.7,88,1,1,0,0,0,0.5,1.1,49.03,Moderate
STU-3835,balanced,8.2,7.3,6.3,99.2,74.5,81,2,0,0,0,0,1.2,1.6,19.77,Low
STU-3836,balanced,6.2,7.1,5.9,85.3,75.5,53,8,1,0,1,0,1.6,1.8,41.44,Moderate
STU-3837,at_risk,1.6,2.0,4.2,37.5,26.9,81,6,1,1,0,1,0.0,5.6,100.0,Critical
STU-3838,balanced,6.9,9.0,5.6,98.5,82.2,18,0,0,0,0,0,1.3,2.7,19.16,Low
STU-3839,struggling,5.0,7.0,2.8,50.1,43.9,0,0,0,0,0,0,0.8,7.0,65.01,High
STU-3840,overworked,2.0,4.8,8.0,73.1,59.5,81,5,1,0,0,0,0.0,3.7,62.87,High
STU-3841,overworked,7.6,4.8,7.8,83.1,66.1,20,2,0,1,0,0,0.3,2.3,39.15,Moderate
STU-3842,balanced,5.6,7.0,6.7,74.8,76.2,43,7,0,0,0,0,1.8,1.7,31.02,Moderate
STU-3843,high_achiever,7.8,6.0,5.8,86.1,87.2,78,5,1,1,0,0,1.3,1.8,40.29,Moderate
STU-3844,balanced,8.3,7.2,5.6,60.0,68.5,65,0,0,0,0,0,0.6,2.2,25.41,Low
STU-3845,high_achiever,6.9,6.7,5.3,85.8,80.7,48,0,1,0,0,1,1.2,2.1,36.46,Moderate
STU-3846,overworked,7.5,5.0,9.9,77.4,68.0,53,5,1,0,0,0,0.5,2.8,45.57,Moderate
STU-3847,high_achiever,7.6,7.7,7.2,92.4,92.0,77,5,0,1,0,0,0.8,1.4,32.14,Moderate
STU-3848,balanced,8.4,5.1,4.6,74.0,74.0,74,8,0,0,1,0,0.8,2.2,38.83,Moderate
STU-3849,overworked,6.8,6.0,10.5,74.6,71.0,49,5,1,0,1,1,0.3,1.1,58.55,High
STU-3850,struggling,3.9,2.7,4.3,59.3,27.3,67,8,1,0,1,0,0.0,3.7,84.14,Critical
STU-3851,at_risk,3.3,4.3,2.9,47.5,58.7,78,3,1,0,1,1,0.2,6.6,83.35,Critical
STU-3852,balanced,6.8,7.0,3.0,78.9,89.1,17,0,0,0,0,0,1.3,1.9,24.61,Low
STU-3853,at_risk,2.9,2.7,2.0,31.0,40.2,1,4,0,0,0,1,0.0,8.1,100.0,Critical
STU-3854,overworked,4.3,4.9,10.0,65.9,64.8,73,0,0,0,0,0,0.4,3.3,44.4,Moderate
STU-3855,balanced,7.8,6.7,4.9,76.6,72.1,66,5,1,0,0,0,1.4,1.5,34.84,Moderate
STU-3856,high_achiever,8.3,6.6,6.8,96.9,93.0,75,1,0,0,0,0,0.5,1.0,24.4,Low
STU-3857,overworked,6.9,4.7,8.4,78.8,84.8,56,2,0,0,0,0,0.4,1.2,36.66,Moderate
STU-3858,struggling,5.2,4.4,5.4,72.4,51.3,27,0,1,0,0,0,0.3,2.0,51.37,Moderate
STU-3859,high_achiever,7.5,6.2,6.3,93.3,78.2,1,8,1,1,0,0,0.6,1.4,58.58,High
STU-3860,overworked,6.0,4.4,11.9,84.9,76.8,52,5,0,1,0,0,0.2,4.1,57.38,High
STU-3861,overworked,4.4,5.7,9.8,69.8,92.0,84,8,0,1,1,0,0.7,2.2,62.15,High
STU-3862,struggling,5.2,4.5,6.9,69.9,59.4,0,1,0,1,0,0,0.2,4.9,68.55,High
STU-3863,struggling,6.2,2.6,5.5,51.5,51.3,65,5,1,0,1,0,0.2,4.0,73.05,High
STU-3864,overworked,5.5,4.3,9.7,71.0,64.6,52,7,0,0,0,0,0.0,1.8,50.98,Moderate
STU-3865,struggling,4.1,6.7,7.4,56.4,42.0,61,4,0,0,1,0,0.6,5.3,60.42,High
STU-3866,high_achiever,8.1,6.4,6.8,93.2,83.7,29,5,0,0,0,0,1.5,0.7,27.35,Low
STU-3867,struggling,1.2,4.7,3.0,43.8,27.3,90,5,1,0,0,0,0.0,4.9,82.77,Critical
STU-3868,struggling,2.4,6.1,1.7,70.1,41.3,90,7,1,0,0,1,0.0,3.9,71.97,High
STU-3869,at_risk,1.1,3.8,0.6,36.3,42.8,67,6,1,0,0,1,0.5,4.4,91.03,Critical
STU-3870,struggling,3.5,3.9,5.1,51.9,38.2,83,1,0,1,1,0,0.4,7.2,78.95,Critical
STU-3871,high_achiever,6.7,6.1,8.2,98.9,86.4,52,5,0,1,0,0,0.8,2.2,40.29,Moderate
STU-3872,high_achiever,7.3,6.0,5.6,100.0,93.5,14,6,1,1,0,0,0.7,2.3,46.26,Moderate
STU-3873,overworked,6.2,4.3,8.7,77.6,50.3,6,3,0,1,0,0,0.3,2.2,68.89,High
STU-3874,overworked,4.6,5.8,6.4,89.7,61.0,24,0,0,1,0,0,0.4,2.5,43.06,Moderate
STU-3875,balanced,7.1,6.0,4.4,90.0,70.2,35,2,0,0,0,0,1.2,0.9,28.81,Low
STU-3876,balanced,5.9,7.7,4.2,90.1,75.1,84,2,1,0,0,0,1.0,2.8,33.84,Moderate
STU-3877,overworked,5.0,5.9,7.3,55.0,81.6,55,0,1,1,0,0,0.1,2.9,55.49,High
STU-3878,at_risk,1.3,4.1,1.4,31.8,25.4,26,3,0,0,0,1,0.0,7.0,89.33,Critical
STU-3879,at_risk,2.5,3.3,0.6,25.2,60.0,56,3,1,1,0,0,0.1,9.8,96.87,Critical
STU-3880,overworked,5.0,5.2,9.7,96.4,78.3,44,5,0,1,0,0,0.2,2.5,53.22,Moderate
STU-3881,overworked,3.7,5.5,11.5,69.4,62.8,50,0,1,1,1,1,0.7,1.9,68.51,High
STU-3882,struggling,5.3,5.2,3.6,75.5,66.3,51,2,1,0,0,0,0.3,7.8,56.95,High
STU-3883,overworked,2.5,4.0,6.1,74.8,57.9,38,1,1,1,1,0,0.2,3.1,66.22,High
STU-3884,balanced,7.3,7.1,5.4,83.0,57.1,56,2,0,0,0,0,0.9,2.7,25.76,Low
STU-3885,high_achiever,9.1,5.5,5.2,86.2,91.8,45,5,1,1,0,0,0.8,1.6,40.93,Moderate
STU-3886,high_achiever,7.8,7.4,7.9,85.3,83.3,2,7,0,0,0,0,1.7,1.6,31.15,Moderate
STU-3887,overworked,3.3,5.9,10.6,68.8,77.5,23,6,0,1,1,1,0.9,3.4,70.76,High
STU-3888,overworked,6.3,4.8,8.9,77.8,61.2,36,6,0,1,0,0,0.3,3.2,48.98,Moderate
STU-3889,balanced,5.7,7.7,5.1,66.6,74.5,43,1,0,0,1,0,1.1,1.5,33.07,Moderate
STU-3890,struggling,2.0,4.5,3.2,62.5,31.2,8,7,0,0,0,0,0.1,4.8,81.17,Critical
STU-3891,overworked,8.3,5.8,10.2,90.7,67.0,12,4,1,1,0,0,0.9,3.1,54.14,Moderate
STU-3892,struggling,6.9,5.0,6.8,65.6,45.3,79,8,1,1,1,0,0.1,4.3,68.28,High
STU-3893,balanced,8.5,7.0,3.6,83.7,76.0,84,7,0,0,0,0,1.0,2.0,25.84,Low
STU-3894,overworked,6.5,5.6,10.0,65.0,91.2,4,7,1,1,0,0,0.0,2.1,75.35,Critical
STU-3895,balanced,7.6,7.1,5.3,94.1,83.9,26,4,0,0,0,0,1.1,2.3,27.65,Low
STU-3896,balanced,8.3,6.9,3.6,84.6,80.3,52,2,0,0,0,0,0.9,1.8,22.34,Low
STU-3897,at_risk,3.9,5.4,3.8,46.7,51.8,6,7,0,0,1,1,0.2,6.1,100.0,Critical
STU-3898,overworked,4.4,5.6,10.8,75.1,75.6,46,7,0,1,0,0,0.7,2.4,54.54,Moderate
STU-3899,overworked,5.7,5.8,9.2,74.9,70.2,82,4,0,0,1,0,0.8,0.8,41.19,Moderate
STU-3900,overworked,8.9,5.3,8.9,85.9,62.1,84,1,0,0,0,0,0.0,2.5,31.21,Moderate
STU-3901,high_achiever,7.9,6.7,7.2,82.5,85.2,46,7,0,0,0,0,1.2,0.7,25.65,Low
STU-3902,at_risk,1.4,4.2,0.0,60.4,42.7,81,7,1,0,1,1,0.0,3.2,84.11,Critical
STU-3903,overworked,6.7,6.3,8.0,89.4,76.9,79,5,1,1,0,0,0.4,1.6,46.31,Moderate
STU-3904,balanced,9.0,7.1,7.1,83.9,71.4,2,5,0,0,0,0,1.4,3.1,29.0,Low
STU-3905,overworked,6.9,5.2,7.3,63.3,65.5,83,6,0,0,0,0,0.5,2.9,39.52,Moderate
STU-3906,overworked,6.5,4.9,9.5,83.9,87.5,80,1,1,0,0,0,0.5,1.1,44.23,Moderate
STU-3907,high_achiever,8.5,7.1,7.8,88.4,76.8,81,4,0,1,0,0,1.2,0.8,30.29,Moderate
STU-3908,overworked,6.5,4.5,9.3,80.0,63.9,56,1,1,1,1,0,0.0,2.2,57.88,High
STU-3909,overworked,7.5,4.2,11.1,66.5,56.6,88,3,0,0,0,0,0.3,1.4,44.34,Moderate
STU-3910,at_risk,4.4,3.0,5.5,33.1,17.5,5,8,1,0,1,1,0.4,4.7,100.0,Critical
STU-3911,high_achiever,6.7,6.5,5.4,90.6,82.2,15,7,0,1,0,0,1.1,1.7,38.03,Moderate
STU-3912,balanced,7.7,6.9,5.0,85.8,74.1,78,0,0,0,1,0,1.2,2.0,24.41,Low
STU-3913,struggling,6.1,4.2,3.7,61.5,59.8,58,4,1,1,0,0,0.4,4.7,65.17,High
STU-3914,struggling,1.0,6.0,4.9,40.0,63.2,40,5,1,0,0,0,0.6,5.6,69.31,High
STU-3915,struggling,5.0,5.7,2.6,67.3,47.8,74,3,1,0,1,0,0.6,4.3,57.77,High
STU-3916,struggling,3.9,2.9,3.3,66.3,62.4,31,5,0,0,1,0,0.4,2.7,61.36,High
STU-3917,at_risk,3.9,3.6,0.9,40.0,35.6,45,8,0,0,1,0,0.2,5.6,79.01,Critical
STU-3918,struggling,5.5,4.8,1.9,65.5,53.9,27,4,1,1,1,0,0.1,6.6,71.86,High
STU-3919,high_achiever,7.6,6.4,7.5,90.6,84.5,24,0,0,1,0,0,1.4,0.7,27.11,Low
STU-3920,balanced,8.0,8.9,6.6,96.9,71.5,63,4,1,0,0,0,0.9,2.1,26.95,Low
STU-3921,at_risk,1.2,3.3,2.0,37.8,31.3,61,6,1,0,1,1,0.3,7.1,100.0,Critical
STU-3922,overworked,6.0,4.1,10.1,68.5,66.9,2,3,0,1,0,0,0.1,1.7,69.06,High
STU-3923,high_achiever,7.4,5.9,8.4,90.4,81.8,58,3,0,0,1,0,0.6,0.5,35.96,Moderate
STU-3924,high_achiever,6.7,7.0,7.0,98.8,86.3,49,0,0,1,0,0,0.7,0.5,32.15,Moderate
STU-3925,struggling,2.1,4.0,6.0,69.3,56.7,30,7,0,0,0,0,0.6,6.2,66.38,High
STU-3926,high_achiever,7.3,6.2,5.9,90.8,84.2,64,8,0,0,0,0,0.3,1.1,36.36,Moderate
STU-3927,overworked,5.9,5.7,9.3,59.1,68.7,25,2,0,1,0,0,0.7,1.3,48.22,Moderate
STU-3928,balanced,5.5,7.0,6.2,79.5,94.8,10,1,0,1,0,0,1.0,1.5,39.23,Moderate
STU-3929,struggling,2.9,2.8,1.9,71.1,48.3,42,4,0,0,0,1,0.8,4.1,68.03,High
STU-3930,overworked,6.3,4.5,8.2,60.7,75.5,34,6,0,1,0,0,0.8,0.9,50.58,Moderate
STU-3931,at_risk,1.8,4.1,1.5,67.8,33.4,36,1,0,1,1,1,0.0,5.3,81.89,Critical
STU-3932,balanced,7.7,6.7,6.0,75.7,72.6,89,5,1,0,0,0,0.9,1.3,36.15,Moderate
STU-3933,balanced,6.5,6.7,6.8,88.0,88.1,43,2,0,0,0,1,1.4,1.4,35.63,Moderate
STU-3934,balanced,7.8,6.9,5.6,83.4,73.1,27,7,0,0,0,0,0.6,2.8,30.41,Moderate
STU-3935,high_achiever,7.9,8.0,6.2,94.3,80.2,35,7,0,0,0,0,1.1,1.5,24.93,Low
STU-3936,at_risk,3.7,2.9,4.1,70.0,35.0,33,8,1,0,1,0,0.1,5.2,80.26,Critical
STU-3937,balanced,6.0,7.6,3.0,76.4,74.6,23,7,1,0,1,1,1.7,1.5,46.55,Moderate
STU-3938,balanced,7.1,7.8,6.0,88.6,70.6,50,4,1,0,0,0,0.8,2.0,31.05,Moderate
STU-3939,overworked,5.5,5.3,11.4,85.9,63.2,85,7,1,0,1,0,0.1,3.6,60.34,High
STU-3940,overworked,4.8,5.6,12.0,76.1,70.3,77,5,0,1,0,1,0.1,2.3,58.87,High
STU-3941,balanced,6.4,7.6,5.0,89.3,73.8,23,1,0,0,0,0,0.7,2.5,23.54,Low
STU-3942,overworked,4.6,4.8,11.0,72.7,60.7,6,4,1,1,0,0,0.4,2.0,80.37,Critical
STU-3943,balanced,7.4,6.0,3.4,99.1,75.8,85,2,0,0,1,0,1.3,1.3,32.13,Moderate
STU-3944,overworked,4.7,2.2,8.6,75.2,68.3,59,4,1,1,0,0,0.3,1.7,64.26,High
STU-3945,balanced,6.9,5.7,3.2,82.8,75.9,29,0,0,0,0,0,1.6,1.6,24.26,Low
STU-3946,overworked,2.6,4.1,10.1,92.4,70.5,90,7,0,0,0,0,0.0,1.5,56.14,High
STU-3947,struggling,3.4,5.8,5.3,59.9,54.2,90,7,1,1,0,0,0.1,2.2,68.41,High
STU-3948,struggling,1.0,2.3,6.2,62.2,38.5,12,3,1,1,0,0,0.5,6.0,99.29,Critical
STU-3949,overworked,4.7,5.9,8.3,80.8,84.2,35,2,0,1,0,1,0.0,1.9,52.2,Moderate
STU-3950,balanced,5.4,6.6,6.8,76.4,63.1,50,2,0,0,0,0,1.7,2.1,28.91,Low
STU-3951,high_achiever,7.7,7.2,7.4,94.2,80.8,14,6,1,1,0,0,0.2,1.7,43.63,Moderate
STU-3952,struggling,3.7,5.6,3.0,60.9,73.0,35,8,0,1,0,0,0.2,4.3,57.26,High
STU-3953,balanced,7.9,6.4,5.7,79.5,71.4,47,8,0,0,0,0,1.2,1.8,31.35,Moderate
STU-3954,balanced,8.7,7.5,7.0,88.8,79.0,10,0,0,0,0,0,1.8,1.0,16.2,Low
STU-3955,overworked,4.3,4.7,10.5,66.8,75.0,39,5,1,0,0,1,0.2,1.9,65.81,High
STU-3956,at_risk,4.2,2.8,1.9,31.8,29.3,3,2,1,0,1,1,0.0,6.7,100.0,Critical
STU-3957,high_achiever,8.3,6.0,7.6,91.6,84.7,69,3,1,0,0,0,0.5,1.5,35.55,Moderate
STU-3958,balanced,7.3,7.3,6.3,73.2,73.3,61,0,0,0,0,0,1.4,1.6,22.23,Low
STU-3959,at_risk,2.6,1.5,3.3,46.2,16.8,63,1,1,0,1,1,0.0,3.7,98.29,Critical
STU-3960,at_risk,2.5,2.6,3.2,54.9,35.2,7,4,1,1,1,1,0.0,4.5,100.0,Critical
STU-3961,balanced,7.9,5.7,5.4,80.0,83.3,50,4,1,0,0,0,1.3,2.1,34.34,Moderate
STU-3962,struggling,2.2,4.1,4.7,71.3,46.8,30,7,1,0,0,1,0.0,3.2,74.92,High
STU-3963,overworked,5.7,6.5,9.7,84.1,62.2,58,7,1,0,0,0,0.4,2.3,48.32,Moderate
STU-3964,at_risk,2.5,3.6,2.7,65.5,15.0,41,7,1,1,1,1,0.3,2.8,94.89,Critical
STU-3965,struggling,7.5,4.4,3.8,58.3,60.0,30,0,0,1,1,0,0.4,3.8,51.66,Moderate
STU-3966,balanced,6.1,6.9,5.0,83.1,69.3,57,5,1,0,0,0,1.1,1.8,37.13,Moderate
STU-3967,at_risk,2.8,3.3,0.8,49.2,35.9,14,0,0,0,1,0,0.3,8.5,76.82,Critical
STU-3968,overworked,6.4,5.8,7.5,83.8,79.0,56,3,1,1,1,0,0.1,2.0,52.34,Moderate
STU-3969,high_achiever,8.3,5.8,8.4,80.9,92.9,37,2,0,0,0,0,1.2,1.1,28.44,Low
STU-3970,overworked,3.9,5.1,9.9,80.4,61.6,74,4,1,0,0,0,0.3,2.3,54.4,Moderate
STU-3971,high_achiever,8.0,6.1,8.2,98.8,83.2,73,7,0,1,0,0,1.4,1.3,35.27,Moderate
STU-3972,overworked,4.9,5.1,6.8,84.3,70.9,43,7,0,1,0,0,0.7,2.7,49.34,Moderate
STU-3973,balanced,6.8,8.2,8.1,79.3,83.3,26,4,0,0,0,0,0.9,1.4,24.67,Low
STU-3974,struggling,5.0,3.2,5.8,73.3,59.9,1,8,1,0,1,1,0.2,6.0,95.65,Critical
STU-3975,overworked,6.2,5.2,6.7,82.1,75.9,55,6,0,1,0,0,0.0,1.3,48.73,Moderate
STU-3976,high_achiever,7.7,7.2,8.4,93.0,91.1,52,1,0,1,0,0,0.2,1.3,27.88,Low
STU-3977,balanced,5.5,6.6,4.7,82.3,74.8,56,7,1,0,0,1,1.3,1.9,48.05,Moderate
STU-3978,at_risk,1.5,2.8,1.9,47.7,25.0,72,6,1,0,1,1,0.3,7.6,100.0,Critical
STU-3979,balanced,7.0,8.6,5.7,85.2,70.1,56,1,1,0,0,0,1.1,2.7,27.24,Low
STU-3980,struggling,3.9,4.5,7.3,62.5,42.0,15,2,1,0,0,0,0.1,6.0,65.46,High
STU-3981,struggling,4.7,3.6,0.7,50.2,52.3,83,2,1,1,0,0,0.7,6.2,73.15,High
STU-3982,overworked,7.0,4.6,7.3,78.2,54.9,18,3,1,1,0,0,0.6,2.8,50.85,Moderate
STU-3983,struggling,4.2,4.7,4.8,47.1,59.2,90,0,0,1,1,0,0.0,6.0,69.75,High
STU-3984,high_achiever,7.3,7.4,5.1,96.5,93.6,29,0,0,1,0,0,1.1,1.3,27.51,Low
STU-3985,overworked,4.6,7.0,8.6,91.2,62.6,50,5,1,1,0,0,0.9,3.8,54.0,Moderate
STU-3986,high_achiever,8.0,5.8,5.7,92.5,93.7,6,0,0,1,0,0,0.8,2.5,40.66,Moderate
STU-3987,high_achiever,8.0,6.7,6.9,80.8,81.3,43,4,0,1,0,0,1.1,1.4,32.19,Moderate
STU-3988,struggling,5.1,4.2,2.1,80.6,35.7,80,8,0,0,1,0,0.1,3.5,62.35,High
STU-3989,high_achiever,8.9,6.4,7.3,93.1,95.8,67,0,1,1,0,0,0.3,1.8,36.71,Moderate
STU-3990,overworked,4.9,5.3,10.6,83.8,91.6,46,5,0,1,0,0,0.4,2.2,51.48,Moderate
STU-3991,high_achiever,8.2,6.5,7.0,91.1,84.2,81,7,0,0,0,0,0.8,1.6,28.44,Low
STU-3992,struggling,4.9,4.6,2.9,80.8,50.8,16,2,1,1,1,0,0.5,3.8,60.53,High
STU-3993,balanced,6.6,5.3,5.2,93.7,67.8,79,5,0,0,1,0,0.4,2.7,41.11,Moderate
STU-3994,struggling,4.0,5.4,4.3,71.0,62.8,84,2,0,0,0,0,0.0,2.7,45.31,Moderate
STU-3995,struggling,2.8,3.7,1.6,57.1,47.8,66,7,1,0,1,0,0.0,3.2,77.34,Critical
STU-3996,balanced,6.4,6.5,2.9,97.5,82.5,72,5,0,1,0,0,1.0,1.3,36.83,Moderate
STU-3997,high_achiever,7.8,5.6,4.0,88.4,75.6,50,4,1,0,0,0,1.1,1.5,34.68,Moderate
STU-3998,overworked,4.7,6.8,10.7,73.5,92.9,64,0,1,1,0,0,0.0,1.5,51.43,Moderate
STU-3999,overworked,3.2,6.8,9.8,70.1,74.5,39,5,1,1,1,0,0.4,2.0,60.9,High
STU-4000,struggling,1.8,7.0,1.5,82.4,41.9,83,0,1,1,0,0,0.5,5.5,63.6,High
STU-4001,balanced,7.9,5.7,4.7,71.1,76.5,50,4,0,0,0,0,0.7,0.6,30.46,Moderate
STU-4002,struggling,1.0,4.8,1.6,51.9,25.0,34,6,0,0,0,1,0.8,2.6,75.24,Critical
STU-4003,overworked,2.8,4.2,12.1,81.0,62.8,45,2,0,1,0,0,0.4,1.8,60.54,High
STU-4004,overworked,6.6,4.7,9.8,80.4,66.7,29,6,0,1,1,0,0.2,1.8,55.33,High
STU-4005,balanced,8.0,6.1,5.2,76.0,81.4,24,3,0,0,0,0,1.0,3.1,28.72,Low
STU-4006,balanced,8.4,6.2,5.5,86.9,66.7,88,8,0,0,0,0,1.2,2.4,29.25,Low
STU-4007,balanced,6.3,8.4,4.1,83.2,69.3,33,5,0,0,0,0,0.8,2.2,25.42,Low
STU-4008,overworked,6.1,2.7,10.3,70.8,51.2,84,8,0,1,0,1,1.0,2.7,70.06,High
STU-4009,overworked,7.4,5.2,8.3,76.3,63.2,5,1,0,0,0,1,0.2,1.2,50.51,Moderate
STU-4010,struggling,5.3,4.9,2.7,49.7,47.1,3,2,1,0,0,0,0.0,5.0,83.8,Critical
STU-4011,overworked,9.1,3.9,10.9,70.9,58.7,45,2,0,1,0,1,0.1,2.3,52.91,Moderate
STU-4012,balanced,6.6,6.6,4.6,75.5,55.6,34,3,0,0,0,1,1.2,1.8,35.05,Moderate
STU-4013,high_achiever,8.1,7.5,7.0,97.7,98.4,68,5,0,0,0,0,2.0,0.8,18.73,Low
STU-4014,at_risk,2.1,3.6,4.4,57.4,23.6,82,7,0,1,0,0,0.0,6.1,82.51,Critical
STU-4015,balanced,7.2,6.0,3.5,74.4,78.3,58,4,0,0,0,0,1.4,1.9,29.93,Low
STU-4016,struggling,5.3,4.7,3.6,63.6,50.2,71,7,1,0,1,1,0.0,6.5,77.77,Critical
STU-4017,high_achiever,6.8,7.5,6.3,90.5,91.1,66,8,0,1,0,0,1.1,2.1,34.61,Moderate
STU-4018,balanced,8.9,6.4,7.1,63.9,66.2,60,7,1,0,0,0,1.3,1.6,36.2,Moderate
STU-4019,balanced,7.2,6.0,4.2,83.9,69.7,33,4,0,0,0,0,1.7,1.7,28.16,Low
STU-4020,balanced,7.6,6.5,3.1,91.5,67.2,59,8,0,0,0,0,1.0,1.7,30.19,Moderate
STU-4021,overworked,6.9,5.0,9.3,88.2,76.0,51,4,0,0,0,1,0.2,1.3,44.56,Moderate
STU-4022,balanced,7.2,6.0,5.6,81.0,54.7,73,0,0,0,1,0,0.6,0.1,33.72,Moderate
STU-4023,high_achiever,8.7,5.2,5.4,90.2,78.6,16,4,1,0,0,0,0.6,1.7,36.08,Moderate
STU-4024,overworked,3.3,2.9,12.8,89.3,65.5,72,4,0,0,0,0,0.4,1.8,60.46,High
STU-4025,balanced,6.3,6.6,6.0,93.6,80.9,16,4,1,0,0,0,1.7,1.6,33.86,Moderate
STU-4026,at_risk,1.0,3.6,2.6,43.5,28.7,16,5,1,0,0,0,0.3,7.5,93.01,Critical
STU-4027,overworked,4.1,4.3,11.3,77.5,64.3,6,1,1,1,0,0,0.3,2.2,82.58,Critical
STU-4028,high_achiever,7.7,7.1,7.6,86.6,79.7,86,5,1,0,0,0,0.8,0.7,33.51,Moderate
STU-4029,balanced,8.7,7.0,4.6,97.3,67.6,23,6,1,0,1,0,0.8,2.5,38.46,Moderate
STU-4030,overworked,5.3,5.8,10.0,66.1,46.0,1,0,1,1,0,0,0.2,3.1,77.73,Critical
STU-4031,struggling,4.7,4.7,1.0,57.1,56.3,42,8,1,1,0,1,0.1,4.3,78.01,Critical
STU-4032,at_risk,2.6,4.5,2.6,33.7,32.3,81,3,1,0,1,1,0.1,8.9,97.81,Critical
STU-4033,high_achiever,6.4,6.8,6.1,84.6,85.1,53,7,0,0,0,0,1.4,1.1,31.21,Moderate
STU-4034,high_achiever,8.3,7.1,6.1,85.4,79.1,2,2,0,1,0,0,1.3,1.7,33.1,Moderate
STU-4035,balanced,9.3,6.1,6.7,94.2,75.9,30,6,0,1,0,0,0.9,1.4,31.5,Moderate
STU-4036,overworked,7.1,3.8,6.7,81.6,75.8,4,0,1,1,0,1,1.0,1.1,68.33,High
STU-4037,overworked,7.2,5.1,9.2,85.9,64.0,38,2,0,1,0,0,0.7,1.2,38.77,Moderate
STU-4038,overworked,5.1,2.4,9.6,60.7,72.8,84,0,1,0,0,0,0.5,2.1,60.42,High
STU-4039,high_achiever,8.0,6.3,9.2,93.0,89.6,76,2,1,0,0,0,1.4,1.7,37.0,Moderate
STU-4040,high_achiever,7.9,6.5,6.2,89.7,80.6,34,3,0,0,0,0,1.3,0.9,24.53,Low
STU-4041,struggling,4.8,4.7,2.2,70.4,51.0,35,5,1,1,0,0,0.0,3.3,65.95,High
STU-4042,at_risk,4.0,4.0,3.2,36.3,34.9,88,5,0,0,0,1,0.3,7.1,81.59,Critical
STU-4043,balanced,7.0,7.9,6.8,87.2,75.5,65,1,0,0,0,0,1.1,2.2,19.67,Low
STU-4044,at_risk,1.6,2.0,3.9,37.2,42.8,80,3,1,0,1,1,0.1,10.0,100.0,Critical
STU-4045,balanced,5.3,7.9,5.0,80.4,69.6,37,7,0,0,1,0,1.3,1.9,33.39,Moderate
STU-4046,at_risk,2.0,3.6,0.0,26.4,58.0,58,2,1,0,1,1,0.2,5.2,88.4,Critical
STU-4047,balanced,7.1,7.8,8.7,97.1,67.9,16,3,1,1,0,0,1.0,0.9,37.3,Moderate
STU-4048,high_achiever,7.6,6.2,9.5,84.4,84.7,45,5,1,0,0,0,0.2,1.6,39.76,Moderate
STU-4049,struggling,5.7,4.2,1.4,36.8,40.3,89,0,1,0,0,1,0.4,5.4,74.2,High
STU-4050,overworked,6.9,3.9,6.0,80.8,82.9,43,6,1,0,0,0,0.8,1.2,45.78,Moderate
STU-4051,overworked,6.6,4.4,9.7,70.8,59.1,11,2,1,0,0,0,0.1,3.0,60.45,High
STU-4052,overworked,7.4,5.5,11.9,86.2,77.6,9,1,0,0,0,0,0.4,4.6,48.28,Moderate
STU-4053,high_achiever,6.2,6.7,5.8,96.1,89.4,44,3,0,0,0,0,0.9,1.0,29.35,Low
STU-4054,high_achiever,7.3,7.1,7.7,100.0,82.3,78,7,1,0,0,0,0.9,1.3,36.87,Moderate
STU-4055,balanced,8.2,6.8,7.9,86.7,71.1,15,6,0,0,0,0,0.9,2.4,28.69,Low
STU-4056,overworked,5.5,4.4,9.4,71.6,83.6,35,6,1,0,0,1,0.6,2.1,59.79,High
STU-4057,balanced,7.3,7.0,4.4,66.8,68.6,9,8,0,0,0,0,1.1,1.4,37.74,Moderate
STU-4058,struggling,3.7,6.7,2.7,63.7,48.5,0,7,0,0,1,1,0.4,6.4,87.81,Critical
STU-4059,overworked,2.5,5.5,8.0,74.9,76.9,71,6,1,1,1,0,0.1,3.1,68.12,High
STU-4060,struggling,7.3,4.6,6.1,76.4,44.7,9,4,1,0,0,0,0.0,5.0,61.66,High
STU-4061,balanced,8.8,6.8,5.1,70.8,78.4,5,0,1,0,1,0,0.7,2.1,43.91,Moderate
STU-4062,balanced,6.5,7.8,5.2,70.2,87.4,6,3,1,0,0,0,0.8,2.1,44.84,Moderate
STU-4063,struggling,4.6,4.9,2.0,82.3,63.5,76,3,1,0,0,1,0.4,2.8,54.09,Moderate
STU-4064,balanced,7.9,5.4,5.9,71.4,68.1,31,8,0,0,0,0,0.6,1.9,37.3,Moderate
STU-4065,struggling,4.5,5.0,3.8,70.2,57.6,11,8,1,0,0,0,0.0,6.2,74.42,High
STU-4066,high_achiever,7.5,5.1,7.3,92.6,82.4,80,0,1,1,0,0,1.1,1.9,44.81,Moderate
STU-4067,struggling,4.2,4.9,2.3,56.0,50.4,20,6,1,0,0,0,0.7,6.0,69.87,High
STU-4068,overworked,3.3,3.7,11.2,92.5,70.3,20,0,0,1,0,0,0.0,1.6,58.96,High
STU-4069,high_achiever,7.1,6.6,9.3,98.1,89.9,57,2,0,1,0,0,1.0,1.2,36.67,Moderate
STU-4070,struggling,4.0,4.6,1.2,53.4,61.0,28,0,1,0,1,0,0.0,5.2,66.77,High
STU-4071,at_risk,3.0,4.1,2.9,38.6,20.4,66,5,1,0,1,0,0.0,7.7,92.18,Critical
STU-4072,balanced,6.2,6.2,3.3,72.8,83.0,59,1,1,0,0,0,0.9,0.8,36.08,Moderate
STU-4073,overworked,6.3,3.2,10.9,63.6,66.0,65,6,1,1,0,0,0.3,1.8,67.13,High
STU-4074,overworked,6.7,5.0,8.6,82.6,72.1,10,6,1,1,0,0,0.2,2.2,61.23,High
STU-4075,overworked,4.2,5.8,10.2,85.7,76.4,51,3,1,1,0,0,0.1,3.0,58.48,High
STU-4076,at_risk,3.4,3.4,2.5,53.1,47.8,83,7,1,0,1,0,0.0,3.0,78.34,Critical
STU-4077,balanced,7.6,6.4,5.9,70.7,100.0,44,6,0,1,1,0,1.7,2.2,39.28,Moderate
STU-4078,overworked,4.6,3.7,9.3,69.4,62.0,30,0,0,1,0,0,0.0,2.4,54.99,Moderate
STU-4079,struggling,4.8,5.0,3.8,85.0,61.9,20,6,1,0,0,1,0.0,5.5,63.86,High
STU-4080,balanced,5.9,5.9,6.0,87.6,66.6,18,4,1,0,0,0,1.6,2.0,40.37,Moderate
STU-4081,struggling,5.6,4.3,6.0,48.5,75.0,3,0,1,0,0,1,0.0,4.7,83.03,Critical
STU-4082,at_risk,2.1,6.0,1.3,60.8,35.2,4,8,1,0,1,1,0.3,5.1,100.0,Critical
STU-4083,high_achiever,8.3,6.0,10.3,94.4,83.6,65,7,0,1,0,0,0.7,1.4,39.49,Moderate
STU-4084,balanced,9.0,7.3,5.4,90.4,69.2,36,3,0,0,1,0,0.7,1.7,25.37,Low
STU-4085,struggling,4.8,2.7,2.8,30.0,37.8,28,5,0,1,1,1,0.5,6.2,91.6,Critical
STU-4086,balanced,6.9,7.0,6.8,94.2,76.2,35,1,0,0,0,0,1.1,0.9,24.27,Low
STU-4087,overworked,8.6,6.3,9.8,81.0,63.1,52,6,0,0,0,0,0.3,2.3,34.43,Moderate
STU-4088,balanced,8.2,7.8,6.1,74.0,67.3,48,2,0,0,0,0,0.8,1.9,17.28,Low
STU-4089,balanced,7.2,8.1,6.3,79.2,69.4,21,2,1,0,0,1,1.5,2.0,32.52,Moderate
STU-4090,balanced,6.6,7.1,5.1,88.3,84.9,59,7,1,0,0,0,0.7,1.1,40.39,Moderate
STU-4091,at_risk,2.7,2.4,3.5,53.1,60.0,66,0,0,1,1,1,0.1,8.4,85.94,Critical
STU-4092,high_achiever,8.9,7.2,8.9,96.6,84.4,64,0,1,0,0,0,0.5,1.1,26.59,Low
STU-4093,overworked,4.1,5.4,9.4,75.8,62.1,23,3,1,1,0,0,0.0,2.3,59.76,High
STU-4094,struggling,2.5,3.9,5.8,75.9,34.2,78,0,1,0,0,0,0.3,7.0,70.04,High
STU-4095,struggling,3.6,5.8,5.0,73.2,48.9,50,5,1,1,1,1,0.5,7.0,79.14,Critical
STU-4096,high_achiever,7.5,7.4,9.5,100.0,82.8,1,2,0,0,0,0,0.9,0.9,34.9,Moderate
STU-4097,balanced,6.1,6.6,6.3,85.1,60.5,50,3,0,0,1,0,1.8,1.1,31.18,Moderate
STU-4098,high_achiever,6.8,6.0,5.9,86.6,70.2,5,3,1,1,0,0,1.1,1.5,58.43,High
STU-4099,at_risk,3.0,3.0,0.2,46.6,43.4,19,6,0,0,0,1,0.0,6.3,85.54,Critical
STU-4100,struggling,3.4,2.2,4.8,65.8,31.5,77,3,0,0,0,0,0.4,3.3,66.0,High
STU-4101,struggling,6.9,4.3,5.1,47.3,33.8,11,8,1,0,1,0,0.9,5.3,85.21,Critical
STU-4102,struggling,5.7,3.9,4.7,70.1,36.5,78,2,0,0,0,0,0.8,6.8,54.25,Moderate
STU-4103,high_achiever,8.0,6.3,8.7,83.9,100.0,38,7,0,1,0,0,0.9,1.8,40.11,Moderate
STU-4104,overworked,5.2,4.9,8.7,69.1,72.7,28,4,0,0,1,0,0.4,1.8,48.22,Moderate
STU-4105,balanced,7.8,6.4,5.2,89.2,77.0,71,1,1,0,0,0,0.8,1.8,32.57,Moderate
STU-4106,overworked,7.0,4.2,8.7,71.0,63.5,20,5,0,1,1,0,0.5,2.7,55.38,High
STU-4107,struggling,3.9,2.8,4.5,63.9,52.7,4,8,1,0,1,1,0.0,4.5,100.0,Critical
STU-4108,overworked,6.2,4.6,8.7,62.6,80.3,49,7,1,0,0,0,0.3,2.3,53.98,Moderate
STU-4109,balanced,5.5,6.6,5.1,84.3,72.2,25,1,0,0,0,1,0.9,0.9,35.97,Moderate
STU-4110,overworked,4.3,6.3,9.7,83.6,67.5,16,2,0,0,0,0,0.5,1.5,37.9,Moderate
STU-4111,overworked,5.5,5.6,6.6,73.0,88.4,34,0,0,1,1,1,0.5,3.4,52.11,Moderate
STU-4112,balanced,6.7,7.8,6.2,81.2,64.9,74,8,0,0,0,0,1.7,3.3,26.65,Low
STU-4113,overworked,7.6,4.5,9.0,80.7,57.9,50,4,0,1,0,0,0.4,0.9,46.55,Moderate
STU-4114,balanced,9.4,6.5,5.3,81.0,82.9,49,0,0,0,0,1,1.4,2.4,24.09,Low
STU-4115,balanced,7.6,4.3,6.3,72.3,72.4,89,8,0,0,0,0,1.5,0.9,38.45,Moderate
STU-4116,balanced,7.1,8.2,4.4,67.5,74.8,4,1,0,0,0,0,1.4,2.2,26.31,Low
STU-4117,balanced,5.6,6.8,6.1,85.7,87.6,12,2,0,0,0,0,1.1,0.7,35.44,Moderate
STU-4118,overworked,5.8,5.3,10.7,90.6,69.8,56,4,1,1,1,1,0.8,2.6,65.75,High
STU-4119,at_risk,2.3,4.1,0.9,61.3,39.9,81,8,1,0,0,1,0.2,9.1,91.15,Critical
STU-4120,struggling,4.1,4.4,3.3,65.7,68.4,31,6,1,0,1,0,0.1,3.8,66.24,High
STU-4121,high_achiever,7.3,6.7,6.3,82.6,86.2,0,1,1,1,0,0,1.4,1.4,44.66,Moderate
STU-4122,overworked,5.7,4.2,6.0,77.2,75.2,73,4,0,0,1,0,0.8,3.6,48.12,Moderate
STU-4123,struggling,5.4,3.0,5.9,77.2,47.6,13,1,0,0,0,0,0.5,5.7,63.76,High
STU-4124,at_risk,2.3,2.8,1.3,61.5,15.0,6,0,1,1,0,1,0.0,8.0,100.0,Critical
STU-4125,overworked,5.5,3.7,6.9,71.7,73.6,45,5,1,0,1,0,0.2,2.9,57.06,High
STU-4126,high_achiever,7.4,7.0,6.5,89.4,81.1,66,4,0,1,0,0,0.7,1.6,33.63,Moderate
STU-4127,struggling,4.3,3.8,3.2,81.2,34.9,20,3,0,0,0,1,0.9,4.9,62.42,High
STU-4128,struggling,5.4,2.0,5.6,84.3,65.1,29,5,1,0,1,1,0.0,5.9,78.19,Critical
STU-4129,balanced,8.7,5.9,6.7,96.4,75.2,74,2,1,0,1,0,0.6,2.3,39.06,Moderate
STU-4130,overworked,5.3,3.8,11.0,70.3,74.0,78,7,1,1,0,0,0.9,0.9,66.16,High
STU-4131,struggling,3.7,4.3,4.3,52.7,37.9,38,6,1,1,1,0,0.0,6.6,87.38,Critical
STU-4132,struggling,4.9,3.9,1.8,69.8,55.9,25,8,1,0,0,1,0.2,5.3,69.72,High
STU-4133,high_achiever,8.6,7.4,7.9,89.1,85.4,79,2,0,1,0,0,1.6,2.0,28.18,Low
STU-4134,at_risk,1.7,2.6,2.2,54.1,36.3,89,1,1,0,1,1,0.0,8.7,97.7,Critical
STU-4135,at_risk,1.3,2.4,2.4,70.0,26.3,61,6,0,0,1,1,0.0,10.0,96.4,Critical
STU-4136,overworked,6.2,6.9,8.1,74.9,65.2,61,3,1,1,0,0,0.0,3.5,47.77,Moderate
STU-4137,high_achiever,7.1,6.2,8.1,91.6,80.3,17,5,0,1,0,0,1.2,1.8,37.24,Moderate
STU-4138,balanced,7.0,7.8,5.3,94.9,68.9,47,4,0,0,0,0,0.9,1.3,24.32,Low
STU-4139,overworked,5.5,3.7,9.6,83.7,55.3,1,1,1,0,0,0,0.2,2.7,70.33,High
STU-4140,at_risk,2.2,4.6,4.7,54.6,36.0,29,3,1,0,1,1,0.0,8.0,92.62,Critical
STU-4141,overworked,3.8,5.9,8.6,69.4,68.5,50,6,1,0,0,0,0.7,2.4,53.42,Moderate
STU-4142,at_risk,2.9,4.0,1.8,57.5,30.1,83,0,1,1,1,1,0.2,7.9,95.31,Critical
STU-4143,overworked,6.6,5.5,11.3,55.3,78.5,85,1,0,1,0,1,1.0,1.7,53.72,Moderate
STU-4144,high_achiever,8.8,5.9,6.2,91.8,80.2,41,6,0,1,0,0,1.4,1.0,33.24,Moderate
STU-4145,balanced,7.5,8.3,6.9,77.8,64.9,32,8,1,0,0,0,1.5,1.4,29.9,Low
STU-4146,balanced,6.1,7.5,4.7,81.7,74.8,71,8,0,0,1,0,1.3,2.2,34.53,Moderate
STU-4147,balanced,6.5,5.5,5.6,80.7,69.3,73,0,0,0,0,0,1.2,2.3,30.92,Moderate
STU-4148,high_achiever,6.6,6.2,8.2,99.0,80.1,51,7,0,0,0,0,1.6,0.7,34.83,Moderate
STU-4149,balanced,6.9,8.3,4.9,79.5,73.9,67,1,0,0,1,0,0.6,0.7,26.86,Low
STU-4150,overworked,7.0,5.6,7.6,82.8,60.1,52,5,0,0,0,0,0.5,3.1,38.38,Moderate
STU-4151,at_risk,4.0,3.4,1.7,49.0,21.9,67,8,0,1,1,0,0.0,5.6,87.72,Critical
STU-4152,balanced,7.5,5.8,4.1,91.1,58.9,50,4,1,0,0,0,1.4,1.6,36.88,Moderate
STU-4153,balanced,8.8,6.9,6.3,82.5,74.1,3,2,0,0,0,0,1.1,2.2,26.29,Low
STU-4154,balanced,6.1,7.1,5.7,67.4,74.9,54,8,1,1,0,0,0.7,2.2,46.35,Moderate
STU-4155,balanced,9.1,6.7,4.5,79.7,79.5,55,4,0,0,1,0,1.6,1.6,23.08,Low
STU-4156,balanced,6.0,7.2,6.7,90.9,76.3,73,3,1,0,0,1,1.6,2.9,42.98,Moderate
STU-4157,struggling,5.4,3.5,4.9,67.5,59.8,81,6,0,1,0,1,0.7,5.3,66.65,High
STU-4158,high_achiever,6.9,6.3,7.3,92.4,86.5,74,4,0,1,0,0,1.4,1.8,34.39,Moderate
STU-4159,struggling,2.7,5.0,6.9,65.9,48.4,40,2,0,0,0,0,0.5,5.7,58.28,High
STU-4160,at_risk,3.9,3.9,4.0,51.5,56.1,31,6,1,0,1,1,0.3,8.0,87.75,Critical
STU-4161,high_achiever,9.6,7.3,6.0,92.2,83.4,14,1,0,1,0,0,1.8,2.0,23.35,Low
STU-4162,overworked,4.4,6.1,7.5,62.1,66.0,90,8,0,1,0,1,0.9,1.4,57.39,High
STU-4163,balanced,8.4,7.7,8.2,82.0,71.5,44,0,0,0,0,0,0.8,1.6,18.41,Low
STU-4164,high_achiever,6.4,7.9,7.1,100.0,80.0,61,0,0,0,0,0,0.8,1.0,21.69,Low
STU-4165,balanced,8.1,7.5,6.6,92.7,83.9,34,6,0,1,0,0,0.8,1.5,31.31,Moderate
STU-4166,at_risk,5.0,4.3,2.2,58.1,30.8,50,6,1,1,1,1,0.2,8.1,93.5,Critical
STU-4167,high_achiever,7.2,6.4,6.6,84.2,81.6,0,2,1,1,0,0,0.4,0.8,51.6,Moderate
STU-4168,struggling,5.4,6.3,1.2,81.0,38.5,29,7,1,0,0,0,0.5,5.2,57.51,High
STU-4169,at_risk,1.3,1.7,0.8,54.4,60.0,74,5,0,1,0,0,0.0,6.0,81.42,Critical
STU-4170,high_achiever,7.8,5.1,8.8,91.1,90.5,57,4,1,0,0,0,0.9,1.5,42.48,Moderate
STU-4171,struggling,4.2,4.7,2.3,55.6,39.8,58,0,1,0,1,1,0.1,6.7,81.62,Critical
STU-4172,balanced,6.0,7.3,5.1,93.2,76.1,59,6,0,1,0,0,1.2,1.4,33.37,Moderate
STU-4173,balanced,8.0,7.3,6.0,77.2,73.8,26,3,1,0,0,0,1.5,2.4,27.03,Low
STU-4174,balanced,6.6,5.9,5.7,89.1,72.8,65,2,1,1,0,0,0.9,1.6,46.35,Moderate
STU-4175,struggling,5.8,5.4,4.0,61.8,41.1,59,3,1,1,0,1,0.0,3.9,68.66,High
STU-4176,at_risk,1.9,3.4,2.0,38.7,43.9,87,8,0,1,1,0,0.1,6.6,91.43,Critical
STU-4177,struggling,5.0,3.9,5.9,59.3,50.9,45,4,1,0,1,0,0.5,6.0,71.73,High
STU-4178,struggling,6.7,5.3,3.4,55.6,50.4,57,0,1,1,1,1,0.7,2.7,63.84,High
STU-4179,struggling,3.7,3.5,2.9,83.7,48.4,87,2,1,0,0,1,0.4,2.3,62.85,High
STU-4180,overworked,6.9,6.7,9.8,74.9,75.0,8,2,0,0,1,0,0.0,2.4,43.07,Moderate
STU-4181,struggling,5.2,2.0,2.6,61.5,42.9,2,5,0,0,1,0,0.2,6.2,93.92,Critical
STU-4182,at_risk,1.6,4.4,2.4,52.4,27.3,32,2,1,1,1,1,0.0,4.4,92.81,Critical
STU-4183,balanced,6.6,6.3,5.6,89.0,83.6,1,7,0,0,1,0,1.5,1.3,46.41,Moderate
STU-4184,balanced,8.8,5.7,7.1,74.0,77.4,0,3,1,1,0,0,1.4,1.9,52.7,Moderate
STU-4185,struggling,3.5,2.5,4.0,60.0,58.7,58,5,0,0,0,1,0.6,4.7,70.18,High
STU-4186,high_achiever,7.9,7.8,6.6,87.6,90.3,71,0,0,0,0,0,0.6,1.6,19.41,Low
STU-4187,at_risk,2.4,5.9,3.9,63.3,44.4,54,6,1,0,1,1,0.0,6.7,82.59,Critical
STU-4188,high_achiever,8.0,6.6,6.5,92.4,81.8,0,4,0,0,1,0,1.3,0.4,40.38,Moderate
STU-4189,overworked,3.5,3.9,10.1,83.4,90.8,50,4,0,1,1,1,0.5,2.2,69.13,High
STU-4190,struggling,6.4,7.0,3.2,68.5,51.1,42,8,1,0,1,0,0.3,7.6,59.81,High
STU-4191,balanced,4.9,7.3,6.9,83.8,79.0,74,6,0,0,0,0,1.5,1.9,32.5,Moderate
STU-4192,high_achiever,8.2,5.1,7.1,83.1,84.8,45,0,1,1,0,0,0.8,1.9,40.32,Moderate
STU-4193,overworked,6.2,4.8,11.1,62.0,61.0,90,6,1,0,0,0,0.8,1.9,53.06,Moderate
STU-4194,balanced,8.7,7.9,6.4,82.8,88.3,42,5,0,1,0,0,1.7,2.7,27.11,Low
STU-4195,balanced,7.3,6.7,4.0,86.0,79.7,6,5,1,1,0,0,1.1,2.2,52.92,Moderate
STU-4196,struggling,5.3,3.4,1.9,59.1,61.9,30,5,1,0,0,0,0.0,6.4,64.32,High
STU-4197,at_risk,2.3,2.1,0.0,53.5,35.9,51,2,0,0,0,1,0.0,5.2,82.24,Critical
STU-4198,at_risk,2.1,3.3,1.4,39.3,30.9,13,1,0,0,1,1,0.0,4.7,97.67,Critical
STU-4199,balanced,6.8,6.5,4.2,88.1,84.9,55,2,0,1,0,0,1.2,1.8,31.5,Moderate
STU-4200,overworked,7.1,6.7,9.3,72.8,73.4,10,7,0,1,1,1,0.4,1.8,61.5,High
STU-4201,overworked,6.9,4.2,13.3,62.7,61.5,45,8,0,0,1,0,0.5,4.0,62.49,High
STU-4202,at_risk,1.4,4.0,1.6,58.0,37.2,69,6,1,0,1,1,0.0,10.0,95.04,Critical
STU-4203,balanced,9.0,7.7,4.6,97.0,64.0,77,3,0,0,0,0,1.6,0.6,15.22,Low
STU-4204,overworked,3.8,4.2,9.5,69.7,49.6,46,2,0,0,0,0,0.5,2.2,53.53,Moderate
STU-4205,balanced,7.4,7.8,5.4,90.1,68.8,63,1,0,0,0,0,0.9,2.6,24.2,Low
STU-4206,balanced,7.8,6.3,4.3,92.6,85.2,2,4,1,0,0,0,1.2,3.2,47.28,Moderate
STU-4207,high_achiever,6.9,6.3,7.0,91.4,92.5,87,1,0,0,0,0,0.6,0.7,28.64,Low
STU-4208,balanced,6.7,8.9,6.6,77.8,84.7,67,7,0,0,0,0,1.5,2.2,22.78,Low
STU-4209,at_risk,2.9,1.4,4.0,10.0,32.7,21,2,1,0,0,1,0.0,5.2,100.0,Critical
STU-4210,balanced,6.0,4.8,5.7,98.7,72.2,7,0,1,0,0,0,1.6,2.7,42.41,Moderate
STU-4211,at_risk,2.0,2.2,0.8,70.0,40.7,85,8,1,0,1,1,0.3,6.1,91.52,Critical
STU-4212,struggling,5.0,6.0,4.0,67.9,37.2,63,4,0,0,0,1,0.5,6.8,61.34,High
STU-4213,overworked,2.8,6.6,8.1,81.9,79.5,77,7,1,1,1,0,0.7,0.8,61.33,High
STU-4214,struggling,4.1,6.2,4.2,79.4,58.5,42,6,0,0,1,0,0.3,5.1,54.58,Moderate
STU-4215,at_risk,1.2,4.4,1.1,35.4,50.3,62,8,0,0,1,1,0.0,7.0,91.0,Critical
STU-4216,at_risk,1.0,4.0,2.2,19.3,29.6,82,8,1,0,1,1,0.0,7.7,100.0,Critical
STU-4217,at_risk,3.3,4.5,1.2,56.2,37.9,33,3,1,0,1,1,0.1,8.1,88.89,Critical
STU-4218,at_risk,2.1,2.1,1.7,44.7,41.4,72,0,1,0,1,0,0.3,2.4,79.52,Critical
STU-4219,struggling,2.6,6.0,3.2,55.8,58.5,78,4,1,0,1,0,0.1,4.8,70.4,High
STU-4220,high_achiever,9.2,6.2,6.8,87.9,73.4,39,4,1,0,0,0,1.4,2.6,29.98,Low
STU-4221,balanced,6.4,6.8,5.6,72.9,71.3,54,2,0,0,0,0,1.6,1.9,28.0,Low
STU-4222,overworked,6.0,3.9,8.6,80.5,58.8,57,5,0,1,0,0,0.0,1.2,53.73,Moderate
STU-4223,at_risk,2.1,4.7,0.7,11.1,36.4,31,5,1,0,0,1,0.4,6.3,94.47,Critical
STU-4224,struggling,1.6,5.9,2.3,80.5,59.8,80,0,0,1,0,1,0.1,6.6,63.63,High
STU-4225,overworked,3.3,4.1,10.7,89.4,66.0,40,7,0,0,0,0,0.0,1.0,54.78,Moderate
STU-4226,struggling,2.1,4.8,6.4,71.5,38.5,70,1,1,0,1,0,0.1,4.1,69.65,High
STU-4227,overworked,7.9,4.5,11.8,99.0,66.5,4,7,0,0,1,0,0.3,1.9,63.99,High
STU-4228,high_achiever,7.5,7.1,5.1,88.3,87.0,87,7,0,1,0,0,1.3,2.5,31.8,Moderate
STU-4229,overworked,4.5,2.7,7.8,60.3,64.8,40,0,1,0,0,0,0.3,2.6,58.4,High
STU-4230,struggling,4.7,4.6,2.0,41.8,59.0,19,3,1,0,1,0,0.8,8.6,76.13,Critical
STU-4231,balanced,8.7,7.4,5.9,82.9,74.2,52,5,0,0,1,0,1.4,1.5,25.38,Low
STU-4232,balanced,6.0,7.4,4.3,82.3,79.0,11,2,0,0,1,0,1.4,2.3,34.12,Moderate
STU-4233,at_risk,3.0,3.0,0.0,56.0,41.6,40,5,1,0,1,1,0.3,6.1,87.27,Critical
STU-4234,high_achiever,7.7,7.1,7.6,90.3,75.0,24,2,1,1,0,0,0.6,1.6,35.44,Moderate
STU-4235,at_risk,2.2,3.5,3.7,57.2,49.6,78,5,1,0,1,1,0.2,4.5,84.18,Critical
STU-4236,at_risk,1.6,4.1,1.0,42.1,38.3,57,0,1,0,1,1,0.4,7.5,91.18,Critical
STU-4237,at_risk,2.7,5.2,2.9,24.0,27.0,24,6,1,1,1,1,0.0,9.1,100.0,Critical
STU-4238,at_risk,1.9,2.9,2.1,49.1,26.5,60,6,1,0,1,1,0.1,3.3,97.22,Critical
STU-4239,balanced,5.4,5.6,6.0,72.1,71.0,11,2,1,0,0,0,1.2,2.2,46.87,Moderate
STU-4240,overworked,8.2,5.0,11.3,80.8,91.3,56,6,0,0,0,0,0.7,2.2,40.77,Moderate
STU-4241,balanced,6.9,6.8,3.9,75.5,91.5,30,0,1,0,0,0,0.7,1.4,31.8,Moderate
STU-4242,overworked,5.4,5.4,8.8,82.5,81.4,0,4,1,1,0,0,0.8,2.0,68.98,High
STU-4243,overworked,3.8,4.3,7.7,77.5,61.4,52,3,1,0,0,1,0.0,1.9,58.62,High
STU-4244,high_achiever,8.9,6.1,8.2,88.5,77.8,86,4,0,1,0,0,1.5,1.4,34.24,Moderate
STU-4245,at_risk,2.0,3.1,3.5,63.2,39.8,24,0,1,0,1,0,0.8,5.6,74.97,High
STU-4246,overworked,4.0,4.7,11.8,76.1,85.7,31,6,0,1,0,0,0.5,3.1,60.52,High
STU-4247,struggling,4.6,5.4,2.6,55.3,56.2,54,0,0,0,0,0,0.9,2.5,40.73,Moderate
STU-4248,balanced,6.9,7.8,5.6,72.6,75.6,43,0,0,1,0,0,0.5,2.2,28.81,Low
STU-4249,overworked,5.4,5.4,9.8,72.6,80.3,59,0,1,0,0,0,0.6,0.8,45.01,Moderate
STU-4250,at_risk,1.4,2.2,2.8,41.7,36.3,26,3,1,0,1,1,0.0,6.9,100.0,Critical
STU-4251,overworked,8.8,4.8,7.3,73.0,78.5,14,6,0,1,0,0,0.2,1.0,39.71,Moderate
STU-4252,balanced,6.7,6.1,5.8,81.4,81.3,29,1,1,0,0,0,1.0,2.1,34.19,Moderate
STU-4253,high_achiever,6.9,6.1,5.1,99.9,85.9,14,0,1,0,0,0,0.7,1.2,30.6,Moderate
STU-4254,at_risk,3.9,4.8,2.2,52.8,22.8,5,0,1,0,1,0,0.0,2.8,92.06,Critical
STU-4255,at_risk,3.6,3.1,2.5,62.7,18.5,35,2,1,1,1,1,0.5,8.5,99.48,Critical
STU-4256,overworked,6.9,6.0,9.9,92.3,65.5,69,8,1,1,0,0,0.5,3.3,51.05,Moderate
STU-4257,at_risk,2.9,4.2,0.0,52.2,28.5,24,2,0,0,0,1,0.2,6.0,74.81,High
STU-4258,balanced,8.3,6.7,5.8,92.5,67.7,10,2,0,0,0,1,1.2,1.5,32.64,Moderate
STU-4259,overworked,8.7,5.5,10.0,83.2,74.3,53,5,0,1,1,0,0.0,4.0,47.78,Moderate
STU-4260,struggling,6.6,5.2,3.8,58.3,75.0,72,6,1,0,1,0,0.5,4.8,57.62,High
STU-4261,high_achiever,7.3,6.5,5.9,94.4,81.1,56,2,0,0,0,0,1.4,1.9,24.56,Low
STU-4262,struggling,4.9,5.3,1.3,82.8,48.9,27,7,1,0,1,1,0.5,5.9,67.2,High
STU-4263,struggling,3.0,5.5,3.6,70.3,53.1,1,7,0,0,0,0,0.7,5.0,73.66,High
STU-4264,balanced,6.2,6.9,4.8,85.1,72.8,58,0,0,0,0,0,1.1,1.4,24.51,Low
STU-4265,at_risk,2.5,1.5,0.0,48.9,15.0,19,8,1,0,1,1,0.1,5.4,100.0,Critical
STU-4266,overworked,4.5,6.6,10.8,62.9,67.2,18,6,1,1,0,0,0.9,1.6,58.94,High
STU-4267,struggling,6.1,3.9,5.2,51.1,25.0,3,0,1,0,1,1,0.7,5.5,100.0,Critical
STU-4268,overworked,3.9,4.0,11.2,80.4,68.8,42,6,0,1,0,0,0.5,3.4,63.7,High
STU-4269,high_achiever,7.4,5.5,7.7,86.4,77.9,82,6,1,0,0,0,1.5,1.8,39.4,Moderate
STU-4270,overworked,3.6,6.8,11.0,75.0,64.8,8,2,0,0,0,0,0.4,1.8,51.57,Moderate
STU-4271,overworked,4.9,3.9,11.9,72.3,77.9,33,2,0,0,0,0,0.6,2.2,48.2,Moderate
STU-4272,struggling,3.9,3.1,3.5,71.3,72.6,51,0,1,0,0,1,0.0,4.4,64.62,High
STU-4273,balanced,7.5,5.8,4.4,68.5,63.5,2,8,0,0,0,0,0.9,2.8,48.8,Moderate
STU-4274,overworked,5.6,6.3,10.1,82.8,65.3,87,6,0,1,1,0,0.2,1.2,50.83,Moderate
STU-4275,overworked,5.1,5.3,9.4,74.3,60.9,13,0,0,1,1,0,0.5,1.8,58.24,High
STU-4276,overworked,2.6,5.3,10.6,84.2,68.0,74,5,1,1,1,0,0.7,1.2,67.77,High
STU-4277,high_achiever,7.6,7.2,4.6,85.7,95.5,52,1,0,1,0,0,0.0,1.8,29.68,Low
STU-4278,struggling,4.4,6.2,3.9,79.2,46.1,0,0,1,1,1,0,0.2,6.0,82.78,Critical
STU-4279,struggling,4.9,5.9,4.8,43.1,47.9,22,0,1,1,0,1,0.4,4.4,71.67,High
STU-4280,overworked,5.9,4.5,9.2,66.2,65.2,80,3,1,0,0,1,0.0,2.3,59.37,High
STU-4281,high_achiever,7.1,7.7,6.7,92.4,81.2,79,7,0,1,1,0,0.8,1.6,37.48,Moderate
STU-4282,overworked,5.5,5.8,8.7,64.7,54.7,88,5,0,0,1,0,0.8,2.9,51.24,Moderate
STU-4283,struggling,3.3,2.9,3.1,60.9,38.4,57,4,0,0,0,0,0.0,2.2,64.34,High
STU-4284,overworked,3.7,5.3,8.9,83.9,73.4,78,4,0,1,0,0,0.3,2.3,51.78,Moderate
STU-4285,struggling,3.1,5.7,2.9,61.0,35.0,27,7,1,1,1,1,0.4,3.9,83.83,Critical
STU-4286,overworked,4.2,4.9,6.5,84.8,69.6,24,3,0,0,0,1,0.3,1.0,49.02,Moderate
STU-4287,overworked,4.5,6.3,10.2,93.3,71.4,54,6,0,0,1,0,0.7,2.6,47.52,Moderate
STU-4288,high_achiever,7.9,5.9,9.5,90.5,85.2,86,6,0,0,0,0,1.2,0.9,34.98,Moderate
STU-4289,high_achiever,7.0,5.6,6.8,84.6,94.4,58,4,1,0,0,0,0.9,0.0,38.88,Moderate
STU-4290,struggling,4.8,4.0,1.5,60.8,46.2,66,8,1,0,1,0,0.0,3.2,71.34,High
STU-4291,balanced,8.1,7.4,3.4,86.9,81.2,43,8,1,0,0,0,1.8,1.2,31.15,Moderate
STU-4292,overworked,6.4,4.5,10.3,77.8,61.5,42,0,1,1,0,0,0.2,3.2,54.97,Moderate
STU-4293,struggling,2.2,4.9,3.5,46.3,45.8,31,5,1,0,1,1,0.1,3.8,87.67,Critical
STU-4294,balanced,6.9,6.3,7.9,89.1,80.8,88,0,0,0,1,0,0.9,2.5,34.2,Moderate
STU-4295,at_risk,2.6,1.8,2.0,70.0,40.6,32,6,1,0,0,0,0.0,5.7,80.24,Critical
STU-4296,struggling,2.8,4.5,5.7,78.0,42.9,76,3,0,0,0,0,0.7,5.9,59.12,High
STU-4297,high_achiever,8.1,5.8,6.5,95.2,77.8,85,3,1,1,0,0,0.6,1.6,39.83,Moderate
STU-4298,balanced,8.0,6.4,5.8,84.6,71.1,68,0,0,0,0,0,1.1,1.4,22.28,Low
STU-4299,at_risk,1.5,3.3,3.1,30.9,32.2,19,5,1,1,1,1,0.2,2.0,100.0,Critical
STU-4300,struggling,5.6,2.7,0.3,62.4,38.6,42,4,0,0,1,1,0.6,5.4,73.27,High
STU-4301,struggling,3.1,6.4,4.6,69.2,66.4,70,1,1,0,0,0,0.0,6.7,55.48,High
STU-4302,high_achiever,8.1,6.4,4.7,95.8,74.1,87,4,1,1,0,0,0.6,1.2,37.36,Moderate
STU-4303,struggling,2.3,4.8,3.0,58.8,41.0,74,3,1,0,1,1,0.3,4.3,77.24,Critical
STU-4304,at_risk,2.3,2.3,3.3,42.1,60.0,60,2,0,0,1,1,0.3,5.9,84.17,Critical
STU-4305,balanced,5.1,7.8,4.5,82.7,69.2,34,5,0,0,0,0,1.0,1.7,30.27,Moderate
STU-4306,high_achiever,7.8,6.5,5.0,100.0,86.4,54,8,0,0,0,0,1.2,1.2,28.27,Low
STU-4307,struggling,4.2,4.8,5.5,85.0,69.7,60,5,0,0,0,0,0.0,4.1,48.87,Moderate
STU-4308,overworked,4.9,5.0,6.3,87.1,51.2,8,3,1,1,0,0,0.0,1.4,65.61,High
STU-4309,overworked,3.1,3.9,11.2,76.9,74.3,74,3,1,0,0,0,0.0,2.2,61.9,High
STU-4310,overworked,4.3,4.9,6.7,82.4,66.0,23,7,0,1,0,0,0.3,2.9,53.11,Moderate
STU-4311,overworked,5.0,3.9,11.5,64.6,76.3,31,8,0,0,0,0,0.0,2.9,61.42,High
STU-4312,struggling,1.1,5.0,4.0,70.4,56.4,37,7,1,0,0,0,0.0,4.5,70.94,High
STU-4313,struggling,2.3,4.9,5.2,50.1,35.0,8,5,1,0,1,1,0.0,5.4,99.56,Critical
STU-4314,overworked,5.3,6.4,9.4,70.2,71.3,7,7,0,1,1,0,0.4,2.6,64.83,High
STU-4315,balanced,7.6,8.6,6.0,75.9,93.3,29,1,0,0,0,0,1.2,1.2,20.49,Low
STU-4316,overworked,4.4,4.2,8.7,79.6,79.3,31,0,1,1,0,0,0.0,2.9,57.99,High
STU-4317,balanced,6.8,8.4,5.8,85.6,74.6,62,1,0,0,0,0,1.5,2.8,16.45,Low
STU-4318,struggling,5.6,6.4,4.3,53.9,38.2,45,6,0,1,1,0,1.0,3.4,62.56,High
STU-4319,balanced,7.6,8.6,5.1,69.1,75.0,69,0,1,0,1,1,0.6,3.4,40.95,Moderate
STU-4320,overworked,6.7,5.8,8.5,76.7,71.1,6,6,0,1,0,0,1.0,1.3,53.03,Moderate
STU-4321,overworked,5.0,4.3,7.3,55.0,51.7,42,8,1,0,0,0,0.7,2.2,63.31,High
STU-4322,overworked,4.6,4.9,11.9,93.5,79.4,66,0,1,1,0,0,0.5,2.6,59.56,High
STU-4323,balanced,7.0,6.7,6.8,71.6,86.9,21,8,0,0,0,0,1.1,1.0,31.32,Moderate
STU-4324,high_achiever,7.1,6.1,6.3,87.8,83.2,78,4,1,0,0,0,1.0,1.8,36.2,Moderate
STU-4325,overworked,6.0,5.0,10.3,78.5,63.5,64,2,0,0,0,1,0.1,2.4,50.99,Moderate
STU-4326,at_risk,2.3,2.8,1.6,39.6,30.0,19,0,0,0,1,1,0.0,5.7,88.93,Critical
STU-4327,balanced,6.1,6.3,4.4,70.9,67.4,71,7,0,0,0,0,1.1,1.0,34.66,Moderate
STU-4328,balanced,6.5,6.3,6.0,76.9,71.2,2,3,0,0,0,0,1.7,1.2,38.01,Moderate
STU-4329,at_risk,2.2,2.4,1.2,49.0,53.1,56,7,0,0,0,1,0.3,6.3,85.68,Critical
STU-4330,struggling,1.2,4.8,4.0,65.9,32.7,23,7,1,0,0,0,0.0,4.6,78.23,Critical
STU-4331,balanced,9.1,6.5,3.9,88.5,95.9,0,8,0,0,1,0,1.6,1.4,42.56,Moderate
STU-4332,at_risk,3.2,2.7,4.9,35.0,30.5,10,0,1,0,0,1,0.2,6.2,100.0,Critical
STU-4333,overworked,5.6,6.1,6.0,80.8,67.1,44,5,0,1,1,0,0.2,1.6,43.21,Moderate
STU-4334,overworked,4.3,6.3,10.7,76.1,55.9,57,7,1,1,1,0,0.6,3.2,68.82,High
STU-4335,struggling,2.5,3.5,6.0,47.5,57.7,45,7,0,1,1,1,0.0,4.3,87.18,Critical
STU-4336,balanced,7.2,7.4,4.0,75.4,78.9,16,2,0,0,0,0,1.5,1.9,23.27,Low
STU-4337,struggling,1.5,3.9,6.2,77.4,59.6,90,2,0,0,0,1,0.3,6.4,67.12,High
STU-4338,high_achiever,6.6,7.2,6.0,94.8,75.3,37,6,1,0,0,0,1.6,1.3,32.47,Moderate
STU-4339,struggling,3.0,4.1,3.5,77.8,52.8,57,7,0,0,1,0,0.0,3.0,65.32,High
STU-4340,struggling,4.2,5.6,3.0,49.9,46.2,8,5,1,1,1,0,0.3,4.1,88.65,Critical
STU-4341,high_achiever,7.3,5.8,8.0,95.7,85.2,58,3,0,0,0,0,0.8,0.4,33.15,Moderate
STU-4342,struggling,5.3,4.0,3.6,59.3,71.5,38,4,0,0,1,0,0.0,3.9,55.29,High
STU-4343,struggling,4.5,4.6,3.8,51.4,69.8,29,3,0,1,0,0,0.2,6.6,68.61,High
STU-4344,balanced,6.3,7.3,5.3,98.2,72.8,69,5,1,0,0,0,1.3,1.9,34.51,Moderate
STU-4345,overworked,6.6,5.1,10.2,80.1,64.0,54,2,1,0,1,0,0.3,2.6,52.69,Moderate
STU-4346,balanced,8.4,8.5,4.9,83.1,73.5,35,2,0,0,0,0,0.8,2.1,18.82,Low
STU-4347,overworked,3.9,4.6,8.8,62.9,69.6,26,0,1,1,0,0,0.1,2.3,61.77,High
STU-4348,balanced,7.6,7.4,7.3,75.5,68.9,65,0,0,1,0,0,1.5,1.7,27.45,Low
STU-4349,struggling,4.8,6.8,3.4,44.2,56.1,48,2,1,0,1,0,0.3,5.6,63.68,High
STU-4350,struggling,3.2,3.3,3.3,33.4,53.0,70,1,1,0,0,1,0.2,6.1,81.36,Critical
STU-4351,balanced,7.2,8.3,6.3,89.8,77.7,58,4,0,0,0,0,0.5,1.9,24.31,Low
STU-4352,high_achiever,6.9,6.4,4.0,89.3,82.4,57,7,1,1,1,0,1.6,1.1,47.01,Moderate
STU-4353,balanced,7.1,6.5,6.4,66.1,84.1,77,6,0,1,0,0,1.2,2.6,34.88,Moderate
STU-4354,struggling,1.0,4.1,4.3,55.3,59.0,45,7,1,0,0,0,0.6,5.8,76.28,Critical
STU-4355,overworked,5.6,4.4,9.4,67.8,62.2,43,5,1,1,0,1,0.6,1.8,65.75,High
STU-4356,at_risk,2.9,3.9,1.7,45.8,43.0,10,7,1,0,1,1,0.3,6.6,100.0,Critical
STU-4357,balanced,7.0,6.7,4.2,86.0,79.6,9,8,0,0,0,0,1.5,1.2,34.82,Moderate
STU-4358,balanced,7.2,7.2,5.7,81.9,73.9,84,5,0,1,0,0,1.6,1.3,30.29,Moderate
STU-4359,balanced,8.3,6.4,4.6,87.9,63.6,82,8,0,0,0,0,1.5,1.5,28.89,Low
STU-4360,balanced,6.0,7.9,4.0,87.8,65.6,78,2,0,0,0,0,1.9,1.8,24.72,Low
STU-4361,balanced,6.4,6.6,7.0,70.6,69.4,19,0,0,0,0,0,1.4,1.2,26.84,Low
STU-4362,high_achiever,7.9,5.4,8.2,84.7,89.6,79,4,1,0,0,0,1.1,1.2,36.43,Moderate
STU-4363,overworked,6.0,4.1,11.3,90.4,86.4,7,3,1,0,0,0,0.5,1.9,60.13,High
STU-4364,high_achiever,7.5,6.7,7.5,97.2,85.1,21,4,1,0,0,0,0.4,1.2,38.44,Moderate
STU-4365,at_risk,1.0,4.2,1.4,34.7,42.7,55,3,1,0,1,1,0.4,6.9,95.58,Critical
STU-4366,overworked,3.6,4.9,7.5,74.9,69.4,11,8,0,0,0,1,0.0,3.3,65.32,High
STU-4367,at_risk,2.3,4.0,4.0,36.1,15.0,40,0,1,0,1,1,0.3,3.7,92.28,Critical
STU-4368,high_achiever,8.1,5.0,5.1,88.7,70.0,17,3,1,0,0,0,0.5,1.5,37.98,Moderate
STU-4369,at_risk,2.8,3.9,0.0,28.7,47.1,11,1,1,0,1,0,0.4,4.3,92.52,Critical
STU-4370,balanced,8.0,7.2,5.2,76.9,90.9,64,5,0,0,0,0,1.2,2.0,24.46,Low
STU-4371,overworked,4.3,5.1,9.0,74.6,73.2,22,7,1,0,0,0,0.1,1.2,56.11,High
STU-4372,overworked,4.7,4.7,6.6,87.6,75.2,14,1,1,1,1,0,0.6,2.5,54.7,Moderate
STU-4373,balanced,7.4,6.5,4.3,86.0,88.3,64,1,0,0,0,0,1.8,2.2,22.51,Low
STU-4374,at_risk,2.3,2.6,1.6,61.6,59.9,20,8,1,0,0,1,0.0,2.2,77.71,Critical
STU-4375,at_risk,3.4,5.6,4.0,67.3,27.8,48,6,1,0,1,1,0.0,3.6,76.62,Critical
STU-4376,overworked,6.9,6.6,10.0,75.4,59.3,73,0,1,1,0,1,0.4,2.4,50.58,Moderate
STU-4377,struggling,5.4,4.0,4.8,61.9,55.6,89,3,1,1,1,0,0.1,4.3,71.22,High
STU-4378,balanced,7.1,6.1,5.6,85.1,86.0,51,7,0,0,0,0,1.7,1.8,29.4,Low
STU-4379,balanced,7.0,6.6,6.1,90.3,84.9,61,1,0,0,0,0,1.0,1.5,24.83,Low
STU-4380,balanced,5.3,6.0,5.5,85.0,78.9,14,8,0,0,0,1,0.9,1.5,44.29,Moderate
STU-4381,high_achiever,7.5,7.0,5.4,85.3,83.2,30,3,0,1,0,1,0.5,0.4,36.67,Moderate
STU-4382,high_achiever,7.6,6.9,7.8,98.9,85.6,33,5,1,0,0,0,1.1,1.3,34.01,Moderate
STU-4383,overworked,8.6,5.3,10.0,66.5,74.1,50,5,0,1,0,0,0.6,3.1,46.44,Moderate
STU-4384,balanced,7.1,6.9,5.4,82.9,85.1,90,7,0,0,0,0,1.6,2.3,31.41,Moderate
STU-4385,balanced,4.5,6.6,5.5,76.6,67.6,3,3,1,0,0,0,0.5,1.6,55.59,High
STU-4386,struggling,5.2,3.6,3.8,78.3,33.8,85,0,0,0,1,0,0.3,5.2,59.12,High
STU-4387,overworked,6.8,3.5,8.0,84.8,53.0,24,6,0,0,0,0,0.6,2.6,48.09,Moderate
STU-4388,at_risk,2.0,4.0,0.2,41.8,38.4,44,4,1,0,0,1,0.0,6.6,88.58,Critical
STU-4389,overworked,5.9,6.7,7.6,77.8,53.8,31,2,0,0,0,0,0.2,2.8,35.61,Moderate
STU-4390,at_risk,3.2,3.9,1.9,32.6,46.2,87,5,1,0,1,1,0.2,3.1,85.76,Critical
STU-4391,struggling,1.0,2.9,3.0,49.3,42.0,35,0,1,1,1,0,0.7,6.3,90.06,Critical
STU-4392,struggling,5.2,6.0,4.4,65.6,65.2,51,5,1,1,1,0,0.5,3.0,58.82,High
STU-4393,at_risk,1.9,4.7,1.1,36.7,50.3,67,8,0,0,0,1,0.2,10.0,87.9,Critical
STU-4394,balanced,6.7,7.9,4.0,92.6,65.3,0,7,0,1,0,0,1.4,0.7,41.85,Moderate
STU-4395,balanced,5.8,8.5,4.2,75.4,79.3,18,5,0,0,0,0,1.0,2.2,25.19,Low
STU-4396,struggling,2.8,4.5,1.7,66.8,62.5,27,1,1,1,1,0,0.5,5.8,68.79,High
STU-4397,at_risk,2.0,3.3,4.2,39.3,15.0,66,2,0,0,0,0,0.0,4.9,77.54,Critical
STU-4398,high_achiever,8.6,5.4,7.5,85.5,94.0,90,7,1,1,0,0,0.9,1.2,45.66,Moderate
STU-4399,balanced,6.2,7.5,4.9,77.2,74.3,68,0,0,0,0,0,0.8,1.7,25.01,Low
STU-4400,balanced,4.9,7.9,6.5,67.2,58.9,52,6,0,0,0,0,1.5,2.3,34.79,Moderate
STU-4401,at_risk,1.1,5.3,0.9,51.6,41.0,12,6,1,0,1,1,0.4,6.5,100.0,Critical
STU-4402,balanced,7.1,6.0,2.7,82.3,63.7,42,5,0,1,0,0,1.3,1.9,36.0,Moderate
STU-4403,at_risk,1.4,4.5,2.7,30.3,60.0,65,4,1,0,1,1,0.1,3.5,85.73,Critical
STU-4404,balanced,5.7,8.1,6.8,87.9,79.4,47,7,1,0,0,0,1.7,1.7,34.88,Moderate
STU-4405,balanced,6.4,6.9,6.0,60.0,70.0,8,1,1,0,0,0,1.3,1.8,41.61,Moderate
STU-4406,overworked,6.4,4.3,7.7,89.8,80.4,25,6,1,1,0,1,0.2,2.1,63.23,High
STU-4407,balanced,7.2,7.4,6.1,79.4,79.1,42,5,0,1,0,1,0.8,2.0,38.8,Moderate
STU-4408,overworked,5.0,3.8,9.7,78.4,61.6,50,8,0,1,0,0,0.0,0.9,59.46,High
STU-4409,at_risk,2.8,5.3,1.9,23.6,35.5,29,7,1,0,0,0,0.4,4.8,83.83,Critical
STU-4410,overworked,5.8,5.6,12.3,59.6,79.0,86,4,0,0,1,0,0.4,1.4,53.05,Moderate
STU-4411,struggling,6.5,6.1,0.5,52.8,63.3,52,6,1,0,0,1,0.3,4.8,58.03,High
STU-4412,balanced,6.5,5.9,3.5,71.9,67.6,52,2,1,1,1,0,0.9,1.3,50.15,Moderate
STU-4413,balanced,6.3,8.1,4.9,85.5,78.8,75,7,0,0,0,0,0.8,1.6,27.39,Low
STU-4414,at_risk,2.9,3.4,0.9,49.8,42.1,56,3,1,0,1,1,0.5,6.3,88.59,Critical
STU-4415,overworked,6.1,4.1,6.9,74.9,80.7,74,5,0,1,0,0,0.8,0.7,47.06,Moderate
STU-4416,high_achiever,6.1,6.8,7.5,82.4,91.0,3,1,0,1,0,0,1.7,1.4,41.44,Moderate
STU-4417,overworked,7.7,3.9,7.8,69.6,70.4,52,4,0,1,0,1,0.4,1.8,51.77,Moderate
STU-4418,at_risk,2.0,3.0,0.8,36.6,15.0,80,4,0,0,1,0,0.1,2.3,85.22,Critical
STU-4419,struggling,3.2,4.4,2.9,59.1,67.2,1,6,1,0,1,0,0.0,2.4,86.82,Critical
STU-4420,balanced,6.7,7.3,6.4,73.1,79.8,90,1,0,0,0,0,0.8,1.8,23.3,Low
STU-4421,overworked,5.7,5.0,7.8,64.4,77.5,49,6,1,0,1,0,0.3,3.0,57.52,High
STU-4422,struggling,6.0,3.4,5.7,64.1,56.8,60,5,1,0,0,0,0.0,5.9,65.49,High
STU-4423,high_achiever,7.5,5.0,5.7,85.4,87.7,14,6,1,1,0,0,0.8,1.2,46.39,Moderate
STU-4424,at_risk,4.0,3.5,2.3,38.7,37.6,82,7,0,0,0,0,0.0,6.9,75.99,Critical
STU-4425,balanced,7.9,6.4,6.6,97.3,75.0,40,2,0,0,0,0,1.7,2.3,20.7,Low
STU-4426,balanced,7.3,7.4,6.2,83.4,76.3,20,6,0,0,0,0,1.2,1.9,24.15,Low
STU-4427,overworked,5.1,3.5,8.8,72.1,63.5,87,0,0,0,0,0,0.1,2.4,45.84,Moderate
STU-4428,balanced,6.8,5.9,5.1,91.2,84.3,87,4,0,0,0,0,1.3,1.6,30.79,Moderate
STU-4429,struggling,3.0,4.1,2.4,72.9,61.4,5,4,1,0,1,0,0.3,7.4,92.77,Critical
STU-4430,at_risk,2.9,3.7,0.1,34.6,37.3,89,4,0,0,1,1,0.1,7.4,89.06,Critical
STU-4431,balanced,7.3,7.1,5.7,82.1,63.8,44,2,0,0,0,0,0.3,1.2,25.77,Low
STU-4432,high_achiever,6.9,6.5,8.3,94.6,87.8,21,8,0,0,0,0,1.4,0.9,32.63,Moderate
STU-4433,high_achiever,8.3,6.2,6.5,100.0,85.6,71,1,0,0,0,0,1.7,0.5,20.52,Low
STU-4434,struggling,4.6,4.6,0.4,59.2,75.0,81,7,1,1,0,1,0.4,5.7,74.97,High
STU-4435,at_risk,2.7,3.5,3.7,64.3,42.9,8,8,1,0,1,1,0.1,2.8,93.15,Critical
STU-4436,at_risk,2.6,4.4,4.0,34.7,19.9,76,4,0,0,1,1,0.3,4.6,85.08,Critical
STU-4437,balanced,6.7,6.6,7.1,88.9,69.1,53,1,0,1,0,0,1.8,1.9,31.63,Moderate
STU-4438,balanced,8.5,6.8,6.2,78.7,82.4,13,8,0,0,0,0,1.2,2.4,33.65,Moderate
STU-4439,balanced,7.7,6.9,5.4,60.0,69.3,38,7,0,0,0,0,1.6,2.4,30.29,Moderate
STU-4440,balanced,7.4,6.8,6.3,99.7,80.7,83,5,0,0,0,0,0.9,1.8,29.63,Low
STU-4441,at_risk,1.1,2.9,3.1,67.4,45.3,37,8,1,0,0,1,0.0,7.3,92.2,Critical
STU-4442,struggling,4.5,4.4,3.6,51.1,75.0,71,1,0,0,1,0,0.3,5.6,58.53,High
STU-4443,struggling,5.3,2.9,0.9,61.6,75.0,83,8,1,1,0,1,0.7,3.6,75.92,Critical
STU-4444,high_achiever,7.3,6.8,7.6,95.6,75.6,74,0,0,1,0,0,0.5,1.4,30.04,Moderate
STU-4445,struggling,2.3,4.8,2.1,85.0,45.6,46,3,0,0,1,0,0.2,5.2,59.84,High
STU-4446,struggling,4.8,4.9,3.0,65.3,57.1,52,4,1,0,0,0,0.7,8.6,62.02,High
STU-4447,overworked,3.6,5.1,6.4,84.5,71.1,0,0,0,1,0,0,0.5,2.0,59.41,High
STU-4448,balanced,7.7,7.2,3.9,83.4,89.8,2,7,0,0,0,0,1.3,1.9,36.75,Moderate
STU-4449,balanced,6.5,7.7,4.9,90.7,81.4,53,6,1,0,1,0,1.0,1.6,40.6,Moderate
STU-4450,high_achiever,6.3,6.2,7.7,89.5,85.8,90,0,0,1,1,0,0.2,1.0,42.64,Moderate
STU-4451,struggling,2.9,2.9,5.1,68.2,38.9,19,6,0,0,1,1,0.3,3.2,75.46,Critical
STU-4452,overworked,5.8,4.2,10.6,87.0,72.6,78,6,1,1,0,0,0.5,1.0,62.62,High
STU-4453,overworked,5.4,4.1,9.7,85.5,75.1,43,6,0,0,0,0,0.1,2.8,50.35,Moderate
STU-4454,overworked,6.3,4.2,11.1,79.8,81.9,76,8,1,1,0,0,0.0,1.1,63.03,High
STU-4455,balanced,8.7,8.6,4.4,82.4,76.2,44,0,1,0,0,0,1.5,2.3,18.52,Low
STU-4456,at_risk,2.6,1.5,3.2,42.9,23.5,19,0,0,1,1,1,0.2,5.5,99.58,Critical
STU-4457,balanced,6.3,8.8,6.5,92.3,66.8,27,2,0,0,0,0,1.9,1.1,18.03,Low
STU-4458,high_achiever,8.8,6.9,5.5,96.7,87.0,47,7,1,0,0,0,0.8,0.6,33.56,Moderate
STU-4459,balanced,7.0,7.1,3.6,78.7,78.8,59,4,1,0,0,0,2.0,1.7,32.67,Moderate
STU-4460,high_achiever,8.4,6.7,5.8,86.1,88.7,43,2,1,1,0,0,0.8,1.1,35.91,Moderate
STU-4461,struggling,3.8,5.6,2.7,71.6,57.3,43,8,1,0,1,1,0.0,5.2,68.89,High
STU-4462,balanced,6.3,7.4,5.5,67.9,66.0,45,3,0,0,0,1,0.2,1.0,38.54,Moderate
STU-4463,overworked,4.7,5.2,9.5,78.3,80.2,63,6,0,1,0,1,0.3,2.9,56.57,High
STU-4464,balanced,8.3,6.0,4.2,76.4,83.7,51,2,0,1,0,0,0.8,1.4,30.1,Moderate
STU-4465,high_achiever,8.0,7.0,9.0,100.0,88.9,28,7,0,1,0,0,1.1,0.8,38.47,Moderate
STU-4466,struggling,4.3,4.2,4.1,54.4,25.0,29,7,1,0,1,1,0.5,6.8,90.63,Critical
STU-4467,high_achiever,7.8,6.5,7.2,91.7,84.6,74,4,0,0,1,0,1.0,2.2,32.24,Moderate
STU-4468,balanced,7.3,7.5,6.3,89.6,68.9,1,4,1,0,1,0,1.0,1.3,47.79,Moderate
STU-4469,balanced,7.9,6.0,6.0,93.0,73.1,68,8,1,0,0,0,1.3,2.2,35.89,Moderate
STU-4470,balanced,7.4,8.0,4.8,88.7,75.2,46,7,1,0,0,1,0.9,1.7,38.33,Moderate
STU-4471,at_risk,1.6,3.2,2.1,45.5,34.8,75,8,1,1,1,1,0.1,7.3,100.0,Critical
STU-4472,high_achiever,7.6,5.1,6.8,91.8,88.4,61,6,0,1,0,0,1.1,1.7,39.09,Moderate
STU-4473,struggling,3.0,3.2,3.1,52.8,50.6,37,5,1,1,0,0,0.2,5.4,82.12,Critical
STU-4474,high_achiever,8.2,6.8,6.8,90.4,88.0,47,7,1,1,0,0,2.0,0.9,37.39,Moderate
STU-4475,struggling,2.2,4.5,2.5,60.6,53.9,37,0,1,1,0,1,0.2,2.1,74.83,High
STU-4476,overworked,6.8,4.9,8.2,78.9,73.6,77,6,0,0,0,0,0.6,2.9,42.09,Moderate
STU-4477,struggling,1.4,4.1,5.0,50.9,66.6,71,3,1,1,0,1,0.8,6.6,85.59,Critical
STU-4478,struggling,3.3,4.8,1.5,52.6,43.5,59,8,1,1,1,0,0.3,4.2,82.56,Critical
STU-4479,at_risk,3.4,2.8,2.2,41.8,40.3,12,8,1,1,1,1,0.2,8.0,100.0,Critical
STU-4480,overworked,6.1,3.6,7.9,69.8,73.6,10,0,0,0,0,0,0.0,2.5,49.95,Moderate
STU-4481,balanced,5.3,6.1,6.8,87.6,68.2,67,6,1,0,0,0,0.8,0.3,45.62,Moderate
STU-4482,struggling,4.1,6.8,3.2,65.4,62.7,63,6,0,0,1,0,0.8,5.6,51.74,Moderate
STU-4483,overworked,5.5,4.0,8.9,78.5,83.8,31,2,0,0,0,0,0.3,3.1,45.29,Moderate
STU-4484,struggling,5.9,5.3,4.4,73.7,62.0,67,5,1,0,0,1,0.6,8.0,64.98,High
STU-4485,balanced,7.7,6.6,5.9,66.6,81.6,45,6,1,0,0,0,0.8,2.5,42.13,Moderate
STU-4486,balanced,5.7,7.0,4.2,68.2,74.1,29,4,0,0,0,0,1.5,2.3,31.48,Moderate
STU-4487,struggling,1.5,4.6,1.3,44.9,40.0,41,4,0,1,1,0,0.6,5.6,82.05,Critical
STU-4488,overworked,4.2,4.6,7.4,91.6,92.0,7,8,1,0,0,1,0.6,2.8,71.01,High
STU-4489,overworked,3.1,4.2,8.8,74.1,63.8,18,7,1,1,0,1,0.4,1.5,76.23,Critical
STU-4490,at_risk,1.1,4.4,1.6,54.9,44.1,44,6,1,0,1,0,0.1,3.9,80.0,Critical
STU-4491,struggling,4.3,4.6,2.0,77.5,25.0,26,4,1,0,0,1,0.2,3.4,69.96,High
STU-4492,at_risk,3.5,2.1,5.5,51.0,42.6,85,6,1,0,1,1,0.0,6.1,95.71,Critical
STU-4493,balanced,7.4,7.1,5.4,71.0,63.9,66,6,1,1,0,0,1.7,2.3,41.88,Moderate
STU-4494,overworked,4.3,4.8,11.3,65.7,81.3,19,6,0,1,0,0,0.2,1.5,59.98,High
STU-4495,overworked,3.8,3.1,9.6,83.3,82.2,80,3,0,1,0,0,0.6,3.8,62.77,High
STU-4496,struggling,5.1,5.1,5.3,35.4,46.2,61,6,1,0,0,1,0.0,5.8,78.36,Critical
STU-4497,high_achiever,10.0,6.1,7.1,89.0,82.1,12,6,0,0,1,0,0.5,0.8,31.34,Moderate
STU-4498,overworked,6.3,4.6,12.4,65.6,84.8,71,1,0,0,0,0,0.9,3.2,47.48,Moderate
STU-4499,balanced,6.9,8.0,4.6,84.2,74.7,55,4,0,0,0,0,0.8,2.0,25.51,Low
STU-4500,overworked,4.1,5.5,6.2,67.5,65.4,56,8,1,1,0,0,0.5,2.9,61.08,High
STU-4501,at_risk,3.1,3.3,2.6,53.3,31.9,64,0,0,0,0,1,0.0,7.4,81.44,Critical
STU-4502,struggling,5.8,3.1,1.8,55.6,53.2,56,8,1,0,0,0,0.3,6.7,73.93,High
STU-4503,high_achiever,7.8,6.3,7.6,96.3,88.3,69,8,1,1,1,0,0.8,1.1,47.83,Moderate
STU-4504,balanced,7.4,7.5,6.4,91.2,86.8,51,8,0,0,0,1,0.7,2.0,36.16,Moderate
STU-4505,overworked,5.4,4.2,11.7,72.1,48.1,19,3,1,1,1,0,0.4,2.0,73.21,High
STU-4506,balanced,7.7,6.8,5.3,80.3,92.7,50,2,0,0,0,0,1.5,1.0,22.33,Low
STU-4507,overworked,5.5,3.9,6.8,84.0,62.0,51,5,1,0,1,0,0.8,2.2,54.13,Moderate
STU-4508,balanced,4.8,8.0,5.9,78.4,67.9,30,8,1,0,0,0,1.8,1.2,36.79,Moderate
STU-4509,overworked,6.4,6.5,9.2,70.7,68.9,53,4,1,1,1,0,0.7,3.1,53.2,Moderate
STU-4510,overworked,5.7,3.6,10.8,82.2,60.8,51,4,1,1,0,0,0.9,2.5,62.55,High
STU-4511,overworked,5.2,5.0,8.9,70.6,82.3,10,6,1,0,0,0,0.3,1.8,60.71,High
STU-4512,balanced,8.6,7.9,5.0,91.8,75.9,73,6,1,0,1,0,0.9,1.5,35.66,Moderate
STU-4513,struggling,7.1,4.9,2.7,60.5,42.9,89,1,0,0,1,0,0.1,3.7,50.64,Moderate
STU-4514,struggling,4.2,4.3,3.2,71.1,49.2,40,8,0,1,0,1,0.3,4.5,72.79,High
STU-4515,struggling,3.3,5.2,2.4,66.2,58.6,84,6,1,0,0,0,0.6,4.2,58.41,High
STU-4516,balanced,6.4,7.8,8.0,88.7,64.9,3,2,0,0,0,1,1.5,1.2,39.13,Moderate
STU-4517,struggling,4.3,4.9,3.6,54.8,64.7,3,1,0,0,0,1,0.1,6.7,77.55,Critical
STU-4518,balanced,7.4,6.0,4.5,77.9,87.2,11,5,1,0,0,0,1.7,2.3,40.6,Moderate
STU-4519,struggling,4.3,6.0,4.6,62.2,69.8,77,1,1,0,0,0,0.5,5.2,51.29,Moderate
STU-4520,balanced,6.7,6.7,6.0,88.7,63.4,43,1,0,0,0,0,0.4,1.2,27.4,Low
STU-4521,struggling,5.8,4.2,3.9,67.0,39.7,73,6,0,0,0,0,0.7,3.8,55.83,High
STU-4522,struggling,3.8,4.1,1.8,64.4,75.0,0,8,1,0,0,1,0.4,5.2,92.48,Critical
STU-4523,balanced,7.8,7.1,5.4,86.0,60.5,20,8,0,0,0,0,1.2,1.1,28.76,Low
STU-4524,at_risk,1.8,2.8,0.0,64.7,29.9,89,1,0,0,0,1,0.0,9.3,85.79,Critical
STU-4525,struggling,1.0,6.2,6.0,80.7,60.0,9,3,1,0,1,0,0.0,4.7,71.75,High
STU-4526,overworked,4.2,3.9,8.6,79.6,65.6,33,0,1,0,1,0,0.3,2.0,58.53,High
STU-4527,struggling,7.2,4.0,4.0,51.9,61.2,60,7,0,0,1,0,0.2,3.7,59.69,High
STU-4528,overworked,3.5,2.5,10.6,74.3,63.5,0,6,0,1,0,0,1.2,2.8,83.71,Critical
STU-4529,overworked,4.4,5.4,6.9,72.8,69.6,53,2,1,0,0,1,0.5,2.1,51.3,Moderate
STU-4530,high_achiever,8.5,5.3,6.7,88.4,91.1,47,1,0,0,0,0,0.8,1.6,26.66,Low
STU-4531,overworked,2.7,4.9,6.9,81.5,62.7,6,1,1,1,1,0,0.8,2.1,77.23,Critical
STU-4532,struggling,5.8,3.5,4.8,67.6,47.6,82,3,0,0,1,0,0.0,6.7,63.5,High
STU-4533,at_risk,1.7,3.7,3.5,49.7,40.9,41,5,1,0,1,1,0.3,9.3,97.97,Critical
STU-4534,struggling,2.0,2.9,2.5,50.8,31.8,7,6,0,0,0,0,0.9,5.6,87.34,Critical
STU-4535,high_achiever,7.8,5.2,8.4,81.3,88.1,55,8,1,0,0,0,0.3,1.2,47.27,Moderate
STU-4536,struggling,1.5,4.3,4.4,67.6,52.8,2,6,1,0,0,1,0.4,3.9,99.96,Critical
STU-4537,struggling,1.6,5.9,3.8,69.4,61.5,45,0,1,0,0,0,0.5,3.6,53.89,Moderate
STU-4538,overworked,3.3,4.7,10.0,84.1,73.9,54,0,1,1,1,0,0.0,1.8,63.78,High
STU-4539,struggling,2.0,3.5,3.5,79.0,40.6,71,0,1,1,1,0,0.0,3.9,77.41,Critical
STU-4540,overworked,7.3,4.9,7.3,65.7,71.9,89,1,0,0,0,0,0.7,3.7,35.39,Moderate
STU-4541,struggling,4.2,3.3,2.2,50.2,48.0,30,4,1,1,1,0,0.0,8.5,88.91,Critical
STU-4542,overworked,7.0,4.3,12.8,81.4,78.4,51,0,1,1,0,1,0.2,3.0,64.68,High
STU-4543,struggling,3.4,3.2,3.1,58.1,62.4,4,6,0,0,0,0,0.2,1.9,76.02,Critical
STU-4544,high_achiever,8.8,5.3,9.2,98.0,81.2,71,3,0,1,0,0,0.6,1.9,35.23,Moderate
STU-4545,struggling,3.0,2.9,3.5,79.6,56.5,62,4,0,0,1,0,0.6,4.3,61.95,High
STU-4546,balanced,6.0,6.9,4.6,80.7,73.2,2,4,0,1,1,0,1.1,3.1,57.07,High
STU-4547,struggling,6.1,6.7,5.6,61.7,50.5,22,5,1,0,0,0,0.4,4.5,50.45,Moderate
STU-4548,high_achiever,8.0,5.4,7.2,86.0,84.5,49,1,0,0,0,0,1.1,1.2,24.22,Low
STU-4549,at_risk,1.3,4.0,1.2,56.4,38.1,36,7,0,1,1,0,0.1,6.9,86.92,Critical
STU-4550,balanced,7.6,6.7,8.5,72.9,72.1,48,8,0,0,0,0,1.1,1.0,33.83,Moderate
STU-4551,overworked,4.9,2.6,10.5,71.6,69.0,16,7,0,1,0,0,0.6,1.9,61.88,High
STU-4552,at_risk,5.0,1.3,0.1,31.6,59.5,69,6,1,0,1,1,0.0,6.7,94.94,Critical
STU-4553,overworked,6.4,5.0,9.9,90.9,74.4,51,8,0,1,0,0,0.2,2.4,55.6,High
STU-4554,struggling,4.8,4.7,1.4,70.7,62.5,15,6,0,0,1,0,0.4,5.0,59.29,High
STU-4555,overworked,6.8,6.2,9.6,76.7,76.3,5,2,1,1,0,0,0.4,2.2,61.97,High
STU-4556,balanced,6.7,7.2,5.6,89.7,70.1,18,5,0,0,0,0,0.4,1.6,30.36,Moderate
STU-4557,balanced,8.2,6.4,6.2,91.1,81.0,49,0,1,0,0,0,0.9,1.4,30.11,Moderate
STU-4558,balanced,8.8,7.0,5.3,71.0,72.1,49,1,0,0,0,0,0.9,1.8,18.73,Low
STU-4559,overworked,5.0,4.0,10.9,69.4,64.3,1,5,1,0,1,0,0.5,1.8,85.61,Critical
STU-4560,at_risk,3.4,3.5,2.6,12.7,52.8,15,8,0,0,0,1,0.2,6.1,89.31,Critical
STU-4561,overworked,6.5,4.6,10.1,88.5,74.5,29,4,0,1,0,0,0.3,2.4,51.25,Moderate
STU-4562,struggling,5.2,3.1,4.4,67.4,66.0,77,1,1,1,0,1,0.3,4.2,67.0,High
STU-4563,at_risk,1.8,4.7,2.3,46.5,53.5,28,1,0,0,0,0,0.3,4.7,64.64,High
STU-4564,high_achiever,6.5,6.8,7.4,96.7,87.3,3,8,1,0,0,0,0.9,1.3,56.36,High
STU-4565,at_risk,2.6,4.1,0.0,35.6,44.2,25,7,1,0,1,0,0.0,7.3,89.85,Critical
STU-4566,at_risk,1.5,2.8,4.3,53.0,27.1,5,2,1,0,1,0,0.3,7.9,100.0,Critical
STU-4567,balanced,8.2,7.8,6.5,76.6,65.6,62,8,1,0,1,1,0.5,1.4,43.85,Moderate
STU-4568,balanced,6.9,7.0,7.6,79.3,74.6,49,2,1,1,1,0,0.5,3.1,45.41,Moderate
STU-4569,at_risk,1.8,4.2,2.4,70.0,46.6,78,6,1,0,0,1,0.1,8.3,86.04,Critical
STU-4570,high_achiever,7.3,7.2,6.7,90.5,85.9,44,2,0,1,0,0,0.8,1.2,31.75,Moderate
STU-4571,overworked,3.2,3.9,10.5,77.3,79.9,25,7,0,1,0,0,0.5,1.1,61.67,High
STU-4572,high_achiever,8.2,6.7,6.4,89.6,81.6,41,3,1,1,0,0,0.5,0.7,39.13,Moderate
STU-4573,overworked,4.2,5.6,8.6,64.9,65.9,23,8,1,1,0,0,1.0,2.1,61.58,High
STU-4574,balanced,7.4,5.9,7.2,80.0,64.5,67,2,1,0,0,0,1.0,1.7,36.34,Moderate
STU-4575,struggling,3.0,7.0,2.1,69.3,28.3,55,6,1,1,1,1,0.3,5.4,80.14,Critical
STU-4576,at_risk,4.0,3.9,1.5,54.4,30.9,38,5,0,0,1,0,0.4,8.2,78.01,Critical
STU-4577,high_achiever,8.3,5.5,8.8,90.5,91.2,80,7,0,1,0,0,1.3,1.9,37.4,Moderate
STU-4578,overworked,4.1,7.0,7.2,67.0,70.4,71,5,1,0,1,0,0.4,1.8,51.86,Moderate
STU-4579,struggling,5.4,4.5,3.1,61.7,46.0,12,0,1,0,0,1,0.0,5.3,77.64,Critical
STU-4580,overworked,5.3,2.7,8.6,87.1,55.6,33,3,1,0,1,0,0.6,1.8,61.38,High
STU-4581,balanced,6.5,6.1,7.2,88.5,80.2,36,5,0,1,0,0,1.6,2.1,38.11,Moderate
STU-4582,balanced,6.5,8.1,7.0,85.0,72.7,59,4,0,0,0,0,0.7,1.9,27.95,Low
STU-4583,overworked,3.8,6.0,8.8,74.1,58.2,12,1,1,1,0,0,0.2,2.7,66.48,High
STU-4584,struggling,4.4,3.9,1.8,62.7,47.6,74,7,1,1,1,1,0.4,4.3,83.75,Critical
STU-4585,balanced,7.4,7.3,7.0,79.3,79.4,5,3,0,0,1,1,1.9,2.1,44.18,Moderate
STU-4586,high_achiever,7.3,6.0,6.8,90.7,91.4,69,5,1,1,0,0,0.7,1.4,45.69,Moderate
STU-4587,high_achiever,8.0,6.5,7.3,85.4,78.1,11,7,0,0,0,0,0.4,1.5,37.12,Moderate
STU-4588,struggling,5.1,5.9,5.7,63.7,51.2,14,5,1,0,0,0,0.7,3.7,51.96,Moderate
STU-4589,struggling,3.5,4.0,3.6,51.8,56.4,28,8,1,0,1,0,0.1,6.6,78.75,Critical
STU-4590,balanced,7.1,6.7,5.8,89.4,77.1,27,1,0,0,1,0,1.1,2.2,30.56,Moderate
STU-4591,balanced,7.5,7.3,6.3,68.8,72.2,56,0,1,0,0,0,1.4,1.6,28.45,Low
STU-4592,overworked,6.1,5.4,10.2,70.1,55.8,67,3,1,1,0,0,0.6,1.6,54.85,Moderate
STU-4593,high_achiever,7.1,7.3,7.3,92.7,89.1,32,0,0,1,0,0,1.0,1.9,26.71,Low
STU-4594,overworked,3.9,3.9,10.1,83.1,65.3,45,6,1,1,0,0,0.3,3.2,67.37,High
STU-4595,balanced,7.5,6.5,6.8,87.0,63.8,70,2,0,0,0,0,1.1,0.6,26.93,Low
STU-4596,balanced,9.2,5.3,3.8,83.3,74.9,74,3,0,0,0,0,1.0,0.8,26.29,Low
STU-4597,at_risk,3.4,6.0,4.0,28.5,37.9,33,7,1,0,1,1,0.2,4.8,89.11,Critical
STU-4598,balanced,7.9,8.0,6.5,84.3,69.9,1,4,1,0,0,0,0.7,1.9,37.58,Moderate
STU-4599,high_achiever,7.6,7.3,8.6,84.8,83.7,84,0,1,0,0,0,0.8,1.6,27.54,Low
STU-4600,at_risk,1.0,3.4,3.2,49.1,46.1,45,3,1,0,1,1,0.1,8.8,99.89,Critical
STU-4601,balanced,6.4,7.7,6.1,100.0,68.6,66,4,1,0,0,0,1.2,1.2,31.07,Moderate
STU-4602,struggling,4.6,4.7,4.3,68.2,49.2,55,5,0,1,0,0,0.2,3.3,56.69,High
STU-4603,balanced,7.1,7.2,6.4,86.9,87.5,30,7,0,1,1,0,0.8,1.7,38.43,Moderate
STU-4604,struggling,5.9,3.9,5.2,79.4,57.0,28,6,1,0,1,0,0.4,4.9,61.3,High
STU-4605,overworked,4.8,4.9,12.2,67.6,72.0,74,5,0,1,0,0,0.6,2.0,57.88,High
STU-4606,at_risk,1.0,4.8,3.7,46.5,27.4,73,4,0,0,0,1,0.3,3.9,77.39,Critical
STU-4607,balanced,7.1,8.2,6.3,76.8,61.5,26,6,0,0,0,0,1.2,2.0,24.5,Low
STU-4608,balanced,9.0,6.9,2.8,78.7,78.6,59,6,0,0,0,0,1.4,1.7,22.39,Low
STU-4609,struggling,1.0,4.6,3.0,65.0,57.9,54,1,1,0,1,0,0.7,3.4,64.6,High
STU-4610,balanced,6.6,6.4,4.5,93.6,76.2,74,5,0,1,0,0,2.0,1.8,31.84,Moderate
STU-4611,balanced,6.4,7.8,4.1,86.5,72.1,38,2,0,0,0,0,0.8,2.6,24.72,Low
STU-4612,overworked,4.3,4.9,8.7,100.0,80.6,86,7,1,1,1,0,0.2,1.8,62.46,High
STU-4613,high_achiever,7.9,6.0,7.1,81.2,84.8,28,1,1,0,1,0,1.7,1.4,33.61,Moderate
STU-4614,overworked,5.5,4.9,12.8,74.7,58.0,52,4,0,1,1,0,0.4,2.4,61.59,High
STU-4615,overworked,6.6,7.0,8.6,71.1,51.5,11,0,1,1,0,0,0.6,1.5,53.63,Moderate
STU-4616,at_risk,2.0,5.2,0.0,63.3,48.8,32,7,1,0,0,1,0.2,4.0,75.46,Critical
STU-4617,high_achiever,7.9,5.2,8.9,89.3,93.9,73,1,1,0,0,0,1.0,1.9,36.19,Moderate
STU-4618,overworked,5.8,5.1,9.0,69.3,45.0,58,6,0,1,0,1,0.1,2.8,61.6,High
STU-4619,overworked,3.7,3.6,9.8,69.1,82.2,50,1,1,1,0,0,0.6,2.4,64.59,High
STU-4620,balanced,6.4,6.4,6.4,89.3,80.6,86,2,1,1,0,0,1.0,1.6,39.98,Moderate
STU-4621,balanced,8.0,5.4,2.9,66.0,57.9,34,5,0,0,0,0,1.7,2.3,31.31,Moderate
STU-4622,struggling,3.8,6.3,4.3,85.0,50.6,87,7,1,0,0,1,0.1,3.2,61.76,High
STU-4623,struggling,5.4,4.6,3.0,77.1,58.3,87,5,1,0,1,1,0.3,3.7,63.81,High
STU-4624,overworked,6.2,4.2,7.6,73.2,69.5,80,2,0,0,0,0,0.8,1.3,38.35,Moderate
STU-4625,high_achiever,7.6,6.3,8.8,91.4,79.5,43,6,0,1,0,0,1.4,1.8,35.52,Moderate
STU-4626,struggling,2.2,5.0,3.5,56.4,64.7,8,0,0,0,0,0,0.1,5.4,66.32,High
STU-4627,at_risk,2.2,1.7,1.4,50.8,50.0,64,6,1,0,1,0,0.0,9.6,95.11,Critical
STU-4628,at_risk,2.7,3.3,4.0,25.9,43.1,27,3,1,0,0,1,0.1,9.3,97.13,Critical
STU-4629,at_risk,2.9,2.7,2.3,42.5,33.4,25,2,1,0,1,1,0.0,7.0,95.24,Critical
STU-4630,overworked,3.8,3.4,7.9,83.0,74.5,44,6,0,0,0,0,0.6,1.4,50.86,Moderate
STU-4631,high_achiever,7.3,7.2,7.5,87.7,91.2,49,6,0,0,0,0,1.2,0.7,24.99,Low
STU-4632,struggling,2.0,6.5,2.0,84.5,39.2,44,5,0,0,0,0,0.0,6.1,60.23,High
STU-4633,high_achiever,8.2,7.0,6.0,95.2,86.4,40,0,0,1,0,0,0.9,1.4,28.25,Low
STU-4634,high_achiever,8.1,5.0,8.1,95.1,82.7,21,0,1,1,0,0,1.0,1.5,38.36,Moderate
STU-4635,struggling,3.4,4.1,3.3,55.7,60.0,29,4,1,0,0,1,0.1,6.2,77.05,Critical
STU-4636,overworked,7.5,6.7,12.1,66.1,73.4,4,7,1,1,0,0,0.2,4.8,78.79,Critical
STU-4637,struggling,6.1,5.0,0.0,52.6,43.8,51,3,1,0,1,0,0.2,5.3,67.21,High
STU-4638,balanced,4.6,6.8,4.9,93.0,79.7,67,0,0,0,0,0,1.1,1.9,27.01,Low
STU-4639,struggling,5.0,4.0,2.3,77.8,55.3,7,4,1,0,1,0,0.1,3.9,71.19,High
STU-4640,balanced,7.5,7.0,4.1,73.6,69.0,90,4,1,0,0,0,1.1,1.8,32.38,Moderate
STU-4641,high_achiever,7.7,7.8,8.0,96.9,87.8,46,8,1,1,0,0,1.0,1.6,40.84,Moderate
STU-4642,balanced,8.0,6.2,6.4,83.3,60.5,37,6,0,0,0,0,1.2,1.0,28.24,Low
STU-4643,overworked,5.3,3.5,9.4,78.7,77.6,50,6,0,1,0,0,0.3,2.4,56.67,High
STU-4644,high_achiever,7.5,5.3,6.9,94.7,79.4,25,7,1,0,0,0,0.9,1.4,42.64,Moderate
STU-4645,overworked,5.5,5.3,9.5,73.1,58.7,73,4,1,1,1,0,0.3,2.5,62.53,High
STU-4646,high_achiever,9.0,7.2,8.5,80.8,94.5,55,0,1,0,1,0,1.1,1.6,32.53,Moderate
STU-4647,overworked,5.5,3.9,11.7,70.3,60.1,38,8,0,0,0,1,0.3,1.9,62.09,High
STU-4648,overworked,5.4,6.3,10.2,69.4,62.8,25,3,0,1,0,0,0.3,1.9,46.54,Moderate
STU-4649,at_risk,1.4,3.8,1.3,33.7,43.8,57,5,1,1,1,0,0.3,5.7,98.74,Critical
STU-4650,overworked,8.8,5.5,8.8,80.7,57.8,44,2,0,1,1,0,0.1,0.9,41.95,Moderate
STU-4651,overworked,3.7,5.6,8.4,80.8,77.5,60,5,1,1,0,0,0.8,1.9,56.8,High
STU-4652,overworked,6.0,6.3,10.7,91.0,53.4,69,1,1,1,0,0,0.2,3.0,55.48,High
STU-4653,at_risk,2.4,3.0,3.2,18.3,47.5,27,1,1,0,0,0,0.1,5.2,86.01,Critical
STU-4654,balanced,6.8,7.0,5.4,88.0,76.3,38,1,0,0,0,0,0.4,1.0,24.61,Low
STU-4655,struggling,4.7,5.2,6.0,49.8,67.7,64,7,0,0,1,0,0.0,4.8,61.71,High
STU-4656,balanced,7.4,6.8,5.6,72.1,81.9,8,0,0,0,0,0,1.3,2.0,25.96,Low
STU-4657,struggling,3.5,5.1,5.9,45.3,34.7,54,4,0,0,1,0,0.4,4.3,68.75,High
STU-4658,balanced,7.2,7.5,5.2,72.3,68.7,82,4,1,0,0,0,1.1,1.0,32.15,Moderate
STU-4659,overworked,5.6,4.6,9.8,61.9,60.5,32,8,0,1,1,1,0.1,2.9,75.73,Critical
STU-4660,high_achiever,7.1,6.3,6.2,92.1,81.3,36,0,1,1,0,0,1.1,1.7,35.96,Moderate
STU-4661,at_risk,2.8,1.7,1.6,43.1,35.3,78,0,0,0,1,1,0.0,5.2,87.02,Critical
STU-4662,balanced,7.4,7.2,5.6,77.4,83.6,84,6,0,0,0,0,1.8,1.0,24.69,Low
STU-4663,high_achiever,7.4,7.1,7.0,91.3,88.0,66,5,1,0,1,0,0.9,2.2,39.26,Moderate
STU-4664,high_achiever,8.5,6.3,6.9,95.1,89.3,5,8,0,1,0,0,0.5,1.5,47.74,Moderate
STU-4665,struggling,3.8,5.0,3.4,35.0,36.3,25,2,1,0,0,1,0.6,4.4,78.14,Critical
STU-4666,at_risk,2.5,2.7,1.3,52.9,43.2,43,2,1,0,1,1,0.5,5.2,89.96,Critical
STU-4667,overworked,4.2,5.5,9.8,76.7,69.9,83,0,0,1,0,1,0.2,2.9,54.47,Moderate
STU-4668,at_risk,2.8,4.3,4.1,62.6,44.9,28,0,1,0,1,1,0.0,4.6,75.27,Critical
STU-4669,at_risk,1.3,3.5,0.9,66.0,31.1,51,5,0,1,1,0,0.1,5.7,82.13,Critical
STU-4670,overworked,7.1,5.7,10.7,83.9,62.4,15,5,1,1,0,0,0.2,2.6,56.6,High
STU-4671,overworked,6.1,6.0,8.7,89.0,65.8,20,0,0,1,1,0,0.5,1.9,44.81,Moderate
STU-4672,balanced,8.1,5.8,7.1,100.0,72.2,41,0,0,0,0,1,1.1,2.5,31.54,Moderate
STU-4673,balanced,7.2,8.5,3.9,75.7,78.3,4,6,1,1,0,0,0.6,1.6,48.37,Moderate
STU-4674,at_risk,3.5,4.2,0.0,37.6,29.7,88,0,1,0,1,0,0.1,4.0,79.73,Critical
STU-4675,struggling,3.0,5.2,3.5,50.3,68.7,36,7,0,1,0,1,0.7,5.2,71.59,High
STU-4676,balanced,6.1,7.9,6.5,75.5,69.5,26,8,0,0,0,0,1.4,1.1,27.76,Low
STU-4677,at_risk,1.5,2.5,0.9,61.6,16.9,30,8,1,0,1,1,0.2,6.7,100.0,Critical
STU-4678,high_achiever,8.0,6.2,6.0,96.0,88.0,86,3,1,1,0,0,0.8,1.9,38.81,Moderate
STU-4679,high_achiever,7.8,6.1,7.6,86.0,83.2,45,1,0,1,0,0,0.7,1.5,33.44,Moderate
STU-4680,struggling,2.3,5.0,1.3,85.0,45.9,67,8,1,0,0,0,0.6,5.1,67.42,High
STU-4681,struggling,2.3,5.5,3.6,67.6,50.9,65,1,1,0,0,1,0.3,3.5,64.41,High
STU-4682,struggling,3.4,3.7,3.7,66.4,55.0,33,8,0,0,0,0,0.3,5.4,64.03,High
STU-4683,overworked,5.6,5.2,11.3,65.9,66.8,37,8,1,0,1,0,0.5,0.9,63.9,High
STU-4684,struggling,4.4,5.6,5.2,66.9,25.2,3,8,1,1,0,1,0.3,5.1,100.0,Critical
STU-4685,struggling,1.3,5.1,1.6,85.0,55.2,42,0,0,1,0,1,0.7,4.8,65.78,High
STU-4686,overworked,5.6,6.0,6.4,86.9,76.7,76,3,0,1,0,0,0.4,1.9,40.17,Moderate
STU-4687,overworked,5.9,6.2,8.7,61.0,94.8,17,2,1,1,0,0,0.6,1.9,52.99,Moderate
STU-4688,overworked,6.9,5.5,8.8,84.7,80.9,63,7,0,1,0,0,0.0,2.4,47.43,Moderate
STU-4689,overworked,5.9,5.0,11.3,75.9,70.0,16,3,0,1,1,0,0.5,2.1,51.41,Moderate
STU-4690,struggling,4.3,4.8,3.0,60.4,25.0,61,7,1,1,0,0,0.7,6.2,77.24,Critical
STU-4691,struggling,3.0,6.2,1.8,67.7,46.1,46,4,1,1,1,1,0.4,4.9,76.71,Critical
STU-4692,struggling,4.6,3.9,0.8,50.9,39.4,13,6,1,0,1,0,0.0,5.4,90.31,Critical
STU-4693,overworked,6.0,5.5,10.6,82.1,60.2,62,1,1,1,0,0,0.6,2.4,56.2,High
STU-4694,balanced,7.2,7.3,5.4,82.4,74.9,57,6,0,0,0,0,1.0,1.9,28.0,Low
STU-4695,overworked,4.9,5.8,10.6,69.2,60.4,19,2,0,0,0,1,0.5,1.7,48.68,Moderate
STU-4696,overworked,8.1,4.0,7.2,70.2,72.3,36,5,0,1,1,1,0.4,3.7,56.99,High
STU-4697,at_risk,2.7,4.6,1.0,58.6,16.0,81,0,1,0,1,0,0.5,8.2,81.94,Critical
STU-4698,balanced,8.0,8.1,4.0,77.2,85.8,45,5,1,0,0,0,1.2,2.1,28.35,Low
STU-4699,struggling,5.3,5.1,3.7,36.8,59.7,15,6,1,0,0,0,0.5,2.9,60.01,High
STU-4700,at_risk,3.0,3.7,0.0,35.7,41.8,84,7,0,0,1,1,0.2,5.0,86.22,Critical
STU-4701,struggling,2.7,6.1,3.8,54.0,38.1,78,5,0,0,0,0,0.0,7.5,67.16,High
STU-4702,high_achiever,7.5,6.4,6.2,90.5,85.2,53,0,1,0,0,1,1.0,0.8,38.95,Moderate
STU-4703,overworked,4.7,4.3,8.4,67.5,72.7,71,5,1,1,0,0,0.7,1.6,57.73,High
STU-4704,high_achiever,7.0,6.2,5.5,88.0,81.7,50,8,1,0,0,0,1.0,0.7,41.0,Moderate
STU-4705,overworked,8.0,6.4,8.6,84.7,75.5,8,6,1,0,0,0,0.4,2.3,46.9,Moderate
STU-4706,balanced,8.1,6.4,6.4,95.3,82.1,44,0,0,0,0,0,1.8,0.2,21.07,Low
STU-4707,at_risk,2.8,4.5,0.3,40.4,48.8,10,1,1,0,0,1,0.0,6.7,94.29,Critical
STU-4708,balanced,7.0,7.5,4.2,75.8,73.9,4,3,0,1,0,0,0.7,2.5,40.77,Moderate
STU-4709,struggling,5.2,3.4,4.6,42.7,68.9,63,0,0,0,0,0,0.6,4.0,52.24,Moderate
STU-4710,balanced,7.7,5.8,5.5,75.5,73.0,57,8,1,0,0,0,0.9,1.3,42.44,Moderate
STU-4711,balanced,8.0,5.8,4.4,88.9,82.7,67,4,0,0,0,0,0.6,2.2,30.04,Moderate
STU-4712,overworked,2.6,4.6,9.3,78.5,56.8,57,6,0,1,0,0,0.2,1.7,60.55,High
STU-4713,overworked,4.7,4.9,10.0,95.7,78.7,1,8,0,1,0,1,0.8,1.8,77.19,Critical
STU-4714,balanced,8.0,7.0,6.4,74.9,80.2,51,6,0,1,0,0,1.1,1.5,31.27,Moderate
STU-4715,overworked,6.2,5.8,9.0,81.4,73.4,3,4,1,0,0,0,0.6,3.0,61.9,High
STU-4716,overworked,4.8,6.5,9.7,67.1,63.5,76,6,0,0,0,0,0.5,2.8,43.9,Moderate
STU-4717,overworked,4.4,4.5,8.2,59.2,47.8,88,8,1,0,0,1,0.3,2.4,73.37,High
STU-4718,overworked,3.5,3.7,8.7,78.0,80.1,49,8,0,1,0,1,0.6,1.9,66.77,High
STU-4719,overworked,4.2,5.1,9.4,92.0,74.9,27,5,1,0,1,0,0.2,1.6,57.93,High
STU-4720,balanced,5.6,6.8,5.3,85.7,79.9,18,3,0,0,0,0,1.2,0.8,27.4,Low
STU-4721,struggling,3.1,5.3,4.4,59.0,75.0,1,8,1,1,1,0,0.8,6.7,100.0,Critical
STU-4722,at_risk,3.0,3.9,0.0,32.2,35.3,53,8,0,0,0,1,0.1,6.0,87.41,Critical
STU-4723,balanced,5.1,7.4,5.6,80.5,82.4,73,2,0,0,0,0,0.8,1.7,29.6,Low
STU-4724,balanced,6.3,5.4,4.1,81.5,73.0,49,8,0,0,0,0,1.2,1.4,34.66,Moderate
STU-4725,overworked,5.7,4.8,10.5,70.5,49.8,90,8,1,1,0,0,0.0,1.9,67.14,High
STU-4726,high_achiever,7.6,6.1,5.1,81.6,87.2,52,7,1,1,0,0,0.9,1.2,41.84,Moderate
STU-4727,at_risk,1.5,3.5,2.4,45.5,54.6,31,0,0,0,0,1,0.0,8.8,81.44,Critical
STU-4728,at_risk,2.6,4.4,1.1,43.1,23.3,41,7,0,0,1,0,0.3,6.9,85.8,Critical
STU-4729,struggling,4.3,5.8,2.4,73.8,47.2,58,8,0,0,0,1,0.3,5.9,64.83,High
STU-4730,overworked,6.7,5.9,8.7,79.6,69.0,16,6,0,1,0,1,0.8,2.1,50.5,Moderate
STU-4731,struggling,2.0,6.2,2.2,72.2,41.6,33,3,1,0,0,0,0.5,3.4,60.17,High
STU-4732,at_risk,3.3,2.9,2.9,62.2,26.9,32,6,0,1,1,1,0.0,4.1,86.15,Critical
STU-4733,overworked,3.9,5.9,10.3,61.0,64.9,19,1,0,0,1,1,0.1,2.9,59.36,High
STU-4734,at_risk,1.0,3.7,2.9,33.7,34.8,47,2,1,0,1,1,0.0,8.7,100.0,Critical
STU-4735,balanced,6.5,7.0,5.3,87.5,84.7,44,0,0,0,1,0,1.7,1.6,27.58,Low
STU-4736,high_achiever,9.0,7.6,5.9,94.0,87.5,70,5,0,0,0,0,1.4,2.0,18.32,Low
STU-4737,balanced,6.5,7.7,5.7,64.2,61.7,23,8,1,0,0,0,1.5,2.3,37.56,Moderate
STU-4738,at_risk,3.6,3.3,0.5,39.6,23.3,62,0,1,0,0,1,0.0,2.5,81.84,Critical
STU-4739,high_achiever,8.3,5.6,7.0,87.0,89.0,64,1,1,1,1,0,0.1,1.8,43.18,Moderate
STU-4740,high_achiever,7.6,6.0,6.6,83.4,95.0,67,4,0,1,0,0,0.5,0.8,38.69,Moderate
STU-4741,overworked,6.0,3.7,9.3,75.6,53.1,52,5,0,0,0,0,0.2,2.2,51.84,Moderate
STU-4742,struggling,3.7,4.4,2.3,75.2,62.8,44,6,1,0,1,0,0.5,5.0,61.67,High
STU-4743,balanced,8.3,7.0,5.1,85.6,76.8,24,0,1,0,0,0,0.8,1.6,24.71,Low
STU-4744,overworked,5.6,6.3,6.8,79.3,76.7,46,1,0,0,0,0,0.6,1.6,29.13,Low
STU-4745,balanced,6.6,8.0,3.4,72.3,71.3,17,1,0,1,0,0,0.8,1.8,31.58,Moderate
STU-4746,overworked,3.7,4.9,9.5,74.7,54.2,58,1,0,1,0,0,0.2,1.7,55.14,High
STU-4747,overworked,6.1,3.4,8.9,73.0,89.5,10,2,1,0,1,0,0.5,1.3,62.21,High
STU-4748,overworked,4.9,5.4,10.2,80.0,67.9,50,0,1,1,0,0,0.4,2.1,50.92,Moderate
STU-4749,balanced,7.1,6.5,3.5,100.0,77.5,65,0,1,1,0,0,1.2,1.6,37.86,Moderate
STU-4750,overworked,3.8,4.7,8.1,85.2,61.7,58,2,1,1,0,1,0.7,2.1,64.67,High
STU-4751,at_risk,2.9,4.6,0.6,61.6,15.6,18,7,1,0,0,1,0.1,5.1,83.64,Critical
STU-4752,high_achiever,7.1,6.1,6.8,88.4,85.5,87,6,1,1,0,0,0.7,1.2,45.03,Moderate
STU-4753,struggling,4.3,5.5,4.8,64.8,57.2,9,2,1,0,1,0,0.4,4.3,69.34,High
STU-4754,balanced,6.3,5.4,4.3,93.2,72.6,25,2,0,0,0,0,1.3,1.6,31.99,Moderate
STU-4755,at_risk,2.6,3.4,2.9,41.0,42.5,89,3,1,0,1,1,0.1,6.0,91.02,Critical
STU-4756,balanced,7.0,6.6,6.9,68.5,82.1,40,1,0,0,0,0,0.5,2.1,27.97,Low
STU-4757,at_risk,3.1,3.4,0.0,68.4,47.3,37,3,1,0,1,1,0.2,4.9,80.65,Critical
STU-4758,balanced,5.9,5.2,3.6,74.6,69.0,50,4,1,0,1,0,1.0,1.6,45.82,Moderate
STU-4759,overworked,2.3,5.2,9.1,71.0,84.0,14,0,0,1,0,0,0.3,2.2,54.72,Moderate
STU-4760,balanced,5.7,7.0,6.5,81.3,64.6,41,4,1,1,0,0,1.0,1.9,40.06,Moderate
STU-4761,struggling,2.0,6.9,4.2,79.8,62.4,36,6,1,0,1,1,0.4,4.3,66.82,High
STU-4762,high_achiever,9.0,7.1,7.2,90.1,88.0,0,5,0,1,0,0,0.8,1.6,37.35,Moderate
STU-4763,overworked,5.0,4.0,8.8,71.2,86.9,6,0,0,0,1,0,0.1,2.5,63.51,High
STU-4764,struggling,4.1,4.8,0.7,45.2,40.5,29,7,1,1,1,0,0.0,4.9,84.94,Critical
STU-4765,at_risk,1.4,3.6,1.4,46.5,30.5,34,7,1,0,1,1,0.2,9.5,100.0,Critical
STU-4766,balanced,8.6,5.9,4.7,86.5,87.1,70,3,0,0,0,0,1.5,1.2,23.53,Low
STU-4767,at_risk,2.8,3.3,0.8,43.6,37.8,57,8,0,0,1,1,0.0,8.2,93.24,Critical
STU-4768,overworked,5.4,6.0,9.3,87.8,59.7,45,1,0,1,0,0,0.5,2.9,43.79,Moderate
STU-4769,overworked,5.2,4.8,9.8,82.7,60.9,89,1,0,0,0,0,0.4,3.5,46.81,Moderate
STU-4770,at_risk,3.3,3.3,5.2,63.4,38.4,48,8,1,0,0,1,0.1,5.3,84.2,Critical
STU-4771,balanced,7.8,7.6,5.3,70.2,76.9,48,4,0,1,0,0,1.5,1.2,28.92,Low
STU-4772,struggling,6.0,3.1,3.1,79.8,53.9,5,6,1,0,0,0,0.1,4.8,80.68,Critical
STU-4773,overworked,5.2,5.6,9.9,81.2,76.6,19,5,0,0,0,0,0.3,1.4,43.81,Moderate
STU-4774,struggling,3.8,4.0,4.3,77.3,50.1,48,5,0,0,1,0,0.3,3.0,57.29,High
STU-4775,balanced,7.4,7.0,5.1,87.8,75.5,82,5,1,1,1,0,2.2,1.9,36.42,Moderate
STU-4776,overworked,3.8,5.5,8.5,72.2,57.6,20,6,0,0,0,0,0.3,2.4,49.71,Moderate
STU-4777,balanced,6.2,7.6,4.1,85.5,77.7,8,1,1,0,0,0,0.8,1.2,36.98,Moderate
STU-4778,struggling,3.2,4.3,4.5,67.7,41.0,77,3,1,0,0,1,0.3,3.4,71.92,High
STU-4779,overworked,7.8,4.2,9.5,87.2,70.2,0,8,1,0,0,0,0.6,2.2,63.35,High
STU-4780,balanced,7.3,7.9,5.9,95.0,60.8,88,6,0,1,0,0,1.4,1.4,29.64,Low
STU-4781,struggling,6.0,4.2,3.0,66.1,26.2,88,8,1,0,0,0,0.7,7.7,73.73,High
STU-4782,overworked,6.1,4.8,7.9,89.9,79.2,85,7,0,0,0,1,0.5,2.5,49.37,Moderate
STU-4783,balanced,6.7,9.0,5.2,78.6,84.0,42,6,0,1,0,0,1.2,1.8,30.62,Moderate
STU-4784,struggling,5.0,5.4,1.4,66.8,39.9,62,7,0,0,1,0,0.2,5.1,60.9,High
STU-4785,balanced,7.9,7.6,6.5,71.2,93.9,87,1,0,0,0,0,1.2,2.5,17.78,Low
STU-4786,at_risk,2.2,2.0,0.7,48.8,34.0,15,3,0,1,1,0,0.4,9.7,94.25,Critical
STU-4787,overworked,4.8,4.0,11.2,79.6,70.3,84,7,1,0,0,0,0.5,2.0,58.41,High
STU-4788,high_achiever,7.8,6.3,7.4,82.8,86.1,6,7,0,0,0,0,0.7,1.5,41.78,Moderate
STU-4789,overworked,4.7,6.2,6.9,93.4,82.4,53,7,1,0,0,0,0.1,1.5,45.31,Moderate
STU-4790,balanced,8.1,6.7,5.0,73.0,89.5,63,4,0,0,0,0,0.8,1.8,26.38,Low
STU-4791,struggling,3.4,3.8,2.9,68.8,47.8,78,5,0,1,1,1,0.8,3.6,74.92,High
STU-4792,struggling,1.4,3.6,2.3,48.8,55.4,75,7,1,0,1,0,0.3,1.4,81.59,Critical
STU-4793,high_achiever,7.9,6.5,8.6,95.9,83.2,25,0,1,1,1,0,0.2,1.7,43.25,Moderate
STU-4794,struggling,5.9,3.6,2.8,45.9,36.9,62,1,0,0,0,1,0.3,4.5,66.23,High
STU-4795,struggling,7.1,5.2,3.5,30.0,61.9,30,0,1,0,0,1,1.0,4.5,59.82,High
STU-4796,balanced,7.4,5.9,6.1,94.0,69.6,41,6,1,0,0,0,0.9,1.8,37.82,Moderate
STU-4797,struggling,1.7,4.0,2.6,78.4,65.9,30,5,1,0,0,1,0.7,6.0,72.26,High
STU-4798,high_achiever,7.1,7.4,7.4,84.8,79.5,35,8,1,0,1,0,0.5,0.4,43.05,Moderate
STU-4799,at_risk,1.3,2.7,2.1,45.2,29.4,51,3,1,0,1,1,0.4,3.1,91.38,Critical
STU-4800,overworked,6.2,4.4,8.5,67.2,73.4,16,2,1,1,0,1,0.5,2.3,60.83,High
STU-4801,struggling,2.9,4.3,4.9,80.8,65.3,1,3,1,0,0,1,0.5,6.3,86.28,Critical
STU-4802,struggling,2.9,5.1,3.3,66.1,63.8,82,0,1,0,0,1,0.5,3.2,59.38,High
STU-4803,overworked,4.1,4.2,6.9,79.3,52.2,72,1,0,0,0,0,0.5,3.3,48.01,Moderate
STU-4804,overworked,5.6,6.5,10.0,69.4,71.3,82,5,1,0,0,0,1.0,1.3,43.94,Moderate
STU-4805,balanced,7.8,6.8,4.9,71.9,59.4,63,5,1,0,1,0,0.6,2.8,42.63,Moderate
STU-4806,balanced,5.2,7.9,7.0,91.8,71.6,34,8,0,0,0,1,1.1,1.9,40.15,Moderate
STU-4807,balanced,6.6,6.4,6.3,91.7,74.6,82,5,0,0,0,0,1.5,1.9,28.79,Low
STU-4808,at_risk,1.7,2.3,1.1,33.4,41.4,52,8,1,0,1,1,0.3,6.6,100.0,Critical
STU-4809,overworked,6.8,5.3,10.2,72.8,81.3,40,5,0,1,1,0,0.7,2.1,51.72,Moderate
STU-4810,balanced,8.3,6.6,5.4,82.6,66.2,34,4,0,0,0,0,1.4,2.4,24.19,Low
STU-4811,high_achiever,8.1,7.5,6.5,92.8,81.6,62,7,1,0,1,0,0.8,1.6,37.92,Moderate
STU-4812,overworked,6.3,5.1,10.2,94.7,80.6,0,1,1,1,0,1,0.5,2.6,76.06,Critical
STU-4813,at_risk,2.3,4.0,2.1,59.9,53.2,78,1,0,0,0,1,0.1,2.2,65.54,High
STU-4814,balanced,6.5,7.2,6.4,93.3,89.4,57,5,1,0,0,0,1.1,2.5,36.44,Moderate
STU-4815,balanced,9.9,7.9,5.3,75.7,54.0,41,7,0,0,0,0,1.5,2.4,22.57,Low
STU-4816,balanced,4.8,6.0,6.1,96.3,74.6,52,4,1,0,0,0,1.6,1.2,40.85,Moderate
STU-4817,high_achiever,7.6,7.3,6.4,99.4,83.2,42,5,0,1,0,0,0.6,0.9,31.59,Moderate
STU-4818,overworked,6.1,4.4,8.3,86.9,45.0,29,5,0,1,1,1,0.3,1.1,63.25,High
STU-4819,high_achiever,8.0,6.4,6.6,96.9,84.9,31,4,0,0,0,0,1.7,1.8,22.8,Low
STU-4820,balanced,9.1,7.2,7.7,79.9,77.2,29,4,0,1,0,0,1.4,1.7,28.71,Low
STU-4821,overworked,8.4,2.7,10.7,69.1,45.0,33,7,0,0,0,0,0.6,2.6,55.62,High
STU-4822,struggling,4.6,5.6,2.6,65.2,60.4,73,8,0,1,1,0,0.7,4.9,61.53,High
STU-4823,at_risk,2.4,2.3,3.2,26.1,42.7,50,3,1,0,0,1,0.1,3.1,88.48,Critical
STU-4824,overworked,4.2,4.7,11.7,76.9,75.5,0,2,1,0,0,0,0.8,3.1,72.98,High
STU-4825,balanced,6.5,7.4,4.7,96.5,81.9,5,5,0,0,0,0,1.3,2.1,35.47,Moderate
STU-4826,overworked,4.9,5.5,9.1,97.4,63.1,34,1,0,1,0,0,0.6,1.6,43.92,Moderate
STU-4827,balanced,5.4,7.3,4.9,90.7,78.3,17,8,0,0,0,0,1.3,1.0,33.46,Moderate
STU-4828,overworked,4.5,3.6,10.1,65.4,49.1,89,5,0,0,1,0,0.8,1.8,59.06,High
STU-4829,struggling,2.6,3.6,5.2,42.0,35.9,70,2,1,0,0,0,0.6,4.1,76.47,Critical
STU-4830,struggling,3.3,6.9,1.6,65.4,70.0,21,1,0,1,0,0,0.2,3.7,49.21,Moderate
STU-4831,high_achiever,8.6,5.9,8.8,91.3,88.1,73,4,0,0,0,0,1.6,1.8,27.08,Low
STU-4832,struggling,3.0,7.0,2.3,65.8,58.1,65,5,1,1,0,1,0.5,8.0,74.2,High
STU-4833,struggling,3.9,6.4,3.3,72.5,54.3,21,6,1,0,1,1,0.6,5.9,67.62,High
STU-4834,overworked,2.7,3.3,6.7,77.1,46.5,13,7,1,1,1,0,0.4,2.3,89.37,Critical
STU-4835,overworked,6.3,5.9,10.1,74.8,68.9,89,4,1,1,0,0,0.1,2.4,50.85,Moderate
STU-4836,overworked,7.1,4.0,9.7,81.2,81.6,79,4,0,1,0,0,0.0,1.9,49.98,Moderate
STU-4837,struggling,6.6,4.5,2.6,85.0,61.6,15,3,0,1,1,0,0.7,3.0,49.79,Moderate
STU-4838,struggling,2.4,2.9,4.4,69.8,46.2,53,4,1,0,0,0,0.7,4.2,69.12,High
STU-4839,at_risk,2.5,3.3,3.9,32.4,28.9,24,2,1,0,0,0,0.0,10.0,94.02,Critical
STU-4840,high_achiever,7.2,6.3,8.0,94.3,81.5,66,5,0,1,1,0,0.8,0.7,42.25,Moderate
STU-4841,at_risk,3.8,2.9,3.0,39.3,24.9,21,3,1,0,0,1,0.2,10.0,98.82,Critical
STU-4842,overworked,4.9,4.7,12.4,81.1,62.3,18,4,0,0,0,0,0.4,2.4,51.61,Moderate
STU-4843,overworked,7.8,6.3,9.8,77.6,74.0,20,0,0,1,1,0,0.2,3.0,42.16,Moderate
STU-4844,at_risk,3.0,5.2,2.8,51.5,31.8,20,3,1,0,0,0,0.1,3.9,71.07,High
STU-4845,struggling,1.0,5.7,4.6,63.2,45.6,39,2,1,1,1,1,0.3,2.1,80.33,Critical
STU-4846,struggling,3.8,6.3,4.1,64.8,56.8,75,8,0,0,0,0,0.0,4.1,52.86,Moderate
STU-4847,overworked,5.0,4.4,9.1,78.4,93.2,38,0,0,0,0,0,0.3,1.7,41.36,Moderate
STU-4848,at_risk,4.0,5.1,4.9,48.9,45.7,9,0,0,0,1,0,0.0,5.5,71.18,High
STU-4849,overworked,6.2,5.0,9.8,69.5,78.5,30,3,1,0,0,1,0.0,2.0,56.44,High
STU-4850,struggling,1.0,5.0,3.2,68.7,75.0,76,7,0,0,1,0,0.4,6.3,69.0,High
STU-4851,at_risk,3.0,2.6,0.0,53.6,33.2,35,2,1,0,0,1,0.4,5.2,84.66,Critical
STU-4852,overworked,3.8,4.7,8.1,69.5,69.5,68,3,1,1,0,0,0.2,4.3,65.58,High
STU-4853,struggling,5.6,4.4,3.7,56.8,75.0,90,3,1,0,0,0,0.3,3.9,54.73,Moderate
STU-4854,struggling,4.5,6.2,5.1,52.9,42.6,70,2,1,1,0,1,0.7,8.0,77.03,Critical
STU-4855,high_achiever,8.8,5.5,6.0,86.0,87.5,85,2,0,1,0,0,0.9,1.5,33.56,Moderate
STU-4856,high_achiever,7.3,6.6,5.4,96.8,91.6,5,4,0,0,0,0,1.1,1.5,34.48,Moderate
STU-4857,balanced,5.8,7.2,6.4,98.2,71.9,29,1,0,0,0,0,1.3,2.5,27.99,Low
STU-4858,struggling,3.1,4.2,2.7,51.2,69.7,54,2,0,0,1,1,0.3,4.7,69.36,High
STU-4859,struggling,4.1,4.2,2.4,80.8,45.2,7,5,0,0,1,0,0.0,4.7,73.52,High
STU-4860,balanced,6.4,7.6,5.2,84.0,82.4,47,0,0,0,0,0,0.5,1.3,25.81,Low
STU-4861,high_achiever,7.9,6.6,7.9,86.6,91.3,73,6,0,0,0,0,1.3,1.5,28.58,Low
STU-4862,balanced,8.4,6.5,6.3,96.0,80.1,16,1,0,0,0,0,1.1,3.2,24.41,Low
STU-4863,balanced,8.6,6.7,6.8,77.6,77.6,78,4,0,0,0,0,1.0,2.9,25.42,Low
STU-4864,struggling,2.3,4.6,4.3,61.7,42.2,74,5,0,1,1,0,0.6,6.7,74.36,High
STU-4865,overworked,4.2,4.8,8.7,83.3,88.4,41,1,1,0,1,1,0.3,3.5,61.23,High
STU-4866,overworked,6.2,4.4,10.2,60.4,57.1,90,1,1,1,0,0,0.5,1.7,59.54,High
STU-4867,balanced,9.0,7.1,6.6,75.9,64.3,54,3,0,0,1,0,1.2,0.9,23.64,Low
STU-4868,overworked,5.9,4.9,10.0,84.0,58.0,3,4,1,0,0,0,0.1,0.5,67.5,High
STU-4869,balanced,7.9,8.2,5.7,93.0,78.1,33,2,1,0,0,0,1.2,1.4,21.58,Low
STU-4870,overworked,7.3,4.9,11.6,68.5,94.3,5,3,0,0,0,0,0.3,1.6,54.97,Moderate
STU-4871,at_risk,2.7,3.4,1.2,20.9,28.3,17,8,0,1,1,1,0.3,4.4,98.95,Critical
STU-4872,balanced,6.1,6.9,4.6,79.8,68.6,72,3,1,0,0,0,1.6,2.1,37.0,Moderate
STU-4873,overworked,4.9,4.7,11.3,81.9,60.6,40,2,0,0,0,0,0.6,2.5,44.6,Moderate
STU-4874,at_risk,1.8,3.7,4.2,58.5,31.2,74,6,1,0,1,1,0.0,7.8,93.31,Critical
STU-4875,balanced,6.4,8.1,5.9,75.9,65.4,77,3,0,0,0,1,1.5,1.8,28.43,Low
STU-4876,balanced,7.6,7.1,5.6,71.4,66.8,20,3,0,0,0,0,1.5,2.1,24.49,Low
STU-4877,balanced,6.6,7.6,5.1,92.4,69.0,33,0,0,0,0,0,1.0,1.7,23.56,Low
STU-4878,balanced,7.2,7.0,5.0,84.1,74.4,90,6,0,0,0,1,0.9,1.9,35.21,Moderate
STU-4879,overworked,9.0,4.4,8.2,80.8,60.1,16,1,0,0,0,0,0.1,1.1,32.14,Moderate
STU-4880,struggling,2.9,3.0,3.1,33.6,57.9,5,2,1,0,1,1,0.1,4.2,100.0,Critical
STU-4881,struggling,4.6,3.7,4.2,80.6,39.9,57,3,0,1,0,0,0.5,3.1,59.98,High
STU-4882,balanced,6.5,6.4,6.9,87.8,69.6,1,3,1,0,0,0,1.3,1.4,43.63,Moderate
STU-4883,struggling,4.3,4.1,2.1,77.7,41.1,32,3,0,1,0,0,0.3,6.4,63.64,High
STU-4884,high_achiever,7.2,6.7,7.5,95.4,96.2,5,0,1,1,1,0,0.8,1.5,53.37,Moderate
STU-4885,overworked,6.5,5.2,9.2,71.8,66.5,15,3,1,1,0,1,0.5,1.4,57.94,High
STU-4886,overworked,5.5,3.5,7.9,71.4,85.7,60,2,1,0,0,1,0.2,2.2,57.3,High
STU-4887,struggling,2.8,2.8,4.5,46.1,62.9,88,7,1,1,0,0,0.4,4.7,83.62,Critical
STU-4888,balanced,10.0,7.4,4.2,93.9,76.5,76,8,1,0,0,0,2.0,1.5,27.52,Low
STU-4889,at_risk,2.5,6.0,1.6,70.0,43.3,62,6,1,0,0,0,0.3,9.6,71.72,High
STU-4890,overworked,7.0,4.7,9.7,78.8,75.7,59,1,1,1,1,0,0.6,1.7,54.7,Moderate
STU-4891,balanced,4.9,7.8,7.5,83.5,62.2,78,7,1,0,0,0,1.5,1.3,39.64,Moderate
STU-4892,struggling,5.0,5.2,5.1,63.8,54.1,35,5,0,1,0,1,0.5,4.7,62.44,High
STU-4893,balanced,7.7,6.1,5.4,71.0,70.6,10,7,1,0,0,0,1.0,1.2,46.54,Moderate
STU-4894,high_achiever,8.6,7.4,6.8,88.8,89.8,63,6,1,1,0,0,1.1,1.5,32.3,Moderate
STU-4895,high_achiever,8.4,6.9,7.0,95.1,88.6,44,7,0,1,0,0,0.7,1.3,31.56,Moderate
STU-4896,high_achiever,9.0,7.2,6.0,94.1,86.7,69,5,0,0,0,0,0.7,1.5,24.35,Low
STU-4897,balanced,8.1,8.9,5.6,80.1,79.5,39,3,0,1,0,0,1.1,1.4,21.36,Low
STU-4898,high_achiever,5.1,7.0,5.0,86.6,86.8,3,6,0,1,0,0,0.9,2.5,50.65,Moderate
STU-4899,balanced,9.4,8.1,6.6,93.5,78.2,6,7,0,0,0,0,0.5,2.1,25.81,Low
STU-4900,at_risk,2.0,3.4,0.6,62.2,35.4,23,0,1,0,1,1,0.2,6.2,86.67,Critical
STU-4901,struggling,2.7,3.1,3.3,50.4,68.7,28,5,1,0,1,1,0.0,8.3,91.27,Critical
STU-4902,overworked,5.6,4.5,10.5,76.0,73.0,66,6,0,0,0,0,0.7,2.7,49.72,Moderate
STU-4903,overworked,6.3,4.0,6.4,80.1,72.3,75,2,0,1,0,0,1.0,2.1,43.05,Moderate
STU-4904,struggling,5.2,5.1,4.8,52.2,40.3,4,0,0,1,0,1,0.2,1.5,80.2,Critical
STU-4905,overworked,4.5,5.3,9.1,67.8,83.1,79,4,1,0,0,1,0.4,2.9,60.85,High
STU-4906,overworked,6.2,3.6,11.4,86.8,69.8,13,7,0,0,0,0,0.5,3.0,59.57,High
STU-4907,overworked,3.1,4.6,9.7,77.7,83.2,2,4,1,0,0,0,0.1,1.5,73.58,High
STU-4908,struggling,4.6,2.7,4.6,50.8,42.7,19,6,1,1,1,0,0.8,6.6,87.78,Critical
STU-4909,balanced,5.9,8.6,5.3,84.0,82.3,33,8,1,0,0,1,0.4,1.4,43.22,Moderate
STU-4910,overworked,5.7,3.7,10.0,78.3,86.7,59,0,1,0,0,0,0.7,2.0,49.17,Moderate
STU-4911,balanced,8.2,7.2,3.9,98.8,67.1,37,3,1,0,1,0,2.2,2.1,29.26,Low
STU-4912,high_achiever,5.9,7.0,5.1,92.8,96.6,54,8,1,1,0,0,0.5,1.8,46.19,Moderate
STU-4913,struggling,5.7,4.6,3.5,76.5,59.5,86,0,0,0,0,0,0.1,7.5,46.01,Moderate
STU-4914,high_achiever,8.0,5.9,5.2,85.3,84.7,12,7,0,1,0,0,1.1,1.9,43.64,Moderate
STU-4915,overworked,5.9,4.6,11.1,71.9,54.0,33,6,0,0,0,0,0.7,3.3,50.94,Moderate
STU-4916,high_achiever,9.4,6.9,7.5,88.4,91.1,13,3,1,1,0,0,0.4,1.2,40.22,Moderate
STU-4917,balanced,5.9,7.7,5.9,88.4,72.8,10,4,0,0,0,0,1.6,1.8,28.77,Low
STU-4918,at_risk,1.9,1.5,3.7,63.8,60.0,21,7,1,0,1,1,0.0,4.9,88.07,Critical
STU-4919,overworked,6.9,5.7,11.8,68.8,77.2,30,7,1,0,1,0,0.2,3.3,59.73,High
STU-4920,overworked,3.2,4.9,6.6,66.4,59.0,60,4,0,1,0,0,0.2,2.0,55.97,High
STU-4921,balanced,7.3,7.0,5.9,72.0,75.6,17,5,0,0,0,0,1.8,1.7,26.34,Low
STU-4922,balanced,7.6,7.7,5.8,88.8,79.1,33,1,0,1,1,0,1.5,2.1,28.16,Low
STU-4923,struggling,2.2,4.1,5.8,59.9,55.7,3,6,1,0,0,0,0.0,5.1,94.12,Critical
STU-4924,balanced,4.5,7.2,3.5,76.2,83.0,4,5,1,0,0,0,1.3,1.5,50.42,Moderate
STU-4925,at_risk,2.1,3.7,0.2,64.9,24.2,54,7,1,0,1,1,0.0,8.2,97.24,Critical
STU-4926,struggling,4.1,5.3,2.4,63.6,59.8,33,2,0,0,1,1,0.8,4.0,57.07,High
STU-4927,overworked,6.3,5.2,9.3,93.9,53.2,40,4,1,1,0,0,0.0,0.9,58.42,High
STU-4928,overworked,6.3,3.6,9.3,77.7,47.9,42,5,1,0,1,0,0.5,1.3,62.29,High
STU-4929,balanced,6.1,7.2,7.1,89.8,79.1,51,8,0,0,0,0,1.2,0.9,31.18,Moderate
STU-4930,balanced,7.0,6.8,3.7,85.5,65.6,78,4,0,0,0,0,1.8,1.9,26.69,Low
STU-4931,at_risk,3.5,5.6,2.3,42.1,33.6,75,3,1,1,1,1,0.4,3.6,84.36,Critical
STU-4932,high_achiever,8.0,6.4,8.2,84.3,84.6,80,5,0,0,0,0,0.9,0.9,30.5,Moderate
STU-4933,at_risk,2.4,3.4,0.8,42.5,25.7,63,5,1,0,1,0,0.3,8.3,97.92,Critical
STU-4934,balanced,7.6,6.7,4.9,85.9,76.6,80,7,0,0,1,0,1.1,1.6,34.7,Moderate
STU-4935,high_achiever,7.5,7.4,7.2,89.2,80.3,45,2,1,0,0,0,0.9,1.7,29.44,Low
STU-4936,overworked,6.8,4.6,9.3,65.1,75.6,35,6,0,1,0,0,0.3,3.5,55.14,High
STU-4937,overworked,5.6,6.2,10.1,88.1,61.4,6,6,0,1,0,0,0.5,2.6,60.86,High
STU-4938,balanced,8.7,6.1,3.9,60.0,78.8,69,6,0,0,0,0,0.5,1.5,34.48,Moderate
STU-4939,balanced,7.4,6.5,3.6,81.1,81.8,63,7,0,0,0,0,1.5,2.9,29.32,Low
STU-4940,struggling,2.0,4.9,3.8,61.9,43.0,37,6,0,0,0,0,0.0,3.3,63.46,High
STU-4941,balanced,7.5,7.8,5.9,87.9,81.1,59,2,1,1,0,0,1.2,1.8,29.38,Low
STU-4942,at_risk,1.8,2.9,1.8,34.0,49.3,5,1,1,0,0,1,0.0,8.4,100.0,Critical
STU-4943,high_achiever,7.3,6.0,6.4,96.9,83.0,28,2,1,0,0,0,0.9,1.0,34.35,Moderate
STU-4944,high_achiever,8.0,6.3,6.8,96.1,86.6,17,5,0,1,0,0,0.5,1.4,33.97,Moderate
STU-4945,struggling,4.8,4.6,5.2,53.1,49.7,87,6,0,1,1,1,0.0,4.7,74.81,High
STU-4946,high_achiever,8.1,6.5,7.2,94.9,86.3,87,4,1,1,0,0,0.5,1.1,40.62,Moderate
STU-4947,balanced,6.9,6.8,7.4,82.8,78.1,19,7,0,0,0,0,0.4,2.2,37.6,Moderate
STU-4948,struggling,6.0,4.0,6.9,62.3,55.7,63,4,1,0,1,1,0.2,4.4,66.34,High
STU-4949,struggling,5.2,4.1,3.2,65.3,47.0,45,5,0,0,0,0,0.4,6.6,59.61,High
STU-4950,high_achiever,7.7,6.4,7.2,86.8,86.2,13,7,0,0,0,0,1.3,1.4,33.03,Moderate
STU-4951,high_achiever,7.6,7.0,5.7,86.9,75.4,13,8,1,0,0,0,1.0,1.8,43.54,Moderate
STU-4952,balanced,8.7,6.4,5.8,78.8,88.2,27,3,0,0,0,1,1.7,1.9,26.75,Low
STU-4953,overworked,1.0,3.6,6.7,63.5,88.8,34,0,0,1,0,0,0.0,1.4,60.26,High
STU-4954,high_achiever,9.9,6.5,8.2,91.9,73.1,84,5,1,1,0,0,1.6,1.6,35.06,Moderate
STU-4955,balanced,9.0,6.7,5.3,79.2,83.6,2,5,1,0,0,0,1.5,2.0,36.33,Moderate
STU-4956,balanced,6.8,6.2,6.9,69.4,87.8,20,0,1,0,1,0,1.7,1.2,36.78,Moderate
STU-4957,overworked,4.4,5.4,11.6,89.9,65.7,67,2,0,0,0,0,0.8,3.1,45.86,Moderate
STU-4958,overworked,5.5,6.5,11.1,90.2,95.9,26,3,0,1,0,0,0.6,2.5,47.51,Moderate
STU-4959,overworked,8.5,4.4,9.2,67.8,73.4,58,3,1,0,1,0,0.7,1.4,50.25,Moderate
STU-4960,high_achiever,7.4,6.1,8.4,87.9,76.6,74,2,1,1,0,0,1.3,1.3,42.69,Moderate
STU-4961,balanced,8.0,5.6,7.1,97.2,83.3,62,7,0,1,1,0,1.6,1.7,39.46,Moderate
STU-4962,high_achiever,8.0,7.1,8.1,88.8,81.8,89,8,1,1,0,0,0.4,1.7,43.38,Moderate
STU-4963,overworked,5.0,6.7,10.4,81.2,78.3,43,3,0,0,0,0,0.8,0.9,36.47,Moderate
STU-4964,at_risk,2.3,2.5,1.6,24.7,49.1,3,5,1,0,1,1,0.0,6.6,100.0,Critical
STU-4965,balanced,7.8,5.0,6.0,79.8,78.3,3,5,0,0,1,0,0.7,2.0,50.77,Moderate
STU-4966,balanced,7.4,6.4,4.7,86.6,79.6,29,1,0,0,0,0,1.3,1.8,24.29,Low
STU-4967,at_risk,2.4,3.1,3.1,52.7,53.5,10,4,1,0,0,1,0.3,6.8,97.9,Critical
STU-4968,struggling,2.6,4.4,4.0,43.0,57.2,85,5,1,0,1,0,0.0,3.5,75.11,Critical
STU-4969,struggling,4.0,2.9,4.8,64.1,75.0,2,0,0,0,0,0,0.4,5.7,71.05,High
STU-4970,struggling,2.2,5.2,1.9,69.7,72.5,10,2,1,1,0,0,0.6,5.7,75.18,Critical
STU-4971,at_risk,2.1,3.4,1.2,28.3,38.4,23,3,1,0,0,1,0.3,3.6,90.94,Critical
STU-4972,struggling,5.8,5.0,4.1,59.8,52.5,30,3,0,0,1,1,0.2,4.8,61.91,High
STU-4973,balanced,9.1,7.5,5.2,81.2,69.3,59,5,0,0,0,0,1.0,2.3,21.04,Low
STU-4974,balanced,6.6,6.5,4.6,91.0,76.1,1,8,0,0,1,0,1.1,1.8,48.75,Moderate
STU-4975,struggling,2.9,2.8,5.5,73.9,56.5,8,7,1,0,1,0,0.6,7.7,89.62,Critical
STU-4976,overworked,3.8,5.7,7.3,78.4,67.0,3,0,1,0,1,0,0.6,1.8,65.01,High
STU-4977,overworked,4.4,5.7,8.5,83.5,59.9,62,5,0,1,0,0,0.4,3.3,52.24,Moderate
STU-4978,overworked,7.3,5.0,8.7,79.7,76.2,12,4,0,0,1,0,0.0,2.6,49.04,Moderate
STU-4979,overworked,3.7,5.5,11.5,80.2,56.4,50,6,1,0,0,0,0.2,1.9,60.13,High
STU-4980,struggling,3.9,5.1,5.0,66.1,62.8,43,1,0,1,1,0,0.2,9.7,68.84,High
STU-4981,struggling,5.0,6.6,3.6,54.3,67.7,28,8,1,0,1,1,0.7,5.0,69.82,High
STU-4982,overworked,5.4,5.9,11.8,79.0,74.6,51,2,0,0,0,0,0.7,1.9,39.34,Moderate
STU-4983,balanced,8.5,7.2,4.9,82.8,79.1,25,4,0,0,0,0,0.6,2.2,24.54,Low
STU-4984,balanced,8.9,6.8,7.2,81.6,76.1,57,4,0,0,0,0,1.3,3.1,22.11,Low
STU-4985,at_risk,3.0,3.5,2.0,56.7,51.3,53,8,1,0,1,0,0.2,8.7,85.95,Critical
STU-4986,high_achiever,7.8,5.8,9.4,90.1,83.2,40,7,0,0,0,0,1.2,2.0,33.29,Moderate
STU-4987,overworked,7.3,4.7,11.6,72.6,77.4,55,7,1,0,1,0,0.4,1.3,55.05,High
STU-4988,struggling,2.9,5.7,0.6,66.0,55.0,30,7,0,1,1,0,0.0,3.6,64.42,High
STU-4989,struggling,4.1,6.3,5.1,57.7,42.0,20,4,0,1,1,1,0.0,4.2,70.13,High
STU-4990,struggling,3.9,4.5,2.8,56.5,43.7,85,8,0,1,0,1,0.1,7.0,81.7,Critical
STU-4991,at_risk,3.0,4.5,3.4,69.4,45.1,69,0,0,0,1,0,0.1,5.0,59.08,High
STU-4992,overworked,6.8,4.9,7.5,57.1,91.5,44,1,1,1,0,0,0.1,1.7,54.95,Moderate
STU-4993,high_achiever,6.8,6.9,9.2,100.0,82.3,55,2,0,1,0,0,1.0,1.2,35.14,Moderate
STU-4994,high_achiever,8.8,5.5,7.8,90.0,93.2,20,7,0,0,0,0,1.5,1.2,29.11,Low
STU-4995,at_risk,3.4,4.5,0.0,61.3,57.8,61,2,0,0,1,1,0.2,8.1,74.47,High
STU-4996,at_risk,2.7,4.3,2.0,47.2,30.1,58,8,1,0,1,1,0.1,10.0,100.0,Critical
STU-4997,at_risk,3.1,3.8,4.2,70.0,26.9,39,2,1,0,1,1,0.0,5.2,81.92,Critical
STU-4998,overworked,4.9,5.3,8.2,70.9,62.1,0,5,1,1,0,0,0.5,2.1,73.35,High
STU-4999,at_risk,1.7,1.9,4.4,43.7,60.0,26,0,0,0,1,1,0.3,9.9,92.46,Critical
STU-5000,balanced,7.4,6.5,4.3,91.0,77.1,81,6,0,1,0,0,1.4,2.3,35.0,Moderate
